scenario_id,scenario_type,lower_rest_days,upper_rest_days,event,band,measurement_mode,redshift_adopted,publication_reference_mjd,reference_epoch_type,eligible_N,retained_N,excluded_N,retained_fraction,retained_pre_reference_N,retained_at_reference_N,retained_post_reference_N,retained_mjd_min,retained_mjd_max,retained_first_minus_reference_rest_days,retained_last_minus_reference_rest_days,retained_span_rest_days,retained_median_positive_cadence_rest_days,retained_p90_positive_cadence_rest_days,retained_max_gap_rest_days,temporal_window_scenario_applied,final_fitting_window_selected,model_time_defined,reference_epoch_limitation
ALL_ELIGIBLE,full_available_eligible_layer,,,AT2018hyz,g,MAGNITUDE,0.04573,58429.0,bolometric_peak,79,79,0,1.0,2,0,77,58405.480409999844,58652.978515625,-22.491073221726747,214.1838864955581,236.67495971728488,1.994719000124315,6.087068064892466,14.349851300163051,False,False,False,The reference epochs used in this audit are heterogeneous literature-derived descriptive anchors. Equal numerical window bounds relative to these anchors do not imply that the anchors represent the same physical phase across events.
ALL_ELIGIBLE,full_available_eligible_layer,,,AT2019qiz,g,MAGNITUDE,0.01513,58764.0,bolometric_peak,55,55,0,1.0,11,0,44,58746.5,58907.47,-17.239171337661183,141.33165210367258,158.57082344133377,2.8025967117523507,6.126308945653228,8.274802242078803,False,False,False,The reference epochs used in this audit are heterogeneous literature-derived descriptive anchors. Equal numerical window bounds relative to these anchors do not imply that the anchors represent the same physical phase across events.
ALL_ELIGIBLE,full_available_eligible_layer,,,AT2019qiz,i,MAGNITUDE,0.01513,58764.0,bolometric_peak,29,29,0,1.0,3,0,26,58752.27,58903.11,-11.555170273761194,137.03663570183184,148.59180597559305,4.04381704806238,8.552599174489938,15.150768867039078,False,False,False,The reference epochs used in this audit are heterogeneous literature-derived descriptive anchors. Equal numerical window bounds relative to these anchors do not imply that the anchors represent the same physical phase across events.
ALL_ELIGIBLE,full_available_eligible_layer,,,AT2019qiz,r,MAGNITUDE,0.01513,58764.0,bolometric_peak,61,61,0,1.0,9,0,52,58745.49,58907.48,-18.234117797722494,141.3415030587247,159.5756208564472,2.699161683726814,5.1816023563511715,9.870656960189136,False,False,False,The reference epochs used in this audit are heterogeneous literature-derived descriptive anchors. Equal numerical window bounds relative to these anchors do not imply that the anchors represent the same physical phase across events.
ALL_ELIGIBLE,full_available_eligible_layer,,,AT2020wey,W1,FLUX,0.02738,59152.0,r_band_peak,20,20,0,1.0,13,0,7,56954.72054806,60396.10768027,-2138.721263738829,1210.9518194533641,3349.6730831921927,162.96257938153008,204.08580757850655,204.16865910860992,False,False,False,The reference epochs used in this audit are heterogeneous literature-derived descriptive anchors. Equal numerical window bounds relative to these anchors do not imply that the anchors represent the same physical phase across events.
ALL_ELIGIBLE,full_available_eligible_layer,,,AT2020wey,W2,FLUX,0.02738,59152.0,r_band_peak,20,20,0,1.0,13,0,7,56954.72054806,60396.10768027,-2138.721263738829,1210.9518194533641,3349.6730831921927,162.96257938153008,204.08580757850655,204.16865910860992,False,False,False,The reference epochs used in this audit are heterogeneous literature-derived descriptive anchors. Equal numerical window bounds relative to these anchors do not imply that the anchors represent the same physical phase across events.
ALL_ELIGIBLE,full_available_eligible_layer,,,AT2020wey,g,FLUX,0.02738,59152.0,r_band_peak,683,683,0,1.0,255,0,428,58422.47346059978,60706.41350689996,-710.0844277679339,1512.9878982459854,2223.0723260139193,0.9723076174317156,5.7717552512823795,153.05705250238378,False,False,False,The reference epochs used in this audit are heterogeneous literature-derived descriptive anchors. Equal numerical window bounds relative to these anchors do not imply that the anchors represent the same physical phase across events.
ALL_ELIGIBLE,full_available_eligible_layer,,,AT2020wey,r,FLUX,0.02738,59152.0,r_band_peak,801,801,0,1.0,327,0,474,58422.52891199989,60706.277326399926,-710.030454165068,1512.8553469990911,2222.885801164159,0.9545868131894657,4.894599330306996,153.09510784730483,False,False,False,The reference epochs used in this audit are heterogeneous literature-derived descriptive anchors. Equal numerical window bounds relative to these anchors do not imply that the anchors represent the same physical phase across events.
ALL_ELIGIBLE,full_available_eligible_layer,,,AT2020ysg,W1,FLUX,0.277,59122.64,fitted_lightcurve_peak,21,21,0,1.0,13,0,8,56806.16809949,60438.61998174,-1813.9952235786982,1030.5246528895834,2844.5198764682814,140.48557660140955,163.33082226546628,163.47969166013786,False,False,False,The reference epochs used in this audit are heterogeneous literature-derived descriptive anchors. Equal numerical window bounds relative to these anchors do not imply that the anchors represent the same physical phase across events.
ALL_ELIGIBLE,full_available_eligible_layer,,,AT2020ysg,W2,FLUX,0.277,59122.64,fitted_lightcurve_peak,21,21,0,1.0,13,0,8,56806.16809949,60438.61998174,-1813.9952235786982,1030.5246528895834,2844.5198764682814,140.48557660140955,163.33082226546628,163.47969166013786,False,False,False,The reference epochs used in this audit are heterogeneous literature-derived descriptive anchors. Equal numerical window bounds relative to these anchors do not imply that the anchors represent the same physical phase across events.
ALL_ELIGIBLE,full_available_eligible_layer,,,AT2020ysg,g,FLUX,0.277,59122.64,fitted_lightcurve_peak,421,421,0,1.0,171,0,250,58423.496099499986,60684.445439800154,-547.4893504307078,1223.0269693031753,1770.516319733883,1.5421388802077027,7.062523539696609,123.1712872357915,False,False,False,The reference epochs used in this audit are heterogeneous literature-derived descriptive anchors. Equal numerical window bounds relative to these anchors do not imply that the anchors represent the same physical phase across events.
ALL_ELIGIBLE,full_available_eligible_layer,,,AT2020ysg,i,FLUX,0.277,59122.64,fitted_lightcurve_peak,79,79,0,1.0,16,0,63,58582.30288190022,60067.391342599876,-423.13008465135334,739.820941738353,1162.9510263897064,3.9304902896681795,37.54897003908792,183.37849663284635,False,False,False,The reference epochs used in this audit are heterogeneous literature-derived descriptive anchors. Equal numerical window bounds relative to these anchors do not imply that the anchors represent the same physical phase across events.
ALL_ELIGIBLE,full_available_eligible_layer,,,AT2020ysg,r,FLUX,0.277,59122.64,fitted_lightcurve_peak,531,531,0,1.0,210,0,321,58426.54271990014,60398.36825230019,-545.1035866091283,999.0041129993674,1544.1076996084957,0.7910386062268759,5.466314651598584,70.73288269380373,False,False,False,The reference epochs used in this audit are heterogeneous literature-derived descriptive anchors. Equal numerical window bounds relative to these anchors do not imply that the anchors represent the same physical phase across events.
ALL_ELIGIBLE,full_available_eligible_layer,,,AT2020yue,W1,FLUX,0.204,59179.44,fitted_rest_frame_g_band_peak,21,21,0,1.0,13,0,8,56803.40296148,60435.98879698,-1973.4526898006648,1043.645180215942,3017.097870016607,149.04736022632835,173.31607679069904,173.55765858388455,False,False,False,The reference epochs used in this audit are heterogeneous literature-derived descriptive anchors. Equal numerical window bounds relative to these anchors do not imply that the anchors represent the same physical phase across events.
ALL_ELIGIBLE,full_available_eligible_layer,,,AT2020yue,W2,FLUX,0.204,59179.44,fitted_rest_frame_g_band_peak,21,21,0,1.0,13,0,8,56803.40296148,60435.98879698,-1973.4526898006648,1043.645180215942,3017.097870016607,149.04736022632835,173.31607679069904,173.55765858388455,False,False,False,The reference epochs used in this audit are heterogeneous literature-derived descriptive anchors. Equal numerical window bounds relative to these anchors do not imply that the anchors represent the same physical phase across events.
ALL_ELIGIBLE,full_available_eligible_layer,,,AT2020yue,g,FLUX,0.204,59179.44,fitted_rest_frame_g_band_peak,218,218,0,1.0,80,0,138,58472.522962999996,60699.377465299796,-587.1403961794074,1262.406532641025,1849.5469288204324,2.5166497508565158,15.952052176230758,140.56066968408646,False,False,False,The reference epochs used in this audit are heterogeneous literature-derived descriptive anchors. Equal numerical window bounds relative to these anchors do not imply that the anchors represent the same physical phase across events.
ALL_ELIGIBLE,full_available_eligible_layer,,,AT2020yue,r,FLUX,0.204,59179.44,fitted_rest_frame_g_band_peak,282,282,0,1.0,117,0,165,58472.54479169985,60257.51686340012,-587.1222660300245,895.4126772426198,1482.5349432726443,1.6736745849047538,8.289661461509072,108.70982715945097,False,False,False,The reference epochs used in this audit are heterogeneous literature-derived descriptive anchors. Equal numerical window bounds relative to these anchors do not imply that the anchors represent the same physical phase across events.
ALL_ELIGIBLE,full_available_eligible_layer,,,AT2020zso,B,FLUX,0.0563,59184.0,bolometric_peak,18,18,0,1.0,5,0,13,59173.046423,60411.74556,-10.369759538010246,1162.3076398750384,1172.6773994130485,4.1516680867123945,48.06802007005372,999.6029366657249,False,False,False,The reference epochs used in this audit are heterogeneous literature-derived descriptive anchors. Equal numerical window bounds relative to these anchors do not imply that the anchors represent the same physical phase across events.
ALL_ELIGIBLE,full_available_eligible_layer,,,AT2020zso,U,FLUX,0.0563,59184.0,bolometric_peak,18,18,0,1.0,5,0,13,59173.045444,60411.744572,-10.37068635803934,1162.3067045346997,1172.677390892739,4.151592350661364,48.06767414560043,999.6028694499697,False,False,False,The reference epochs used in this audit are heterogeneous literature-derived descriptive anchors. Equal numerical window bounds relative to these anchors do not imply that the anchors represent the same physical phase across events.
ALL_ELIGIBLE,full_available_eligible_layer,,,AT2020zso,UVM2,FLUX,0.0563,59184.0,bolometric_peak,17,17,0,1.0,5,0,12,59173.053128,60411.751853,-10.363411909495824,1162.3135974628435,1172.6770093723394,5.0815114077455,56.732607213858394,999.6000833096691,False,False,False,The reference epochs used in this audit are heterogeneous literature-derived descriptive anchors. Equal numerical window bounds relative to these anchors do not imply that the anchors represent the same physical phase across events.
ALL_ELIGIBLE,full_available_eligible_layer,,,AT2020zso,UVW1,FLUX,0.0563,59184.0,bolometric_peak,18,18,0,1.0,5,0,13,59173.044009,60411.742973,-10.372044873617856,1162.305190760201,1172.6772356338188,4.151438038435434,48.067112184037725,999.603040802801,False,False,False,The reference epochs used in this audit are heterogeneous literature-derived descriptive anchors. Equal numerical window bounds relative to these anchors do not imply that the anchors represent the same physical phase across events.
ALL_ELIGIBLE,full_available_eligible_layer,,,AT2020zso,UVW2,FLUX,0.0563,59184.0,bolometric_peak,18,18,0,1.0,5,0,13,59173.048803,60411.747556,-10.367506390232073,1162.3095294897303,1172.6770358799624,4.151882987792924,48.06878992710767,999.6023118432264,False,False,False,The reference epochs used in this audit are heterogeneous literature-derived descriptive anchors. Equal numerical window bounds relative to these anchors do not imply that the anchors represent the same physical phase across events.
ALL_ELIGIBLE,full_available_eligible_layer,,,AT2020zso,W1,FLUX,0.0563,59184.0,bolometric_peak,21,21,0,1.0,14,0,7,56806.59137009,60454.79827351,-2250.694527984476,1203.0656759538022,3453.7602039382778,171.3130401401149,190.56677829072655,192.90699478368307,False,False,False,The reference epochs used in this audit are heterogeneous literature-derived descriptive anchors. Equal numerical window bounds relative to these anchors do not imply that the anchors represent the same physical phase across events.
ALL_ELIGIBLE,full_available_eligible_layer,,,AT2020zso,W2,FLUX,0.0563,59184.0,bolometric_peak,21,21,0,1.0,14,0,7,56806.59137009,60454.79827351,-2250.694527984476,1203.0656759538022,3453.7602039382778,171.3130401401149,190.56677829072655,192.90699478368307,False,False,False,The reference epochs used in this audit are heterogeneous literature-derived descriptive anchors. Equal numerical window bounds relative to these anchors do not imply that the anchors represent the same physical phase across events.
ALL_ELIGIBLE,full_available_eligible_layer,,,AT2020zso,g,FLUX,0.0563,59184.0,bolometric_peak,269,269,0,1.0,89,0,180,58469.10606480017,60664.11395830009,-676.7906231182684,1401.2249912904394,2078.015614408708,2.7990785286233955,10.377011445491044,187.71938473891888,False,False,False,The reference epochs used in this audit are heterogeneous literature-derived descriptive anchors. Equal numerical window bounds relative to these anchors do not imply that the anchors represent the same physical phase across events.
ALL_ELIGIBLE,full_available_eligible_layer,,,AT2020zso,i,FLUX,0.0563,59184.0,bolometric_peak,64,64,0,1.0,9,0,55,58716.328645799775,60577.339560199995,-442.7448207897617,1319.0756037110618,1761.8204245008235,4.732199848628564,16.844394433480613,596.5525629081753,False,False,False,The reference epochs used in this audit are heterogeneous literature-derived descriptive anchors. Equal numerical window bounds relative to these anchors do not imply that the anchors represent the same physical phase across events.
ALL_ELIGIBLE,full_available_eligible_layer,,,AT2020zso,r,FLUX,0.0563,59184.0,bolometric_peak,324,324,0,1.0,107,0,217,58469.06981479982,60666.13548609987,-676.8249410207146,1403.1387731703767,2079.963714191091,1.9491515667675448,8.678944826212152,171.68688705857744,False,False,False,The reference epochs used in this audit are heterogeneous literature-derived descriptive anchors. Equal numerical window bounds relative to these anchors do not imply that the anchors represent the same physical phase across events.
POST_REFERENCE_ALL,post_reference_unbounded,0,,AT2018hyz,g,MAGNITUDE,0.04573,58429.0,bolometric_peak,79,77,2,0.9746835443037974,0,0,77,58432.352736666646,58652.978515625,3.2061207641033502,214.1838864955581,210.97776573145478,1.929348995438593,5.72454469604965,11.535004255400533,True,False,False,The reference epochs used in this audit are heterogeneous literature-derived descriptive anchors. Equal numerical window bounds relative to these anchors do not imply that the anchors represent the same physical phase across events.
POST_REFERENCE_ALL,post_reference_unbounded,0,,AT2019qiz,g,MAGNITUDE,0.01513,58764.0,bolometric_peak,55,44,11,0.8,0,0,44,58766.31,58907.47,2.2755706165689826,141.33165210367258,139.0560814871036,3.053796065527119,6.235654546710023,8.274802242078803,True,False,False,The reference epochs used in this audit are heterogeneous literature-derived descriptive anchors. Equal numerical window bounds relative to these anchors do not imply that the anchors represent the same physical phase across events.
POST_REFERENCE_ALL,post_reference_unbounded,0,,AT2019qiz,i,MAGNITUDE,0.01513,58764.0,bolometric_peak,29,26,3,0.896551724137931,0,0,26,58766.32,58903.11,2.285421571621082,137.03663570183184,134.75121413021077,4.088146345789657,8.830396106901073,15.150768867039078,True,False,False,The reference epochs used in this audit are heterogeneous literature-derived descriptive anchors. Equal numerical window bounds relative to these anchors do not imply that the anchors represent the same physical phase across events.
POST_REFERENCE_ALL,post_reference_unbounded,0,,AT2019qiz,r,MAGNITUDE,0.01513,58764.0,bolometric_peak,61,52,9,0.8524590163934426,0,0,52,58766.31,58907.48,2.2755706165689826,141.3415030587247,139.0659324421557,2.6203540433279406,5.152049491201325,9.870656960189136,True,False,False,The reference epochs used in this audit are heterogeneous literature-derived descriptive anchors. Equal numerical window bounds relative to these anchors do not imply that the anchors represent the same physical phase across events.
POST_REFERENCE_ALL,post_reference_unbounded,0,,AT2020wey,W1,FLUX,0.02738,59152.0,r_band_peak,20,7,13,0.35,0,0,7,59300.63709439,60396.10768027,144.67586909419737,1210.9518194533641,1066.2759503591667,177.2152252525863,204.13470824086755,204.16865910860992,True,False,False,The reference epochs used in this audit are heterogeneous literature-derived descriptive anchors. Equal numerical window bounds relative to these anchors do not imply that the anchors represent the same physical phase across events.
POST_REFERENCE_ALL,post_reference_unbounded,0,,AT2020wey,W2,FLUX,0.02738,59152.0,r_band_peak,20,7,13,0.35,0,0,7,59300.63709439,60396.10768027,144.67586909419737,1210.9518194533641,1066.2759503591667,177.2152252525863,204.13470824086755,204.16865910860992,True,False,False,The reference epochs used in this audit are heterogeneous literature-derived descriptive anchors. Equal numerical window bounds relative to these anchors do not imply that the anchors represent the same physical phase across events.
POST_REFERENCE_ALL,post_reference_unbounded,0,,AT2020wey,g,FLUX,0.02738,59152.0,r_band_peak,683,428,255,0.6266471449487555,0,0,428,59153.515729200095,60706.41350689996,1.4753345403793516,1512.9878982459854,1511.512563705606,0.9704319725828786,5.627288325623759,153.05705250238378,True,False,False,The reference epochs used in this audit are heterogeneous literature-derived descriptive anchors. Equal numerical window bounds relative to these anchors do not imply that the anchors represent the same physical phase across events.
POST_REFERENCE_ALL,post_reference_unbounded,0,,AT2020wey,r,FLUX,0.02738,59152.0,r_band_peak,801,474,327,0.5917602996254682,0,0,474,59153.49020829983,60706.277326399926,1.4504937801305806,1512.8553469990911,1511.4048532189604,0.9600449687484551,4.956154684777307,153.09510784730483,True,False,False,The reference epochs used in this audit are heterogeneous literature-derived descriptive anchors. Equal numerical window bounds relative to these anchors do not imply that the anchors represent the same physical phase across events.
POST_REFERENCE_ALL,post_reference_unbounded,0,,AT2020ysg,W1,FLUX,0.277,59122.64,fitted_lightcurve_peak,21,8,13,0.38095238095238093,0,0,8,59185.03460178,60438.61998174,48.86029896632511,1030.5246528895834,981.6643539232582,124.15771842208417,163.23976229757358,163.47969166013786,True,False,False,The reference epochs used in this audit are heterogeneous literature-derived descriptive anchors. Equal numerical window bounds relative to these anchors do not imply that the anchors represent the same physical phase across events.
POST_REFERENCE_ALL,post_reference_unbounded,0,,AT2020ysg,W2,FLUX,0.277,59122.64,fitted_lightcurve_peak,21,8,13,0.38095238095238093,0,0,8,59185.03460178,60438.61998174,48.86029896632511,1030.5246528895834,981.6643539232582,124.15771842208417,163.23976229757358,163.47969166013786,True,False,False,The reference epochs used in this audit are heterogeneous literature-derived descriptive anchors. Equal numerical window bounds relative to these anchors do not imply that the anchors represent the same physical phase across events.
POST_REFERENCE_ALL,post_reference_unbounded,0,,AT2020ysg,g,FLUX,0.277,59122.64,fitted_lightcurve_peak,421,250,171,0.5938242280285035,0,0,250,59150.516018500086,60684.445439800154,21.82930187947259,1223.0269693031753,1201.1976674237028,1.5646299137970898,8.034450305259698,123.1712872357915,True,False,False,The reference epochs used in this audit are heterogeneous literature-derived descriptive anchors. Equal numerical window bounds relative to these anchors do not imply that the anchors represent the same physical phase across events.
POST_REFERENCE_ALL,post_reference_unbounded,0,,AT2020ysg,i,FLUX,0.277,59122.64,fitted_lightcurve_peak,79,63,16,0.7974683544303798,0,0,63,59189.53078699997,60067.391342599876,52.38119577131364,739.820941738353,687.4397459670392,4.702450234965131,18.61368967887501,113.77597595955199,True,False,False,The reference epochs used in this audit are heterogeneous literature-derived descriptive anchors. Equal numerical window bounds relative to these anchors do not imply that the anchors represent the same physical phase across events.
POST_REFERENCE_ALL,post_reference_unbounded,0,,AT2020ysg,r,FLUX,0.277,59122.64,fitted_lightcurve_peak,531,321,210,0.6045197740112994,0,0,321,59137.53096059989,60398.36825230019,11.660893187073157,999.0041129993674,987.3432198122943,0.8274058340235482,5.441570375661659,67.25283868438743,True,False,False,The reference epochs used in this audit are heterogeneous literature-derived descriptive anchors. Equal numerical window bounds relative to these anchors do not imply that the anchors represent the same physical phase across events.
POST_REFERENCE_ALL,post_reference_unbounded,0,,AT2020yue,W1,FLUX,0.204,59179.44,fitted_rest_frame_g_band_peak,21,8,13,0.38095238095238093,0,0,8,59182.387754945,60435.98879698,2.44830144933124,1043.645180215942,1041.1968787666108,131.5281853239142,173.4349167882071,173.55765858388455,True,False,False,The reference epochs used in this audit are heterogeneous literature-derived descriptive anchors. Equal numerical window bounds relative to these anchors do not imply that the anchors represent the same physical phase across events.
POST_REFERENCE_ALL,post_reference_unbounded,0,,AT2020yue,W2,FLUX,0.204,59179.44,fitted_rest_frame_g_band_peak,21,8,13,0.38095238095238093,0,0,8,59182.387754945,60435.98879698,2.44830144933124,1043.645180215942,1041.1968787666108,131.5281853239142,173.4349167882071,173.55765858388455,True,False,False,The reference epochs used in this audit are heterogeneous literature-derived descriptive anchors. Equal numerical window bounds relative to these anchors do not imply that the anchors represent the same physical phase across events.
POST_REFERENCE_ALL,post_reference_unbounded,0,,AT2020yue,g,FLUX,0.204,59179.44,fitted_rest_frame_g_band_peak,218,138,80,0.6330275229357798,0,0,138,59182.56280090008,60699.377465299796,2.59368845521344,1262.406532641025,1259.8128441858114,2.4566452658620737,18.061323372254225,140.56066968408646,True,False,False,The reference epochs used in this audit are heterogeneous literature-derived descriptive anchors. Equal numerical window bounds relative to these anchors do not imply that the anchors represent the same physical phase across events.
POST_REFERENCE_ALL,post_reference_unbounded,0,,AT2020yue,r,FLUX,0.204,59179.44,fitted_rest_frame_g_band_peak,282,165,117,0.5851063829787234,0,0,165,59185.52653940022,60257.51686340012,5.055265282572749,895.4126772426198,890.3574119600471,1.6520549003669118,8.046752956627797,108.70982715945097,True,False,False,The reference epochs used in this audit are heterogeneous literature-derived descriptive anchors. Equal numerical window bounds relative to these anchors do not imply that the anchors represent the same physical phase across events.
POST_REFERENCE_ALL,post_reference_unbounded,0,,AT2020zso,B,FLUX,0.0563,59184.0,bolometric_peak,18,13,5,0.7222222222222222,0,0,13,59184.270007,60411.74556,0.25561582883571743,1162.3076398750384,1162.0520240462026,5.970847297171948,91.38189349616538,999.6029366657249,True,False,False,The reference epochs used in this audit are heterogeneous literature-derived descriptive anchors. Equal numerical window bounds relative to these anchors do not imply that the anchors represent the same physical phase across events.
POST_REFERENCE_ALL,post_reference_unbounded,0,,AT2020zso,U,FLUX,0.0563,59184.0,bolometric_peak,18,13,5,0.7222222222222222,0,0,13,59184.269258,60411.744572,0.25490674997658197,1162.3067045346997,1162.051797784723,5.970804695634204,91.38174353876434,999.6028694499697,True,False,False,The reference epochs used in this audit are heterogeneous literature-derived descriptive anchors. Equal numerical window bounds relative to these anchors do not imply that the anchors represent the same physical phase across events.
POST_REFERENCE_ALL,post_reference_unbounded,0,,AT2020zso,UVM2,FLUX,0.0563,59184.0,bolometric_peak,17,12,5,0.7058823529411765,0,0,12,59184.278785,60411.751853,0.2639259680036396,1162.3135974628435,1162.04967149484,6.7523156300335545,100.04291394490032,999.6000833096691,True,False,False,The reference epochs used in this audit are heterogeneous literature-derived descriptive anchors. Equal numerical window bounds relative to these anchors do not imply that the anchors represent the same physical phase across events.
POST_REFERENCE_ALL,post_reference_unbounded,0,,AT2020zso,UVW1,FLUX,0.0563,59184.0,bolometric_peak,18,13,5,0.7222222222222222,0,0,13,59184.268139,60411.742973,0.2538473918392425,1162.305190760201,1162.0513433683618,5.970584587711574,91.3818258070617,999.603040802801,True,False,False,The reference epochs used in this audit are heterogeneous literature-derived descriptive anchors. Equal numerical window bounds relative to these anchors do not imply that the anchors represent the same physical phase across events.
POST_REFERENCE_ALL,post_reference_unbounded,0,,AT2020zso,UVW2,FLUX,0.0563,59184.0,bolometric_peak,18,13,5,0.7222222222222222,0,0,13,59184.272864,60411.747556,0.25832055287197064,1162.3095294897303,1162.0512089368583,5.970615355485965,91.38194528070004,999.6023118432264,True,False,False,The reference epochs used in this audit are heterogeneous literature-derived descriptive anchors. Equal numerical window bounds relative to these anchors do not imply that the anchors represent the same physical phase across events.
POST_REFERENCE_ALL,post_reference_unbounded,0,,AT2020zso,W1,FLUX,0.0563,59184.0,bolometric_peak,21,7,14,0.3333333333333333,0,0,7,59359.3580796,60454.79827351,166.0116251065061,1203.0656759538022,1037.0540508472961,172.4054565416999,191.60027001089077,192.90699478368307,True,False,False,The reference epochs used in this audit are heterogeneous literature-derived descriptive anchors. Equal numerical window bounds relative to these anchors do not imply that the anchors represent the same physical phase across events.
POST_REFERENCE_ALL,post_reference_unbounded,0,,AT2020zso,W2,FLUX,0.0563,59184.0,bolometric_peak,21,7,14,0.3333333333333333,0,0,7,59359.3580796,60454.79827351,166.0116251065061,1203.0656759538022,1037.0540508472961,172.4054565416999,191.60027001089077,192.90699478368307,True,False,False,The reference epochs used in this audit are heterogeneous literature-derived descriptive anchors. Equal numerical window bounds relative to these anchors do not imply that the anchors represent the same physical phase across events.
POST_REFERENCE_ALL,post_reference_unbounded,0,,AT2020zso,g,FLUX,0.0563,59184.0,bolometric_peak,269,180,89,0.6691449814126395,0,0,180,59184.148958299775,60664.11395830009,0.14101893380164401,1401.2249912904394,1401.083972356638,2.741049228370624,9.6761209312391,182.02252532434397,True,False,False,The reference epochs used in this audit are heterogeneous literature-derived descriptive anchors. Equal numerical window bounds relative to these anchors do not imply that the anchors represent the same physical phase across events.
POST_REFERENCE_ALL,post_reference_unbounded,0,,AT2020zso,i,FLUX,0.0563,59184.0,bolometric_peak,64,55,9,0.859375,0,0,55,59399.43984950008,60577.339560199995,203.95706664780715,1319.0756037110618,1115.1185370632547,4.6776824293200185,16.75060201656879,403.08552125313145,True,False,False,The reference epochs used in this audit are heterogeneous literature-derived descriptive anchors. Equal numerical window bounds relative to these anchors do not imply that the anchors represent the same physical phase across events.
POST_REFERENCE_ALL,post_reference_unbounded,0,,AT2020zso,r,FLUX,0.0563,59184.0,bolometric_peak,324,217,107,0.6697530864197531,0,0,217,59187.16989579983,60666.13548609987,3.0009427244443394,1403.1387731703767,1400.1378304459324,1.9524442866934097,9.488237053951178,171.68688705857744,True,False,False,The reference epochs used in this audit are heterogeneous literature-derived descriptive anchors. Equal numerical window bounds relative to these anchors do not imply that the anchors represent the same physical phase across events.
REF_0_180,bounded_reference_anchored_sensitivity_grid,0,180.0,AT2018hyz,g,MAGNITUDE,0.04573,58429.0,bolometric_peak,79,60,19,0.759493670886076,0,0,60,58432.352736666646,58606.2734375,3.2061207641033502,169.5212315798533,166.31511081574996,2.2468604467692423,5.780202585753493,11.535004255400533,True,False,False,The reference epochs used in this audit are heterogeneous literature-derived descriptive anchors. Equal numerical window bounds relative to these anchors do not imply that the anchors represent the same physical phase across events.
REF_0_180,bounded_reference_anchored_sensitivity_grid,0,180.0,AT2019qiz,g,MAGNITUDE,0.01513,58764.0,bolometric_peak,55,44,11,0.8,0,0,44,58766.31,58907.47,2.2755706165689826,141.33165210367258,139.0560814871036,3.053796065527119,6.235654546710023,8.274802242078803,True,False,False,The reference epochs used in this audit are heterogeneous literature-derived descriptive anchors. Equal numerical window bounds relative to these anchors do not imply that the anchors represent the same physical phase across events.
REF_0_180,bounded_reference_anchored_sensitivity_grid,0,180.0,AT2019qiz,i,MAGNITUDE,0.01513,58764.0,bolometric_peak,29,26,3,0.896551724137931,0,0,26,58766.32,58903.11,2.285421571621082,137.03663570183184,134.75121413021077,4.088146345789657,8.830396106901073,15.150768867039078,True,False,False,The reference epochs used in this audit are heterogeneous literature-derived descriptive anchors. Equal numerical window bounds relative to these anchors do not imply that the anchors represent the same physical phase across events.
REF_0_180,bounded_reference_anchored_sensitivity_grid,0,180.0,AT2019qiz,r,MAGNITUDE,0.01513,58764.0,bolometric_peak,61,52,9,0.8524590163934426,0,0,52,58766.31,58907.48,2.2755706165689826,141.3415030587247,139.0659324421557,2.6203540433279406,5.152049491201325,9.870656960189136,True,False,False,The reference epochs used in this audit are heterogeneous literature-derived descriptive anchors. Equal numerical window bounds relative to these anchors do not imply that the anchors represent the same physical phase across events.
REF_0_180,bounded_reference_anchored_sensitivity_grid,0,180.0,AT2020wey,W1,FLUX,0.02738,59152.0,r_band_peak,20,1,19,0.05,0,0,1,59300.63709439,59300.63709439,144.67586909419737,144.67586909419737,0,,,,True,False,False,The reference epochs used in this audit are heterogeneous literature-derived descriptive anchors. Equal numerical window bounds relative to these anchors do not imply that the anchors represent the same physical phase across events.
REF_0_180,bounded_reference_anchored_sensitivity_grid,0,180.0,AT2020wey,W2,FLUX,0.02738,59152.0,r_band_peak,20,1,19,0.05,0,0,1,59300.63709439,59300.63709439,144.67586909419737,144.67586909419737,0,,,,True,False,False,The reference epochs used in this audit are heterogeneous literature-derived descriptive anchors. Equal numerical window bounds relative to these anchors do not imply that the anchors represent the same physical phase across events.
REF_0_180,bounded_reference_anchored_sensitivity_grid,0,180.0,AT2020wey,g,FLUX,0.02738,59152.0,r_band_peak,683,161,522,0.23572474377745242,0,0,161,59153.515729200095,59336.23361109989,1.4753345403793516,179.32372744251168,177.84839290213233,0.9124590221726974,2.8829097022111196,14.525948431971663,True,False,False,The reference epochs used in this audit are heterogeneous literature-derived descriptive anchors. Equal numerical window bounds relative to these anchors do not imply that the anchors represent the same physical phase across events.
REF_0_180,bounded_reference_anchored_sensitivity_grid,0,180.0,AT2020wey,r,FLUX,0.02738,59152.0,r_band_peak,801,161,640,0.2009987515605493,0,0,161,59153.49020829983,59336.32319439994,1.4504937801305806,179.41092331945504,177.96042953932445,0.9062798086618863,2.038947935241964,15.605600556953107,True,False,False,The reference epochs used in this audit are heterogeneous literature-derived descriptive anchors. Equal numerical window bounds relative to these anchors do not imply that the anchors represent the same physical phase across events.
REF_0_180,bounded_reference_anchored_sensitivity_grid,0,180.0,AT2020ysg,W1,FLUX,0.277,59122.64,fitted_lightcurve_peak,21,2,19,0.09523809523809523,0,0,2,59185.03460178,59343.15324826,48.86029896632511,172.68069558340014,123.82039661707503,123.82039661707503,123.82039661707503,123.82039661707503,True,False,False,The reference epochs used in this audit are heterogeneous literature-derived descriptive anchors. Equal numerical window bounds relative to these anchors do not imply that the anchors represent the same physical phase across events.
REF_0_180,bounded_reference_anchored_sensitivity_grid,0,180.0,AT2020ysg,W2,FLUX,0.277,59122.64,fitted_lightcurve_peak,21,2,19,0.09523809523809523,0,0,2,59185.03460178,59343.15324826,48.86029896632511,172.68069558340014,123.82039661707503,123.82039661707503,123.82039661707503,123.82039661707503,True,False,False,The reference epochs used in this audit are heterogeneous literature-derived descriptive anchors. Equal numerical window bounds relative to these anchors do not imply that the anchors represent the same physical phase across events.
REF_0_180,bounded_reference_anchored_sensitivity_grid,0,180.0,AT2020ysg,g,FLUX,0.277,59122.64,fitted_lightcurve_peak,421,88,333,0.20902612826603326,0,0,88,59150.516018500086,59352.2066434999,21.82930187947259,179.7702768205953,157.94097494112273,1.5016931087980534,3.783951856023811,13.344834925506202,True,False,False,The reference epochs used in this audit are heterogeneous literature-derived descriptive anchors. Equal numerical window bounds relative to these anchors do not imply that the anchors represent the same physical phase across events.
REF_0_180,bounded_reference_anchored_sensitivity_grid,0,180.0,AT2020ysg,i,FLUX,0.277,59122.64,fitted_lightcurve_peak,79,29,50,0.3670886075949367,0,0,29,59189.53078699997,59348.27575229993,52.38119577131364,176.69205348467617,124.31085771336252,2.4215101803008965,8.042740696944886,15.562271573868875,True,False,False,The reference epochs used in this audit are heterogeneous literature-derived descriptive anchors. Equal numerical window bounds relative to these anchors do not imply that the anchors represent the same physical phase across events.
REF_0_180,bounded_reference_anchored_sensitivity_grid,0,180.0,AT2020ysg,r,FLUX,0.277,59122.64,fitted_lightcurve_peak,531,120,411,0.22598870056497175,0,0,120,59137.53096059989,59352.24053240009,11.660893187073157,179.7968147220729,168.13592153499974,0.8064963976643285,3.867649506797945,13.278399530313937,True,False,False,The reference epochs used in this audit are heterogeneous literature-derived descriptive anchors. Equal numerical window bounds relative to these anchors do not imply that the anchors represent the same physical phase across events.
REF_0_180,bounded_reference_anchored_sensitivity_grid,0,180.0,AT2020yue,W1,FLUX,0.204,59179.44,fitted_rest_frame_g_band_peak,21,2,19,0.09523809523809523,0,0,2,59182.387754945,59340.53721965,2.44830144933124,133.80167745016664,131.3533760008354,131.3533760008354,131.3533760008354,131.3533760008354,True,False,False,The reference epochs used in this audit are heterogeneous literature-derived descriptive anchors. Equal numerical window bounds relative to these anchors do not imply that the anchors represent the same physical phase across events.
REF_0_180,bounded_reference_anchored_sensitivity_grid,0,180.0,AT2020yue,W2,FLUX,0.204,59179.44,fitted_rest_frame_g_band_peak,21,2,19,0.09523809523809523,0,0,2,59182.387754945,59340.53721965,2.44830144933124,133.80167745016664,131.3533760008354,131.3533760008354,131.3533760008354,131.3533760008354,True,False,False,The reference epochs used in this audit are heterogeneous literature-derived descriptive anchors. Equal numerical window bounds relative to these anchors do not imply that the anchors represent the same physical phase across events.
REF_0_180,bounded_reference_anchored_sensitivity_grid,0,180.0,AT2020yue,g,FLUX,0.204,59179.44,fitted_rest_frame_g_band_peak,218,64,154,0.29357798165137616,0,0,64,59182.56280090008,59385.20368060004,2.59368845521344,170.90006694355262,168.30637848833916,1.6725594684500187,5.603753289043833,17.419058389024208,True,False,False,The reference epochs used in this audit are heterogeneous literature-derived descriptive anchors. Equal numerical window bounds relative to these anchors do not imply that the anchors represent the same physical phase across events.
REF_0_180,bounded_reference_anchored_sensitivity_grid,0,180.0,AT2020yue,r,FLUX,0.204,59179.44,fitted_rest_frame_g_band_peak,282,69,213,0.24468085106382978,0,0,69,59185.52653940022,59385.21611109981,5.055265282572749,170.91039127891264,165.8551259963399,1.665489078248755,4.955401303992295,15.707643106626193,True,False,False,The reference epochs used in this audit are heterogeneous literature-derived descriptive anchors. Equal numerical window bounds relative to these anchors do not imply that the anchors represent the same physical phase across events.
REF_0_180,bounded_reference_anchored_sensitivity_grid,0,180.0,AT2020zso,B,FLUX,0.0563,59184.0,bolometric_peak,18,12,6,0.6666666666666666,0,0,12,59184.270007,59355.864978,0.25561582883571743,162.70470320931344,162.44908738047772,5.222770046389912,13.416921329164373,100.04466818138766,True,False,False,The reference epochs used in this audit are heterogeneous literature-derived descriptive anchors. Equal numerical window bounds relative to these anchors do not imply that the anchors represent the same physical phase across events.
REF_0_180,bounded_reference_anchored_sensitivity_grid,0,180.0,AT2020zso,U,FLUX,0.0563,59184.0,bolometric_peak,18,12,6,0.6666666666666666,0,0,12,59184.269258,59355.864061,0.25490674997658197,162.70383508472992,162.44892833475333,5.22270377733579,13.416418631069265,100.0445574173971,True,False,False,The reference epochs used in this audit are heterogeneous literature-derived descriptive anchors. Equal numerical window bounds relative to these anchors do not imply that the anchors represent the same physical phase across events.
REF_0_180,bounded_reference_anchored_sensitivity_grid,0,180.0,AT2020zso,UVM2,FLUX,0.0563,59184.0,bolometric_peak,17,11,6,0.6470588235294118,0,0,11,59184.278785,59355.874285,0.2639259680036396,162.71351415317434,162.44958818517068,6.735111710688807,22.08436182902482,100.04291394490032,True,False,False,The reference epochs used in this audit are heterogeneous literature-derived descriptive anchors. Equal numerical window bounds relative to these anchors do not imply that the anchors represent the same physical phase across events.
REF_0_180,bounded_reference_anchored_sensitivity_grid,0,180.0,AT2020zso,UVW1,FLUX,0.0563,59184.0,bolometric_peak,18,12,6,0.6666666666666666,0,0,12,59184.268139,59355.862281,0.2538473918392425,162.7021499573999,162.44830256556068,5.222603427056981,13.415341285618513,100.04476853166646,True,False,False,The reference epochs used in this audit are heterogeneous literature-derived descriptive anchors. Equal numerical window bounds relative to these anchors do not imply that the anchors represent the same physical phase across events.
REF_0_180,bounded_reference_anchored_sensitivity_grid,0,180.0,AT2020zso,UVW2,FLUX,0.0563,59184.0,bolometric_peak,18,12,6,0.6666666666666666,0,0,12,59184.272864,59355.867634,0.25832055287197064,162.70721764650384,162.44889709363187,5.2229101580998165,13.41826564423375,100.04457635141847,True,False,False,The reference epochs used in this audit are heterogeneous literature-derived descriptive anchors. Equal numerical window bounds relative to these anchors do not imply that the anchors represent the same physical phase across events.
REF_0_180,bounded_reference_anchored_sensitivity_grid,0,180.0,AT2020zso,W1,FLUX,0.0563,59184.0,bolometric_peak,21,1,20,0.047619047619047616,0,0,1,59359.3580796,59359.3580796,166.0116251065061,166.0116251065061,0,,,,True,False,False,The reference epochs used in this audit are heterogeneous literature-derived descriptive anchors. Equal numerical window bounds relative to these anchors do not imply that the anchors represent the same physical phase across events.
REF_0_180,bounded_reference_anchored_sensitivity_grid,0,180.0,AT2020zso,W2,FLUX,0.0563,59184.0,bolometric_peak,21,1,20,0.047619047619047616,0,0,1,59359.3580796,59359.3580796,166.0116251065061,166.0116251065061,0,,,,True,False,False,The reference epochs used in this audit are heterogeneous literature-derived descriptive anchors. Equal numerical window bounds relative to these anchors do not imply that the anchors represent the same physical phase across events.
REF_0_180,bounded_reference_anchored_sensitivity_grid,0,180.0,AT2020zso,g,FLUX,0.0563,59184.0,bolometric_peak,269,8,261,0.02973977695167286,0,0,8,59184.148958299775,59373.43918980006,0.14101893380164401,179.34222266407392,179.20120373027228,3.7727558460397996,70.00703894731866,159.34398021412503,True,False,False,The reference epochs used in this audit are heterogeneous literature-derived descriptive anchors. Equal numerical window bounds relative to these anchors do not imply that the anchors represent the same physical phase across events.
REF_0_180,bounded_reference_anchored_sensitivity_grid,0,180.0,AT2020zso,i,FLUX,0.0563,59184.0,bolometric_peak,64,0,64,0,0,0,0,,,,,,,,,True,False,False,The reference epochs used in this audit are heterogeneous literature-derived descriptive anchors. Equal numerical window bounds relative to these anchors do not imply that the anchors represent the same physical phase across events.
REF_0_180,bounded_reference_anchored_sensitivity_grid,0,180.0,AT2020zso,r,FLUX,0.0563,59184.0,bolometric_peak,324,44,280,0.13580246913580246,0,0,44,59187.16989579983,59373.40276619978,3.0009427244443394,179.307740414449,176.30679769000466,0.002301050945911897,4.741456461018497,130.0672486034389,True,False,False,The reference epochs used in this audit are heterogeneous literature-derived descriptive anchors. Equal numerical window bounds relative to these anchors do not imply that the anchors represent the same physical phase across events.
REF_0_365,bounded_reference_anchored_sensitivity_grid,0,365.0,AT2018hyz,g,MAGNITUDE,0.04573,58429.0,bolometric_peak,79,77,2,0.9746835443037974,0,0,77,58432.352736666646,58652.978515625,3.2061207641033502,214.1838864955581,210.97776573145478,1.929348995438593,5.72454469604965,11.535004255400533,True,False,False,The reference epochs used in this audit are heterogeneous literature-derived descriptive anchors. Equal numerical window bounds relative to these anchors do not imply that the anchors represent the same physical phase across events.
REF_0_365,bounded_reference_anchored_sensitivity_grid,0,365.0,AT2019qiz,g,MAGNITUDE,0.01513,58764.0,bolometric_peak,55,44,11,0.8,0,0,44,58766.31,58907.47,2.2755706165689826,141.33165210367258,139.0560814871036,3.053796065527119,6.235654546710023,8.274802242078803,True,False,False,The reference epochs used in this audit are heterogeneous literature-derived descriptive anchors. Equal numerical window bounds relative to these anchors do not imply that the anchors represent the same physical phase across events.
REF_0_365,bounded_reference_anchored_sensitivity_grid,0,365.0,AT2019qiz,i,MAGNITUDE,0.01513,58764.0,bolometric_peak,29,26,3,0.896551724137931,0,0,26,58766.32,58903.11,2.285421571621082,137.03663570183184,134.75121413021077,4.088146345789657,8.830396106901073,15.150768867039078,True,False,False,The reference epochs used in this audit are heterogeneous literature-derived descriptive anchors. Equal numerical window bounds relative to these anchors do not imply that the anchors represent the same physical phase across events.
REF_0_365,bounded_reference_anchored_sensitivity_grid,0,365.0,AT2019qiz,r,MAGNITUDE,0.01513,58764.0,bolometric_peak,61,52,9,0.8524590163934426,0,0,52,58766.31,58907.48,2.2755706165689826,141.3415030587247,139.0659324421557,2.6203540433279406,5.152049491201325,9.870656960189136,True,False,False,The reference epochs used in this audit are heterogeneous literature-derived descriptive anchors. Equal numerical window bounds relative to these anchors do not imply that the anchors represent the same physical phase across events.
REF_0_365,bounded_reference_anchored_sensitivity_grid,0,365.0,AT2020wey,W1,FLUX,0.02738,59152.0,r_band_peak,20,2,18,0.1,0,0,2,59300.63709439,59507.412653139996,144.67586909419737,345.9407941949387,201.26492510074132,201.26492510074132,201.26492510074132,201.26492510074132,True,False,False,The reference epochs used in this audit are heterogeneous literature-derived descriptive anchors. Equal numerical window bounds relative to these anchors do not imply that the anchors represent the same physical phase across events.
REF_0_365,bounded_reference_anchored_sensitivity_grid,0,365.0,AT2020wey,W2,FLUX,0.02738,59152.0,r_band_peak,20,2,18,0.1,0,0,2,59300.63709439,59507.412653139996,144.67586909419737,345.9407941949387,201.26492510074132,201.26492510074132,201.26492510074132,201.26492510074132,True,False,False,The reference epochs used in this audit are heterogeneous literature-derived descriptive anchors. Equal numerical window bounds relative to these anchors do not imply that the anchors represent the same physical phase across events.
REF_0_365,bounded_reference_anchored_sensitivity_grid,0,365.0,AT2020wey,g,FLUX,0.02738,59152.0,r_band_peak,683,205,478,0.3001464128843338,0,0,205,59153.515729200095,59526.45796300005,1.4753345403793516,364.4785405595317,363.00320601915234,0.9062854543596756,2.9339778563059387,122.85209659524503,True,False,False,The reference epochs used in this audit are heterogeneous literature-derived descriptive anchors. Equal numerical window bounds relative to these anchors do not imply that the anchors represent the same physical phase across events.
REF_0_365,bounded_reference_anchored_sensitivity_grid,0,365.0,AT2020wey,r,FLUX,0.02738,59152.0,r_band_peak,801,224,577,0.27965043695380776,0,0,224,59153.49020829983,59526.51269679982,1.4504937801305806,364.53181568633045,363.08132190619983,0.8959435651167984,2.8410139188243533,87.9007767331579,True,False,False,The reference epochs used in this audit are heterogeneous literature-derived descriptive anchors. Equal numerical window bounds relative to these anchors do not imply that the anchors represent the same physical phase across events.
REF_0_365,bounded_reference_anchored_sensitivity_grid,0,365.0,AT2020ysg,W1,FLUX,0.277,59122.64,fitted_lightcurve_peak,21,3,18,0.14285714285714285,0,0,3,59185.03460178,59551.91681451,48.86029896632511,336.160387243538,287.30008827721286,143.65004413860646,159.51376215583159,163.47969166013786,True,False,False,The reference epochs used in this audit are heterogeneous literature-derived descriptive anchors. Equal numerical window bounds relative to these anchors do not imply that the anchors represent the same physical phase across events.
REF_0_365,bounded_reference_anchored_sensitivity_grid,0,365.0,AT2020ysg,W2,FLUX,0.277,59122.64,fitted_lightcurve_peak,21,3,18,0.14285714285714285,0,0,3,59185.03460178,59551.91681451,48.86029896632511,336.160387243538,287.30008827721286,143.65004413860646,159.51376215583159,163.47969166013786,True,False,False,The reference epochs used in this audit are heterogeneous literature-derived descriptive anchors. Equal numerical window bounds relative to these anchors do not imply that the anchors represent the same physical phase across events.
REF_0_365,bounded_reference_anchored_sensitivity_grid,0,365.0,AT2020ysg,g,FLUX,0.277,59122.64,fitted_lightcurve_peak,421,107,314,0.25415676959619954,0,0,107,59150.516018500086,59536.448877300136,21.82930187947259,324.04767212226807,302.21837024279546,1.5167973373309884,4.279425528524742,103.58584213005662,True,False,False,The reference epochs used in this audit are heterogeneous literature-derived descriptive anchors. Equal numerical window bounds relative to these anchors do not imply that the anchors represent the same physical phase across events.
REF_0_365,bounded_reference_anchored_sensitivity_grid,0,365.0,AT2020ysg,i,FLUX,0.277,59122.64,fitted_lightcurve_peak,79,37,42,0.46835443037974683,0,0,37,59189.53078699997,59540.49562499998,52.38119577131364,327.2166209866734,274.83542521535975,2.797789937330114,9.001167384599835,113.77597595955199,True,False,False,The reference epochs used in this audit are heterogeneous literature-derived descriptive anchors. Equal numerical window bounds relative to these anchors do not imply that the anchors represent the same physical phase across events.
REF_0_365,bounded_reference_anchored_sensitivity_grid,0,365.0,AT2020ysg,r,FLUX,0.277,59122.64,fitted_lightcurve_peak,531,181,350,0.3408662900188324,0,0,181,59137.53096059989,59536.51695600012,11.660893187073157,324.10098355530437,312.4400903682312,0.7890944792863532,3.9123995142449903,54.31335920120823,True,False,False,The reference epochs used in this audit are heterogeneous literature-derived descriptive anchors. Equal numerical window bounds relative to these anchors do not imply that the anchors represent the same physical phase across events.
REF_0_365,bounded_reference_anchored_sensitivity_grid,0,365.0,AT2020yue,W1,FLUX,0.204,59179.44,fitted_rest_frame_g_band_peak,21,3,18,0.14285714285714285,0,0,3,59182.387754945,59549.500640585,2.44830144933124,307.3593360340512,304.9110345847199,152.45551729235996,169.33723032557964,173.55765858388455,True,False,False,The reference epochs used in this audit are heterogeneous literature-derived descriptive anchors. Equal numerical window bounds relative to these anchors do not imply that the anchors represent the same physical phase across events.
REF_0_365,bounded_reference_anchored_sensitivity_grid,0,365.0,AT2020yue,W2,FLUX,0.204,59179.44,fitted_rest_frame_g_band_peak,21,3,18,0.14285714285714285,0,0,3,59182.387754945,59549.500640585,2.44830144933124,307.3593360340512,304.9110345847199,152.45551729235996,169.33723032557964,173.55765858388455,True,False,False,The reference epochs used in this audit are heterogeneous literature-derived descriptive anchors. Equal numerical window bounds relative to these anchors do not imply that the anchors represent the same physical phase across events.
REF_0_365,bounded_reference_anchored_sensitivity_grid,0,365.0,AT2020yue,g,FLUX,0.204,59179.44,fitted_rest_frame_g_band_peak,218,70,148,0.3211009174311927,0,0,70,59182.56280090008,59550.48468750017,2.59368845521344,308.1766507476456,305.58296229243217,1.6783946015844216,6.323624219268914,114.04890714265852,True,False,False,The reference epochs used in this audit are heterogeneous literature-derived descriptive anchors. Equal numerical window bounds relative to these anchors do not imply that the anchors represent the same physical phase across events.
REF_0_365,bounded_reference_anchored_sensitivity_grid,0,365.0,AT2020yue,r,FLUX,0.204,59179.44,fitted_rest_frame_g_band_peak,282,95,187,0.33687943262411346,0,0,95,59185.52653940022,59532.478773099836,5.055265282572749,293.2215723420545,288.16630705948177,1.6390629152556961,4.967085000180154,93.28119235888335,True,False,False,The reference epochs used in this audit are heterogeneous literature-derived descriptive anchors. Equal numerical window bounds relative to these anchors do not imply that the anchors represent the same physical phase across events.
REF_0_365,bounded_reference_anchored_sensitivity_grid,0,365.0,AT2020zso,B,FLUX,0.0563,59184.0,bolometric_peak,18,12,6,0.6666666666666666,0,0,12,59184.270007,59355.864978,0.25561582883571743,162.70470320931344,162.44908738047772,5.222770046389912,13.416921329164373,100.04466818138766,True,False,False,The reference epochs used in this audit are heterogeneous literature-derived descriptive anchors. Equal numerical window bounds relative to these anchors do not imply that the anchors represent the same physical phase across events.
REF_0_365,bounded_reference_anchored_sensitivity_grid,0,365.0,AT2020zso,U,FLUX,0.0563,59184.0,bolometric_peak,18,12,6,0.6666666666666666,0,0,12,59184.269258,59355.864061,0.25490674997658197,162.70383508472992,162.44892833475333,5.22270377733579,13.416418631069265,100.0445574173971,True,False,False,The reference epochs used in this audit are heterogeneous literature-derived descriptive anchors. Equal numerical window bounds relative to these anchors do not imply that the anchors represent the same physical phase across events.
REF_0_365,bounded_reference_anchored_sensitivity_grid,0,365.0,AT2020zso,UVM2,FLUX,0.0563,59184.0,bolometric_peak,17,11,6,0.6470588235294118,0,0,11,59184.278785,59355.874285,0.2639259680036396,162.71351415317434,162.44958818517068,6.735111710688807,22.08436182902482,100.04291394490032,True,False,False,The reference epochs used in this audit are heterogeneous literature-derived descriptive anchors. Equal numerical window bounds relative to these anchors do not imply that the anchors represent the same physical phase across events.
REF_0_365,bounded_reference_anchored_sensitivity_grid,0,365.0,AT2020zso,UVW1,FLUX,0.0563,59184.0,bolometric_peak,18,12,6,0.6666666666666666,0,0,12,59184.268139,59355.862281,0.2538473918392425,162.7021499573999,162.44830256556068,5.222603427056981,13.415341285618513,100.04476853166646,True,False,False,The reference epochs used in this audit are heterogeneous literature-derived descriptive anchors. Equal numerical window bounds relative to these anchors do not imply that the anchors represent the same physical phase across events.
REF_0_365,bounded_reference_anchored_sensitivity_grid,0,365.0,AT2020zso,UVW2,FLUX,0.0563,59184.0,bolometric_peak,18,12,6,0.6666666666666666,0,0,12,59184.272864,59355.867634,0.25832055287197064,162.70721764650384,162.44889709363187,5.2229101580998165,13.41826564423375,100.04457635141847,True,False,False,The reference epochs used in this audit are heterogeneous literature-derived descriptive anchors. Equal numerical window bounds relative to these anchors do not imply that the anchors represent the same physical phase across events.
REF_0_365,bounded_reference_anchored_sensitivity_grid,0,365.0,AT2020zso,W1,FLUX,0.0563,59184.0,bolometric_peak,21,2,19,0.09523809523809523,0,0,2,59359.3580796,59522.68014508,166.0116251065061,320.6287466439436,154.6171215374375,154.6171215374375,154.6171215374375,154.6171215374375,True,False,False,The reference epochs used in this audit are heterogeneous literature-derived descriptive anchors. Equal numerical window bounds relative to these anchors do not imply that the anchors represent the same physical phase across events.
REF_0_365,bounded_reference_anchored_sensitivity_grid,0,365.0,AT2020zso,W2,FLUX,0.0563,59184.0,bolometric_peak,21,2,19,0.09523809523809523,0,0,2,59359.3580796,59522.68014508,166.0116251065061,320.6287466439436,154.6171215374375,154.6171215374375,154.6171215374375,154.6171215374375,True,False,False,The reference epochs used in this audit are heterogeneous literature-derived descriptive anchors. Equal numerical window bounds relative to these anchors do not imply that the anchors represent the same physical phase across events.
REF_0_365,bounded_reference_anchored_sensitivity_grid,0,365.0,AT2020zso,g,FLUX,0.0563,59184.0,bolometric_peak,269,48,221,0.17843866171003717,0,0,48,59184.148958299775,59550.17150459997,0.14101893380164401,346.6548372621164,346.51381832831476,1.9252540001087226,9.836194490301306,159.34398021412503,True,False,False,The reference epochs used in this audit are heterogeneous literature-derived descriptive anchors. Equal numerical window bounds relative to these anchors do not imply that the anchors represent the same physical phase across events.
REF_0_365,bounded_reference_anchored_sensitivity_grid,0,365.0,AT2020zso,i,FLUX,0.0563,59184.0,bolometric_peak,64,19,45,0.296875,0,0,19,59399.43984950008,59542.12731479993,203.95706664780715,339.039396762218,135.08233011441087,6.618035359347447,13.189664962556462,15.109738426796671,True,False,False,The reference epochs used in this audit are heterogeneous literature-derived descriptive anchors. Equal numerical window bounds relative to these anchors do not imply that the anchors represent the same physical phase across events.
REF_0_365,bounded_reference_anchored_sensitivity_grid,0,365.0,AT2020zso,r,FLUX,0.0563,59184.0,bolometric_peak,324,84,240,0.25925925925925924,0,0,84,59187.16989579983,59550.102511600126,3.0009427244443394,346.58952153756087,343.58857881311656,0.9384828171851756,8.307465587439413,130.0672486034389,True,False,False,The reference epochs used in this audit are heterogeneous literature-derived descriptive anchors. Equal numerical window bounds relative to these anchors do not imply that the anchors represent the same physical phase across events.
REF_0_730,bounded_reference_anchored_sensitivity_grid,0,730.0,AT2018hyz,g,MAGNITUDE,0.04573,58429.0,bolometric_peak,79,77,2,0.9746835443037974,0,0,77,58432.352736666646,58652.978515625,3.2061207641033502,214.1838864955581,210.97776573145478,1.929348995438593,5.72454469604965,11.535004255400533,True,False,False,The reference epochs used in this audit are heterogeneous literature-derived descriptive anchors. Equal numerical window bounds relative to these anchors do not imply that the anchors represent the same physical phase across events.
REF_0_730,bounded_reference_anchored_sensitivity_grid,0,730.0,AT2019qiz,g,MAGNITUDE,0.01513,58764.0,bolometric_peak,55,44,11,0.8,0,0,44,58766.31,58907.47,2.2755706165689826,141.33165210367258,139.0560814871036,3.053796065527119,6.235654546710023,8.274802242078803,True,False,False,The reference epochs used in this audit are heterogeneous literature-derived descriptive anchors. Equal numerical window bounds relative to these anchors do not imply that the anchors represent the same physical phase across events.
REF_0_730,bounded_reference_anchored_sensitivity_grid,0,730.0,AT2019qiz,i,MAGNITUDE,0.01513,58764.0,bolometric_peak,29,26,3,0.896551724137931,0,0,26,58766.32,58903.11,2.285421571621082,137.03663570183184,134.75121413021077,4.088146345789657,8.830396106901073,15.150768867039078,True,False,False,The reference epochs used in this audit are heterogeneous literature-derived descriptive anchors. Equal numerical window bounds relative to these anchors do not imply that the anchors represent the same physical phase across events.
REF_0_730,bounded_reference_anchored_sensitivity_grid,0,730.0,AT2019qiz,r,MAGNITUDE,0.01513,58764.0,bolometric_peak,61,52,9,0.8524590163934426,0,0,52,58766.31,58907.48,2.2755706165689826,141.3415030587247,139.0659324421557,2.6203540433279406,5.152049491201325,9.870656960189136,True,False,False,The reference epochs used in this audit are heterogeneous literature-derived descriptive anchors. Equal numerical window bounds relative to these anchors do not imply that the anchors represent the same physical phase across events.
REF_0_730,bounded_reference_anchored_sensitivity_grid,0,730.0,AT2020wey,W1,FLUX,0.02738,59152.0,r_band_peak,20,4,16,0.2,0,0,4,59300.63709439,59874.46088674,144.67586909419737,703.2070769724951,558.5312078782978,201.26492510074132,203.5335909186484,204.10075737312516,True,False,False,The reference epochs used in this audit are heterogeneous literature-derived descriptive anchors. Equal numerical window bounds relative to these anchors do not imply that the anchors represent the same physical phase across events.
REF_0_730,bounded_reference_anchored_sensitivity_grid,0,730.0,AT2020wey,W2,FLUX,0.02738,59152.0,r_band_peak,20,4,16,0.2,0,0,4,59300.63709439,59874.46088674,144.67586909419737,703.2070769724951,558.5312078782978,201.26492510074132,203.5335909186484,204.10075737312516,True,False,False,The reference epochs used in this audit are heterogeneous literature-derived descriptive anchors. Equal numerical window bounds relative to these anchors do not imply that the anchors represent the same physical phase across events.
REF_0_730,bounded_reference_anchored_sensitivity_grid,0,730.0,AT2020wey,g,FLUX,0.02738,59152.0,r_band_peak,683,293,390,0.4289897510980966,0,0,293,59153.515729200095,59901.51525459997,1.4753345403793516,729.540437423323,728.0651028829436,0.9226938425881368,3.8007469292293625,134.49894664089888,True,False,False,The reference epochs used in this audit are heterogeneous literature-derived descriptive anchors. Equal numerical window bounds relative to these anchors do not imply that the anchors represent the same physical phase across events.
REF_0_730,bounded_reference_anchored_sensitivity_grid,0,730.0,AT2020wey,r,FLUX,0.02738,59152.0,r_band_peak,801,326,475,0.4069912609238452,0,0,326,59153.49020829983,59901.49124999996,1.4504937801305806,729.5170725534493,728.0665787733187,0.9089891763567581,3.0030226011489374,95.68684196703043,True,False,False,The reference epochs used in this audit are heterogeneous literature-derived descriptive anchors. Equal numerical window bounds relative to these anchors do not imply that the anchors represent the same physical phase across events.
REF_0_730,bounded_reference_anchored_sensitivity_grid,0,730.0,AT2020ysg,W1,FLUX,0.277,59122.64,fitted_lightcurve_peak,21,5,16,0.23809523809523808,0,0,5,59185.03460178,59915.97587665,48.86029896632511,621.249707635084,572.3894086687588,143.45010300313618,163.3597269788557,163.47969166013786,True,False,False,The reference epochs used in this audit are heterogeneous literature-derived descriptive anchors. Equal numerical window bounds relative to these anchors do not imply that the anchors represent the same physical phase across events.
REF_0_730,bounded_reference_anchored_sensitivity_grid,0,730.0,AT2020ysg,W2,FLUX,0.277,59122.64,fitted_lightcurve_peak,21,5,16,0.23809523809523808,0,0,5,59185.03460178,59915.97587665,48.86029896632511,621.249707635084,572.3894086687588,143.45010300313618,163.3597269788557,163.47969166013786,True,False,False,The reference epochs used in this audit are heterogeneous literature-derived descriptive anchors. Equal numerical window bounds relative to these anchors do not imply that the anchors represent the same physical phase across events.
REF_0_730,bounded_reference_anchored_sensitivity_grid,0,730.0,AT2020ysg,g,FLUX,0.277,59122.64,fitted_lightcurve_peak,421,199,222,0.47268408551068886,0,0,199,59150.516018500086,60054.26151619991,21.82930187947259,729.5391669537302,707.7098650742576,1.5043940093549157,5.460993469034204,112.96859146449525,True,False,False,The reference epochs used in this audit are heterogeneous literature-derived descriptive anchors. Equal numerical window bounds relative to these anchors do not imply that the anchors represent the same physical phase across events.
REF_0_730,bounded_reference_anchored_sensitivity_grid,0,730.0,AT2020ysg,i,FLUX,0.277,59122.64,fitted_lightcurve_peak,79,62,17,0.7848101265822784,0,0,62,59189.53078699997,60054.388553199824,52.38119577131364,729.6386477680693,677.2574519967555,4.698158653136473,18.76569796388585,113.77597595955199,True,False,False,The reference epochs used in this audit are heterogeneous literature-derived descriptive anchors. Equal numerical window bounds relative to these anchors do not imply that the anchors represent the same physical phase across events.
REF_0_730,bounded_reference_anchored_sensitivity_grid,0,730.0,AT2020ysg,r,FLUX,0.277,59122.64,fitted_lightcurve_peak,531,299,232,0.5630885122410546,0,0,299,59137.53096059989,60052.27799770003,11.660893187073157,727.9859026625155,716.3250094754424,0.793340681383303,4.686693367223746,67.25283868438743,True,False,False,The reference epochs used in this audit are heterogeneous literature-derived descriptive anchors. Equal numerical window bounds relative to these anchors do not imply that the anchors represent the same physical phase across events.
REF_0_730,bounded_reference_anchored_sensitivity_grid,0,730.0,AT2020yue,W1,FLUX,0.204,59179.44,fitted_rest_frame_g_band_peak,21,5,16,0.23809523809523808,0,0,5,59182.387754945,59913.501500935,2.44830144933124,609.6856320058142,607.237330556483,152.35323246262874,173.49628768604583,173.55765858388455,True,False,False,The reference epochs used in this audit are heterogeneous literature-derived descriptive anchors. Equal numerical window bounds relative to these anchors do not imply that the anchors represent the same physical phase across events.
REF_0_730,bounded_reference_anchored_sensitivity_grid,0,730.0,AT2020yue,W2,FLUX,0.204,59179.44,fitted_rest_frame_g_band_peak,21,5,16,0.23809523809523808,0,0,5,59182.387754945,59913.501500935,2.44830144933124,609.6856320058142,607.237330556483,152.35323246262874,173.49628768604583,173.55765858388455,True,False,False,The reference epochs used in this audit are heterogeneous literature-derived descriptive anchors. Equal numerical window bounds relative to these anchors do not imply that the anchors represent the same physical phase across events.
REF_0_730,bounded_reference_anchored_sensitivity_grid,0,730.0,AT2020yue,g,FLUX,0.204,59179.44,fitted_rest_frame_g_band_peak,218,112,106,0.5137614678899083,0,0,112,59182.56280090008,60058.29887730023,2.59368845521344,729.949233638062,727.3555451828486,1.71594302312307,9.19676503318167,128.08654792343833,True,False,False,The reference epochs used in this audit are heterogeneous literature-derived descriptive anchors. Equal numerical window bounds relative to these anchors do not imply that the anchors represent the same physical phase across events.
REF_0_730,bounded_reference_anchored_sensitivity_grid,0,730.0,AT2020yue,r,FLUX,0.204,59179.44,fitted_rest_frame_g_band_peak,282,160,122,0.5673758865248227,0,0,160,59185.52653940022,59984.341851899866,5.055265282572749,668.5231328071958,663.467867524623,1.6427591363388885,6.0191856310439995,97.45799111313747,True,False,False,The reference epochs used in this audit are heterogeneous literature-derived descriptive anchors. Equal numerical window bounds relative to these anchors do not imply that the anchors represent the same physical phase across events.
REF_0_730,bounded_reference_anchored_sensitivity_grid,0,730.0,AT2020zso,B,FLUX,0.0563,59184.0,bolometric_peak,18,12,6,0.6666666666666666,0,0,12,59184.270007,59355.864978,0.25561582883571743,162.70470320931344,162.44908738047772,5.222770046389912,13.416921329164373,100.04466818138766,True,False,False,The reference epochs used in this audit are heterogeneous literature-derived descriptive anchors. Equal numerical window bounds relative to these anchors do not imply that the anchors represent the same physical phase across events.
REF_0_730,bounded_reference_anchored_sensitivity_grid,0,730.0,AT2020zso,U,FLUX,0.0563,59184.0,bolometric_peak,18,12,6,0.6666666666666666,0,0,12,59184.269258,59355.864061,0.25490674997658197,162.70383508472992,162.44892833475333,5.22270377733579,13.416418631069265,100.0445574173971,True,False,False,The reference epochs used in this audit are heterogeneous literature-derived descriptive anchors. Equal numerical window bounds relative to these anchors do not imply that the anchors represent the same physical phase across events.
REF_0_730,bounded_reference_anchored_sensitivity_grid,0,730.0,AT2020zso,UVM2,FLUX,0.0563,59184.0,bolometric_peak,17,11,6,0.6470588235294118,0,0,11,59184.278785,59355.874285,0.2639259680036396,162.71351415317434,162.44958818517068,6.735111710688807,22.08436182902482,100.04291394490032,True,False,False,The reference epochs used in this audit are heterogeneous literature-derived descriptive anchors. Equal numerical window bounds relative to these anchors do not imply that the anchors represent the same physical phase across events.
REF_0_730,bounded_reference_anchored_sensitivity_grid,0,730.0,AT2020zso,UVW1,FLUX,0.0563,59184.0,bolometric_peak,18,12,6,0.6666666666666666,0,0,12,59184.268139,59355.862281,0.2538473918392425,162.7021499573999,162.44830256556068,5.222603427056981,13.415341285618513,100.04476853166646,True,False,False,The reference epochs used in this audit are heterogeneous literature-derived descriptive anchors. Equal numerical window bounds relative to these anchors do not imply that the anchors represent the same physical phase across events.
REF_0_730,bounded_reference_anchored_sensitivity_grid,0,730.0,AT2020zso,UVW2,FLUX,0.0563,59184.0,bolometric_peak,18,12,6,0.6666666666666666,0,0,12,59184.272864,59355.867634,0.25832055287197064,162.70721764650384,162.44889709363187,5.2229101580998165,13.41826564423375,100.04457635141847,True,False,False,The reference epochs used in this audit are heterogeneous literature-derived descriptive anchors. Equal numerical window bounds relative to these anchors do not imply that the anchors represent the same physical phase across events.
REF_0_730,bounded_reference_anchored_sensitivity_grid,0,730.0,AT2020zso,W1,FLUX,0.0563,59184.0,bolometric_peak,21,4,17,0.19047619047619047,0,0,4,59359.3580796,59889.65510792,166.0116251065061,668.0442184227965,502.03259331629033,154.6171215374375,185.24902013443398,192.90699478368307,True,False,False,The reference epochs used in this audit are heterogeneous literature-derived descriptive anchors. Equal numerical window bounds relative to these anchors do not imply that the anchors represent the same physical phase across events.
REF_0_730,bounded_reference_anchored_sensitivity_grid,0,730.0,AT2020zso,W2,FLUX,0.0563,59184.0,bolometric_peak,21,4,17,0.19047619047619047,0,0,4,59359.3580796,59889.65510792,166.0116251065061,668.0442184227965,502.03259331629033,154.6171215374375,185.24902013443398,192.90699478368307,True,False,False,The reference epochs used in this audit are heterogeneous literature-derived descriptive anchors. Equal numerical window bounds relative to these anchors do not imply that the anchors represent the same physical phase across events.
REF_0_730,bounded_reference_anchored_sensitivity_grid,0,730.0,AT2020zso,g,FLUX,0.0563,59184.0,bolometric_peak,269,101,168,0.3754646840148699,0,0,101,59184.148958299775,59932.12321759993,0.14101893380164401,708.2488096184153,708.1077906846136,1.9361181010076078,9.416629555927432,182.02252532434397,True,False,False,The reference epochs used in this audit are heterogeneous literature-derived descriptive anchors. Equal numerical window bounds relative to these anchors do not imply that the anchors represent the same physical phase across events.
REF_0_730,bounded_reference_anchored_sensitivity_grid,0,730.0,AT2020zso,i,FLUX,0.0563,59184.0,bolometric_peak,64,44,20,0.6875,0,0,44,59399.43984950008,59902.22737269988,203.95706664780715,679.9463908926278,475.9893242448207,4.739300009298057,14.930954425987435,185.8534529018016,True,False,False,The reference epochs used in this audit are heterogeneous literature-derived descriptive anchors. Equal numerical window bounds relative to these anchors do not imply that the anchors represent the same physical phase across events.
REF_0_730,bounded_reference_anchored_sensitivity_grid,0,730.0,AT2020zso,r,FLUX,0.0563,59184.0,bolometric_peak,324,125,199,0.38580246913580246,0,0,125,59187.16989579983,59924.17193289986,3.0009427244443394,700.721322446141,697.7203797216968,1.8799296601591777,8.49750594536699,171.68688705857744,True,False,False,The reference epochs used in this audit are heterogeneous literature-derived descriptive anchors. Equal numerical window bounds relative to these anchors do not imply that the anchors represent the same physical phase across events.
REF_M30_180,bounded_reference_anchored_sensitivity_grid,-30.0,180.0,AT2018hyz,g,MAGNITUDE,0.04573,58429.0,bolometric_peak,79,62,17,0.7848101265822784,2,0,60,58405.480409999844,58606.2734375,-22.491073221726747,169.5212315798533,192.01230480158006,2.2935533072590437,6.3184778814799225,14.349851300163051,True,False,False,The reference epochs used in this audit are heterogeneous literature-derived descriptive anchors. Equal numerical window bounds relative to these anchors do not imply that the anchors represent the same physical phase across events.
REF_M30_180,bounded_reference_anchored_sensitivity_grid,-30.0,180.0,AT2019qiz,g,MAGNITUDE,0.01513,58764.0,bolometric_peak,55,55,0,1.0,11,0,44,58746.5,58907.47,-17.239171337661183,141.33165210367258,158.57082344133377,2.8025967117523507,6.126308945653228,8.274802242078803,True,False,False,The reference epochs used in this audit are heterogeneous literature-derived descriptive anchors. Equal numerical window bounds relative to these anchors do not imply that the anchors represent the same physical phase across events.
REF_M30_180,bounded_reference_anchored_sensitivity_grid,-30.0,180.0,AT2019qiz,i,MAGNITUDE,0.01513,58764.0,bolometric_peak,29,29,0,1.0,3,0,26,58752.27,58903.11,-11.555170273761194,137.03663570183184,148.59180597559305,4.04381704806238,8.552599174489938,15.150768867039078,True,False,False,The reference epochs used in this audit are heterogeneous literature-derived descriptive anchors. Equal numerical window bounds relative to these anchors do not imply that the anchors represent the same physical phase across events.
REF_M30_180,bounded_reference_anchored_sensitivity_grid,-30.0,180.0,AT2019qiz,r,MAGNITUDE,0.01513,58764.0,bolometric_peak,61,61,0,1.0,9,0,52,58745.49,58907.48,-18.234117797722494,141.3415030587247,159.5756208564472,2.699161683726814,5.1816023563511715,9.870656960189136,True,False,False,The reference epochs used in this audit are heterogeneous literature-derived descriptive anchors. Equal numerical window bounds relative to these anchors do not imply that the anchors represent the same physical phase across events.
REF_M30_180,bounded_reference_anchored_sensitivity_grid,-30.0,180.0,AT2020wey,W1,FLUX,0.02738,59152.0,r_band_peak,20,2,18,0.1,1,0,1,59143.278646855004,59300.63709439,-8.488926341758747,144.67586909419737,153.1647954359561,153.1647954359561,153.1647954359561,153.1647954359561,True,False,False,The reference epochs used in this audit are heterogeneous literature-derived descriptive anchors. Equal numerical window bounds relative to these anchors do not imply that the anchors represent the same physical phase across events.
REF_M30_180,bounded_reference_anchored_sensitivity_grid,-30.0,180.0,AT2020wey,W2,FLUX,0.02738,59152.0,r_band_peak,20,2,18,0.1,1,0,1,59143.278646855004,59300.63709439,-8.488926341758747,144.67586909419737,153.1647954359561,153.1647954359561,153.1647954359561,153.1647954359561,True,False,False,The reference epochs used in this audit are heterogeneous literature-derived descriptive anchors. Equal numerical window bounds relative to these anchors do not imply that the anchors represent the same physical phase across events.
REF_M30_180,bounded_reference_anchored_sensitivity_grid,-30.0,180.0,AT2020wey,g,FLUX,0.02738,59152.0,r_band_peak,683,181,502,0.26500732064421667,20,0,161,59121.49187499983,59336.23361109989,-29.695073877404308,179.32372744251168,209.01880131991598,0.9269972648499515,2.917169547759101,14.525948431971663,True,False,False,The reference epochs used in this audit are heterogeneous literature-derived descriptive anchors. Equal numerical window bounds relative to these anchors do not imply that the anchors represent the same physical phase across events.
REF_M30_180,bounded_reference_anchored_sensitivity_grid,-30.0,180.0,AT2020wey,r,FLUX,0.02738,59152.0,r_band_peak,801,181,620,0.22596754057428214,20,0,161,59121.47313660011,59336.32319439994,-29.71331289288583,179.41092331945504,209.12423621234086,0.927216949847091,2.054549718602406,15.605600556953107,True,False,False,The reference epochs used in this audit are heterogeneous literature-derived descriptive anchors. Equal numerical window bounds relative to these anchors do not imply that the anchors represent the same physical phase across events.
REF_M30_180,bounded_reference_anchored_sensitivity_grid,-30.0,180.0,AT2020ysg,W1,FLUX,0.277,59122.64,fitted_lightcurve_peak,21,2,19,0.09523809523809523,0,0,2,59185.03460178,59343.15324826,48.86029896632511,172.68069558340014,123.82039661707503,123.82039661707503,123.82039661707503,123.82039661707503,True,False,False,The reference epochs used in this audit are heterogeneous literature-derived descriptive anchors. Equal numerical window bounds relative to these anchors do not imply that the anchors represent the same physical phase across events.
REF_M30_180,bounded_reference_anchored_sensitivity_grid,-30.0,180.0,AT2020ysg,W2,FLUX,0.277,59122.64,fitted_lightcurve_peak,21,2,19,0.09523809523809523,0,0,2,59185.03460178,59343.15324826,48.86029896632511,172.68069558340014,123.82039661707503,123.82039661707503,123.82039661707503,123.82039661707503,True,False,False,The reference epochs used in this audit are heterogeneous literature-derived descriptive anchors. Equal numerical window bounds relative to these anchors do not imply that the anchors represent the same physical phase across events.
REF_M30_180,bounded_reference_anchored_sensitivity_grid,-30.0,180.0,AT2020ysg,g,FLUX,0.277,59122.64,fitted_lightcurve_peak,421,88,333,0.20902612826603326,0,0,88,59150.516018500086,59352.2066434999,21.82930187947259,179.7702768205953,157.94097494112273,1.5016931087980534,3.783951856023811,13.344834925506202,True,False,False,The reference epochs used in this audit are heterogeneous literature-derived descriptive anchors. Equal numerical window bounds relative to these anchors do not imply that the anchors represent the same physical phase across events.
REF_M30_180,bounded_reference_anchored_sensitivity_grid,-30.0,180.0,AT2020ysg,i,FLUX,0.277,59122.64,fitted_lightcurve_peak,79,29,50,0.3670886075949367,0,0,29,59189.53078699997,59348.27575229993,52.38119577131364,176.69205348467617,124.31085771336252,2.4215101803008965,8.042740696944886,15.562271573868875,True,False,False,The reference epochs used in this audit are heterogeneous literature-derived descriptive anchors. Equal numerical window bounds relative to these anchors do not imply that the anchors represent the same physical phase across events.
REF_M30_180,bounded_reference_anchored_sensitivity_grid,-30.0,180.0,AT2020ysg,r,FLUX,0.277,59122.64,fitted_lightcurve_peak,531,120,411,0.22598870056497175,0,0,120,59137.53096059989,59352.24053240009,11.660893187073157,179.7968147220729,168.13592153499974,0.8064963976643285,3.867649506797945,13.278399530313937,True,False,False,The reference epochs used in this audit are heterogeneous literature-derived descriptive anchors. Equal numerical window bounds relative to these anchors do not imply that the anchors represent the same physical phase across events.
REF_M30_180,bounded_reference_anchored_sensitivity_grid,-30.0,180.0,AT2020yue,W1,FLUX,0.204,59179.44,fitted_rest_frame_g_band_peak,21,2,19,0.09523809523809523,0,0,2,59182.387754945,59340.53721965,2.44830144933124,133.80167745016664,131.3533760008354,131.3533760008354,131.3533760008354,131.3533760008354,True,False,False,The reference epochs used in this audit are heterogeneous literature-derived descriptive anchors. Equal numerical window bounds relative to these anchors do not imply that the anchors represent the same physical phase across events.
REF_M30_180,bounded_reference_anchored_sensitivity_grid,-30.0,180.0,AT2020yue,W2,FLUX,0.204,59179.44,fitted_rest_frame_g_band_peak,21,2,19,0.09523809523809523,0,0,2,59182.387754945,59340.53721965,2.44830144933124,133.80167745016664,131.3533760008354,131.3533760008354,131.3533760008354,131.3533760008354,True,False,False,The reference epochs used in this audit are heterogeneous literature-derived descriptive anchors. Equal numerical window bounds relative to these anchors do not imply that the anchors represent the same physical phase across events.
REF_M30_180,bounded_reference_anchored_sensitivity_grid,-30.0,180.0,AT2020yue,g,FLUX,0.204,59179.44,fitted_rest_frame_g_band_peak,218,73,145,0.3348623853211009,9,0,64,59149.505381899886,59385.20368060004,-24.862639618036958,170.90006694355262,195.76270656158957,1.678120556629365,5.824551843857065,17.419058389024208,True,False,False,The reference epochs used in this audit are heterogeneous literature-derived descriptive anchors. Equal numerical window bounds relative to these anchors do not imply that the anchors represent the same physical phase across events.
REF_M30_180,bounded_reference_anchored_sensitivity_grid,-30.0,180.0,AT2020yue,r,FLUX,0.204,59179.44,fitted_rest_frame_g_band_peak,282,82,200,0.2907801418439716,13,0,69,59143.52444439987,59385.21611109981,-29.83019568117535,170.91039127891264,200.740586960088,1.6624081394081298,5.0324054815469195,15.707643106626193,True,False,False,The reference epochs used in this audit are heterogeneous literature-derived descriptive anchors. Equal numerical window bounds relative to these anchors do not imply that the anchors represent the same physical phase across events.
REF_M30_180,bounded_reference_anchored_sensitivity_grid,-30.0,180.0,AT2020zso,B,FLUX,0.0563,59184.0,bolometric_peak,18,17,1,0.9444444444444444,5,0,12,59173.046423,59355.864978,-10.369759538010246,162.70470320931344,173.07446274732368,4.1186050364462545,13.024282874182,100.04466818138766,True,False,False,The reference epochs used in this audit are heterogeneous literature-derived descriptive anchors. Equal numerical window bounds relative to these anchors do not imply that the anchors represent the same physical phase across events.
REF_M30_180,bounded_reference_anchored_sensitivity_grid,-30.0,180.0,AT2020zso,U,FLUX,0.0563,59184.0,bolometric_peak,18,17,1,0.9444444444444444,5,0,12,59173.045444,59355.864061,-10.37068635803934,162.70383508472992,173.07452144276925,4.118462557987124,13.02431364195639,100.0445574173971,True,False,False,The reference epochs used in this audit are heterogeneous literature-derived descriptive anchors. Equal numerical window bounds relative to these anchors do not imply that the anchors represent the same physical phase across events.
REF_M30_180,bounded_reference_anchored_sensitivity_grid,-30.0,180.0,AT2020zso,UVM2,FLUX,0.0563,59184.0,bolometric_peak,17,16,1,0.9411764705882353,5,0,11,59173.053128,59355.874285,-10.363411909495824,162.71351415317434,173.07692606267017,4.9398371674767185,13.104804316953455,100.04291394490032,True,False,False,The reference epochs used in this audit are heterogeneous literature-derived descriptive anchors. Equal numerical window bounds relative to these anchors do not imply that the anchors represent the same physical phase across events.
REF_M30_180,bounded_reference_anchored_sensitivity_grid,-30.0,180.0,AT2020zso,UVW1,FLUX,0.0563,59184.0,bolometric_peak,18,17,1,0.9444444444444444,5,0,12,59173.044009,59355.862281,-10.372044873617856,162.7021499573999,173.07419483101776,4.118176654360905,13.02412146170839,100.04476853166646,True,False,False,The reference epochs used in this audit are heterogeneous literature-derived descriptive anchors. Equal numerical window bounds relative to these anchors do not imply that the anchors represent the same physical phase across events.
REF_M30_180,bounded_reference_anchored_sensitivity_grid,-30.0,180.0,AT2020zso,UVW2,FLUX,0.0563,59184.0,bolometric_peak,18,17,1,0.9444444444444444,5,0,12,59173.048803,59355.867634,-10.367506390232073,162.70721764650384,173.07472403673592,4.119024424881786,13.024310328506093,100.04457635141847,True,False,False,The reference epochs used in this audit are heterogeneous literature-derived descriptive anchors. Equal numerical window bounds relative to these anchors do not imply that the anchors represent the same physical phase across events.
REF_M30_180,bounded_reference_anchored_sensitivity_grid,-30.0,180.0,AT2020zso,W1,FLUX,0.0563,59184.0,bolometric_peak,21,2,19,0.09523809523809523,1,0,1,59158.45764373,59359.3580796,-24.18096778377508,166.0116251065061,190.19259289028116,190.19259289028116,190.19259289028116,190.19259289028116,True,False,False,The reference epochs used in this audit are heterogeneous literature-derived descriptive anchors. Equal numerical window bounds relative to these anchors do not imply that the anchors represent the same physical phase across events.
REF_M30_180,bounded_reference_anchored_sensitivity_grid,-30.0,180.0,AT2020zso,W2,FLUX,0.0563,59184.0,bolometric_peak,21,2,19,0.09523809523809523,1,0,1,59158.45764373,59359.3580796,-24.18096778377508,166.0116251065061,190.19259289028116,190.19259289028116,190.19259289028116,190.19259289028116,True,False,False,The reference epochs used in this audit are heterogeneous literature-derived descriptive anchors. Equal numerical window bounds relative to these anchors do not imply that the anchors represent the same physical phase across events.
REF_M30_180,bounded_reference_anchored_sensitivity_grid,-30.0,180.0,AT2020zso,g,FLUX,0.0563,59184.0,bolometric_peak,269,21,248,0.07806691449814127,13,0,8,59155.18285880005,59373.43918980006,-27.281209126147996,179.34222266407392,206.62343179022193,1.8914182049973571,7.008146265565559,159.34398021412503,True,False,False,The reference epochs used in this audit are heterogeneous literature-derived descriptive anchors. Equal numerical window bounds relative to these anchors do not imply that the anchors represent the same physical phase across events.
REF_M30_180,bounded_reference_anchored_sensitivity_grid,-30.0,180.0,AT2020zso,i,FLUX,0.0563,59184.0,bolometric_peak,64,0,64,0,0,0,0,,,,,,,,,True,False,False,The reference epochs used in this audit are heterogeneous literature-derived descriptive anchors. Equal numerical window bounds relative to these anchors do not imply that the anchors represent the same physical phase across events.
REF_M30_180,bounded_reference_anchored_sensitivity_grid,-30.0,180.0,AT2020zso,r,FLUX,0.0563,59184.0,bolometric_peak,324,61,263,0.1882716049382716,17,0,44,59154.187384299934,59373.40276619978,-28.223625579916774,179.307740414449,207.53136599436579,0.0060099875532400315,4.8426460567482685,130.0672486034389,True,False,False,The reference epochs used in this audit are heterogeneous literature-derived descriptive anchors. Equal numerical window bounds relative to these anchors do not imply that the anchors represent the same physical phase across events.
REF_M30_365,bounded_reference_anchored_sensitivity_grid,-30.0,365.0,AT2018hyz,g,MAGNITUDE,0.04573,58429.0,bolometric_peak,79,79,0,1.0,2,0,77,58405.480409999844,58652.978515625,-22.491073221726747,214.1838864955581,236.67495971728488,1.994719000124315,6.087068064892466,14.349851300163051,True,False,False,The reference epochs used in this audit are heterogeneous literature-derived descriptive anchors. Equal numerical window bounds relative to these anchors do not imply that the anchors represent the same physical phase across events.
REF_M30_365,bounded_reference_anchored_sensitivity_grid,-30.0,365.0,AT2019qiz,g,MAGNITUDE,0.01513,58764.0,bolometric_peak,55,55,0,1.0,11,0,44,58746.5,58907.47,-17.239171337661183,141.33165210367258,158.57082344133377,2.8025967117523507,6.126308945653228,8.274802242078803,True,False,False,The reference epochs used in this audit are heterogeneous literature-derived descriptive anchors. Equal numerical window bounds relative to these anchors do not imply that the anchors represent the same physical phase across events.
REF_M30_365,bounded_reference_anchored_sensitivity_grid,-30.0,365.0,AT2019qiz,i,MAGNITUDE,0.01513,58764.0,bolometric_peak,29,29,0,1.0,3,0,26,58752.27,58903.11,-11.555170273761194,137.03663570183184,148.59180597559305,4.04381704806238,8.552599174489938,15.150768867039078,True,False,False,The reference epochs used in this audit are heterogeneous literature-derived descriptive anchors. Equal numerical window bounds relative to these anchors do not imply that the anchors represent the same physical phase across events.
REF_M30_365,bounded_reference_anchored_sensitivity_grid,-30.0,365.0,AT2019qiz,r,MAGNITUDE,0.01513,58764.0,bolometric_peak,61,61,0,1.0,9,0,52,58745.49,58907.48,-18.234117797722494,141.3415030587247,159.5756208564472,2.699161683726814,5.1816023563511715,9.870656960189136,True,False,False,The reference epochs used in this audit are heterogeneous literature-derived descriptive anchors. Equal numerical window bounds relative to these anchors do not imply that the anchors represent the same physical phase across events.
REF_M30_365,bounded_reference_anchored_sensitivity_grid,-30.0,365.0,AT2020wey,W1,FLUX,0.02738,59152.0,r_band_peak,20,3,17,0.15,1,0,2,59143.278646855004,59507.412653139996,-8.488926341758747,345.9407941949387,354.42972053669746,177.21486026834873,196.45491213426283,201.26492510074132,True,False,False,The reference epochs used in this audit are heterogeneous literature-derived descriptive anchors. Equal numerical window bounds relative to these anchors do not imply that the anchors represent the same physical phase across events.
REF_M30_365,bounded_reference_anchored_sensitivity_grid,-30.0,365.0,AT2020wey,W2,FLUX,0.02738,59152.0,r_band_peak,20,3,17,0.15,1,0,2,59143.278646855004,59507.412653139996,-8.488926341758747,345.9407941949387,354.42972053669746,177.21486026834873,196.45491213426283,201.26492510074132,True,False,False,The reference epochs used in this audit are heterogeneous literature-derived descriptive anchors. Equal numerical window bounds relative to these anchors do not imply that the anchors represent the same physical phase across events.
REF_M30_365,bounded_reference_anchored_sensitivity_grid,-30.0,365.0,AT2020wey,g,FLUX,0.02738,59152.0,r_band_peak,683,225,458,0.3294289897510981,20,0,205,59121.49187499983,59526.45796300005,-29.695073877404308,364.4785405595317,394.173614436936,0.9226938425881368,2.9444650082741948,122.85209659524503,True,False,False,The reference epochs used in this audit are heterogeneous literature-derived descriptive anchors. Equal numerical window bounds relative to these anchors do not imply that the anchors represent the same physical phase across events.
REF_M30_365,bounded_reference_anchored_sensitivity_grid,-30.0,365.0,AT2020wey,r,FLUX,0.02738,59152.0,r_band_peak,801,244,557,0.3046192259675406,20,0,224,59121.47313660011,59526.51269679982,-29.71331289288583,364.53181568633045,394.24512857921627,0.9261355095461437,2.858020576834012,87.9007767331579,True,False,False,The reference epochs used in this audit are heterogeneous literature-derived descriptive anchors. Equal numerical window bounds relative to these anchors do not imply that the anchors represent the same physical phase across events.
REF_M30_365,bounded_reference_anchored_sensitivity_grid,-30.0,365.0,AT2020ysg,W1,FLUX,0.277,59122.64,fitted_lightcurve_peak,21,3,18,0.14285714285714285,0,0,3,59185.03460178,59551.91681451,48.86029896632511,336.160387243538,287.30008827721286,143.65004413860646,159.51376215583159,163.47969166013786,True,False,False,The reference epochs used in this audit are heterogeneous literature-derived descriptive anchors. Equal numerical window bounds relative to these anchors do not imply that the anchors represent the same physical phase across events.
REF_M30_365,bounded_reference_anchored_sensitivity_grid,-30.0,365.0,AT2020ysg,W2,FLUX,0.277,59122.64,fitted_lightcurve_peak,21,3,18,0.14285714285714285,0,0,3,59185.03460178,59551.91681451,48.86029896632511,336.160387243538,287.30008827721286,143.65004413860646,159.51376215583159,163.47969166013786,True,False,False,The reference epochs used in this audit are heterogeneous literature-derived descriptive anchors. Equal numerical window bounds relative to these anchors do not imply that the anchors represent the same physical phase across events.
REF_M30_365,bounded_reference_anchored_sensitivity_grid,-30.0,365.0,AT2020ysg,g,FLUX,0.277,59122.64,fitted_lightcurve_peak,421,107,314,0.25415676959619954,0,0,107,59150.516018500086,59536.448877300136,21.82930187947259,324.04767212226807,302.21837024279546,1.5167973373309884,4.279425528524742,103.58584213005662,True,False,False,The reference epochs used in this audit are heterogeneous literature-derived descriptive anchors. Equal numerical window bounds relative to these anchors do not imply that the anchors represent the same physical phase across events.
REF_M30_365,bounded_reference_anchored_sensitivity_grid,-30.0,365.0,AT2020ysg,i,FLUX,0.277,59122.64,fitted_lightcurve_peak,79,37,42,0.46835443037974683,0,0,37,59189.53078699997,59540.49562499998,52.38119577131364,327.2166209866734,274.83542521535975,2.797789937330114,9.001167384599835,113.77597595955199,True,False,False,The reference epochs used in this audit are heterogeneous literature-derived descriptive anchors. Equal numerical window bounds relative to these anchors do not imply that the anchors represent the same physical phase across events.
REF_M30_365,bounded_reference_anchored_sensitivity_grid,-30.0,365.0,AT2020ysg,r,FLUX,0.277,59122.64,fitted_lightcurve_peak,531,181,350,0.3408662900188324,0,0,181,59137.53096059989,59536.51695600012,11.660893187073157,324.10098355530437,312.4400903682312,0.7890944792863532,3.9123995142449903,54.31335920120823,True,False,False,The reference epochs used in this audit are heterogeneous literature-derived descriptive anchors. Equal numerical window bounds relative to these anchors do not imply that the anchors represent the same physical phase across events.
REF_M30_365,bounded_reference_anchored_sensitivity_grid,-30.0,365.0,AT2020yue,W1,FLUX,0.204,59179.44,fitted_rest_frame_g_band_peak,21,3,18,0.14285714285714285,0,0,3,59182.387754945,59549.500640585,2.44830144933124,307.3593360340512,304.9110345847199,152.45551729235996,169.33723032557964,173.55765858388455,True,False,False,The reference epochs used in this audit are heterogeneous literature-derived descriptive anchors. Equal numerical window bounds relative to these anchors do not imply that the anchors represent the same physical phase across events.
REF_M30_365,bounded_reference_anchored_sensitivity_grid,-30.0,365.0,AT2020yue,W2,FLUX,0.204,59179.44,fitted_rest_frame_g_band_peak,21,3,18,0.14285714285714285,0,0,3,59182.387754945,59549.500640585,2.44830144933124,307.3593360340512,304.9110345847199,152.45551729235996,169.33723032557964,173.55765858388455,True,False,False,The reference epochs used in this audit are heterogeneous literature-derived descriptive anchors. Equal numerical window bounds relative to these anchors do not imply that the anchors represent the same physical phase across events.
REF_M30_365,bounded_reference_anchored_sensitivity_grid,-30.0,365.0,AT2020yue,g,FLUX,0.204,59179.44,fitted_rest_frame_g_band_peak,218,79,139,0.3623853211009174,9,0,70,59149.505381899886,59550.48468750017,-24.862639618036958,308.1766507476456,333.0392903656826,1.679274128042966,5.84654838041684,114.04890714265852,True,False,False,The reference epochs used in this audit are heterogeneous literature-derived descriptive anchors. Equal numerical window bounds relative to these anchors do not imply that the anchors represent the same physical phase across events.
REF_M30_365,bounded_reference_anchored_sensitivity_grid,-30.0,365.0,AT2020yue,r,FLUX,0.204,59179.44,fitted_rest_frame_g_band_peak,282,108,174,0.3829787234042553,13,0,95,59143.52444439987,59532.478773099836,-29.83019568117535,293.2215723420545,323.0517680232299,1.6418170265890535,5.057645415225101,93.28119235888335,True,False,False,The reference epochs used in this audit are heterogeneous literature-derived descriptive anchors. Equal numerical window bounds relative to these anchors do not imply that the anchors represent the same physical phase across events.
REF_M30_365,bounded_reference_anchored_sensitivity_grid,-30.0,365.0,AT2020zso,B,FLUX,0.0563,59184.0,bolometric_peak,18,17,1,0.9444444444444444,5,0,12,59173.046423,59355.864978,-10.369759538010246,162.70470320931344,173.07446274732368,4.1186050364462545,13.024282874182,100.04466818138766,True,False,False,The reference epochs used in this audit are heterogeneous literature-derived descriptive anchors. Equal numerical window bounds relative to these anchors do not imply that the anchors represent the same physical phase across events.
REF_M30_365,bounded_reference_anchored_sensitivity_grid,-30.0,365.0,AT2020zso,U,FLUX,0.0563,59184.0,bolometric_peak,18,17,1,0.9444444444444444,5,0,12,59173.045444,59355.864061,-10.37068635803934,162.70383508472992,173.07452144276925,4.118462557987124,13.02431364195639,100.0445574173971,True,False,False,The reference epochs used in this audit are heterogeneous literature-derived descriptive anchors. Equal numerical window bounds relative to these anchors do not imply that the anchors represent the same physical phase across events.
REF_M30_365,bounded_reference_anchored_sensitivity_grid,-30.0,365.0,AT2020zso,UVM2,FLUX,0.0563,59184.0,bolometric_peak,17,16,1,0.9411764705882353,5,0,11,59173.053128,59355.874285,-10.363411909495824,162.71351415317434,173.07692606267017,4.9398371674767185,13.104804316953455,100.04291394490032,True,False,False,The reference epochs used in this audit are heterogeneous literature-derived descriptive anchors. Equal numerical window bounds relative to these anchors do not imply that the anchors represent the same physical phase across events.
REF_M30_365,bounded_reference_anchored_sensitivity_grid,-30.0,365.0,AT2020zso,UVW1,FLUX,0.0563,59184.0,bolometric_peak,18,17,1,0.9444444444444444,5,0,12,59173.044009,59355.862281,-10.372044873617856,162.7021499573999,173.07419483101776,4.118176654360905,13.02412146170839,100.04476853166646,True,False,False,The reference epochs used in this audit are heterogeneous literature-derived descriptive anchors. Equal numerical window bounds relative to these anchors do not imply that the anchors represent the same physical phase across events.
REF_M30_365,bounded_reference_anchored_sensitivity_grid,-30.0,365.0,AT2020zso,UVW2,FLUX,0.0563,59184.0,bolometric_peak,18,17,1,0.9444444444444444,5,0,12,59173.048803,59355.867634,-10.367506390232073,162.70721764650384,173.07472403673592,4.119024424881786,13.024310328506093,100.04457635141847,True,False,False,The reference epochs used in this audit are heterogeneous literature-derived descriptive anchors. Equal numerical window bounds relative to these anchors do not imply that the anchors represent the same physical phase across events.
REF_M30_365,bounded_reference_anchored_sensitivity_grid,-30.0,365.0,AT2020zso,W1,FLUX,0.0563,59184.0,bolometric_peak,21,3,18,0.14285714285714285,1,0,2,59158.45764373,59522.68014508,-24.18096778377508,320.6287466439436,344.80971442771863,172.40485721385932,186.6350457549968,190.19259289028116,True,False,False,The reference epochs used in this audit are heterogeneous literature-derived descriptive anchors. Equal numerical window bounds relative to these anchors do not imply that the anchors represent the same physical phase across events.
REF_M30_365,bounded_reference_anchored_sensitivity_grid,-30.0,365.0,AT2020zso,W2,FLUX,0.0563,59184.0,bolometric_peak,21,3,18,0.14285714285714285,1,0,2,59158.45764373,59522.68014508,-24.18096778377508,320.6287466439436,344.80971442771863,172.40485721385932,186.6350457549968,190.19259289028116,True,False,False,The reference epochs used in this audit are heterogeneous literature-derived descriptive anchors. Equal numerical window bounds relative to these anchors do not imply that the anchors represent the same physical phase across events.
REF_M30_365,bounded_reference_anchored_sensitivity_grid,-30.0,365.0,AT2020zso,g,FLUX,0.0563,59184.0,bolometric_peak,269,61,208,0.22676579925650558,13,0,48,59155.18285880005,59550.17150459997,-27.281209126147996,346.6548372621164,373.9360463882644,1.9047311843527792,9.416629555927432,159.34398021412503,True,False,False,The reference epochs used in this audit are heterogeneous literature-derived descriptive anchors. Equal numerical window bounds relative to these anchors do not imply that the anchors represent the same physical phase across events.
REF_M30_365,bounded_reference_anchored_sensitivity_grid,-30.0,365.0,AT2020zso,i,FLUX,0.0563,59184.0,bolometric_peak,64,19,45,0.296875,0,0,19,59399.43984950008,59542.12731479993,203.95706664780715,339.039396762218,135.08233011441087,6.618035359347447,13.189664962556462,15.109738426796671,True,False,False,The reference epochs used in this audit are heterogeneous literature-derived descriptive anchors. Equal numerical window bounds relative to these anchors do not imply that the anchors represent the same physical phase across events.
REF_M30_365,bounded_reference_anchored_sensitivity_grid,-30.0,365.0,AT2020zso,r,FLUX,0.0563,59184.0,bolometric_peak,324,101,223,0.3117283950617284,17,0,84,59154.187384299934,59550.102511600126,-28.223625579916774,346.58952153756087,374.8131471174777,0.9352066647587604,7.682672678190995,130.0672486034389,True,False,False,The reference epochs used in this audit are heterogeneous literature-derived descriptive anchors. Equal numerical window bounds relative to these anchors do not imply that the anchors represent the same physical phase across events.
REF_M30_730,bounded_reference_anchored_sensitivity_grid,-30.0,730.0,AT2018hyz,g,MAGNITUDE,0.04573,58429.0,bolometric_peak,79,79,0,1.0,2,0,77,58405.480409999844,58652.978515625,-22.491073221726747,214.1838864955581,236.67495971728488,1.994719000124315,6.087068064892466,14.349851300163051,True,False,False,The reference epochs used in this audit are heterogeneous literature-derived descriptive anchors. Equal numerical window bounds relative to these anchors do not imply that the anchors represent the same physical phase across events.
REF_M30_730,bounded_reference_anchored_sensitivity_grid,-30.0,730.0,AT2019qiz,g,MAGNITUDE,0.01513,58764.0,bolometric_peak,55,55,0,1.0,11,0,44,58746.5,58907.47,-17.239171337661183,141.33165210367258,158.57082344133377,2.8025967117523507,6.126308945653228,8.274802242078803,True,False,False,The reference epochs used in this audit are heterogeneous literature-derived descriptive anchors. Equal numerical window bounds relative to these anchors do not imply that the anchors represent the same physical phase across events.
REF_M30_730,bounded_reference_anchored_sensitivity_grid,-30.0,730.0,AT2019qiz,i,MAGNITUDE,0.01513,58764.0,bolometric_peak,29,29,0,1.0,3,0,26,58752.27,58903.11,-11.555170273761194,137.03663570183184,148.59180597559305,4.04381704806238,8.552599174489938,15.150768867039078,True,False,False,The reference epochs used in this audit are heterogeneous literature-derived descriptive anchors. Equal numerical window bounds relative to these anchors do not imply that the anchors represent the same physical phase across events.
REF_M30_730,bounded_reference_anchored_sensitivity_grid,-30.0,730.0,AT2019qiz,r,MAGNITUDE,0.01513,58764.0,bolometric_peak,61,61,0,1.0,9,0,52,58745.49,58907.48,-18.234117797722494,141.3415030587247,159.5756208564472,2.699161683726814,5.1816023563511715,9.870656960189136,True,False,False,The reference epochs used in this audit are heterogeneous literature-derived descriptive anchors. Equal numerical window bounds relative to these anchors do not imply that the anchors represent the same physical phase across events.
REF_M30_730,bounded_reference_anchored_sensitivity_grid,-30.0,730.0,AT2020wey,W1,FLUX,0.02738,59152.0,r_band_peak,20,5,15,0.25,1,0,4,59143.278646855004,59874.46088674,-8.488926341758747,703.2070769724951,711.6960033142539,177.2152252525863,203.25000769141002,204.10075737312516,True,False,False,The reference epochs used in this audit are heterogeneous literature-derived descriptive anchors. Equal numerical window bounds relative to these anchors do not imply that the anchors represent the same physical phase across events.
REF_M30_730,bounded_reference_anchored_sensitivity_grid,-30.0,730.0,AT2020wey,W2,FLUX,0.02738,59152.0,r_band_peak,20,5,15,0.25,1,0,4,59143.278646855004,59874.46088674,-8.488926341758747,703.2070769724951,711.6960033142539,177.2152252525863,203.25000769141002,204.10075737312516,True,False,False,The reference epochs used in this audit are heterogeneous literature-derived descriptive anchors. Equal numerical window bounds relative to these anchors do not imply that the anchors represent the same physical phase across events.
REF_M30_730,bounded_reference_anchored_sensitivity_grid,-30.0,730.0,AT2020wey,g,FLUX,0.02738,59152.0,r_band_peak,683,313,370,0.4582723279648609,20,0,293,59121.49187499983,59901.51525459997,-29.695073877404308,729.540437423323,759.2355113007274,0.9353000836071916,3.812127362891918,134.49894664089888,True,False,False,The reference epochs used in this audit are heterogeneous literature-derived descriptive anchors. Equal numerical window bounds relative to these anchors do not imply that the anchors represent the same physical phase across events.
REF_M30_730,bounded_reference_anchored_sensitivity_grid,-30.0,730.0,AT2020wey,r,FLUX,0.02738,59152.0,r_band_peak,801,346,455,0.43196004993757803,20,0,326,59121.47313660011,59901.49124999996,-29.71331289288583,729.5170725534493,759.2303854463352,0.9226993908369034,3.0030226011489374,95.68684196703043,True,False,False,The reference epochs used in this audit are heterogeneous literature-derived descriptive anchors. Equal numerical window bounds relative to these anchors do not imply that the anchors represent the same physical phase across events.
REF_M30_730,bounded_reference_anchored_sensitivity_grid,-30.0,730.0,AT2020ysg,W1,FLUX,0.277,59122.64,fitted_lightcurve_peak,21,5,16,0.23809523809523808,0,0,5,59185.03460178,59915.97587665,48.86029896632511,621.249707635084,572.3894086687588,143.45010300313618,163.3597269788557,163.47969166013786,True,False,False,The reference epochs used in this audit are heterogeneous literature-derived descriptive anchors. Equal numerical window bounds relative to these anchors do not imply that the anchors represent the same physical phase across events.
REF_M30_730,bounded_reference_anchored_sensitivity_grid,-30.0,730.0,AT2020ysg,W2,FLUX,0.277,59122.64,fitted_lightcurve_peak,21,5,16,0.23809523809523808,0,0,5,59185.03460178,59915.97587665,48.86029896632511,621.249707635084,572.3894086687588,143.45010300313618,163.3597269788557,163.47969166013786,True,False,False,The reference epochs used in this audit are heterogeneous literature-derived descriptive anchors. Equal numerical window bounds relative to these anchors do not imply that the anchors represent the same physical phase across events.
REF_M30_730,bounded_reference_anchored_sensitivity_grid,-30.0,730.0,AT2020ysg,g,FLUX,0.277,59122.64,fitted_lightcurve_peak,421,199,222,0.47268408551068886,0,0,199,59150.516018500086,60054.26151619991,21.82930187947259,729.5391669537302,707.7098650742576,1.5043940093549157,5.460993469034204,112.96859146449525,True,False,False,The reference epochs used in this audit are heterogeneous literature-derived descriptive anchors. Equal numerical window bounds relative to these anchors do not imply that the anchors represent the same physical phase across events.
REF_M30_730,bounded_reference_anchored_sensitivity_grid,-30.0,730.0,AT2020ysg,i,FLUX,0.277,59122.64,fitted_lightcurve_peak,79,62,17,0.7848101265822784,0,0,62,59189.53078699997,60054.388553199824,52.38119577131364,729.6386477680693,677.2574519967555,4.698158653136473,18.76569796388585,113.77597595955199,True,False,False,The reference epochs used in this audit are heterogeneous literature-derived descriptive anchors. Equal numerical window bounds relative to these anchors do not imply that the anchors represent the same physical phase across events.
REF_M30_730,bounded_reference_anchored_sensitivity_grid,-30.0,730.0,AT2020ysg,r,FLUX,0.277,59122.64,fitted_lightcurve_peak,531,299,232,0.5630885122410546,0,0,299,59137.53096059989,60052.27799770003,11.660893187073157,727.9859026625155,716.3250094754424,0.793340681383303,4.686693367223746,67.25283868438743,True,False,False,The reference epochs used in this audit are heterogeneous literature-derived descriptive anchors. Equal numerical window bounds relative to these anchors do not imply that the anchors represent the same physical phase across events.
REF_M30_730,bounded_reference_anchored_sensitivity_grid,-30.0,730.0,AT2020yue,W1,FLUX,0.204,59179.44,fitted_rest_frame_g_band_peak,21,5,16,0.23809523809523808,0,0,5,59182.387754945,59913.501500935,2.44830144933124,609.6856320058142,607.237330556483,152.35323246262874,173.49628768604583,173.55765858388455,True,False,False,The reference epochs used in this audit are heterogeneous literature-derived descriptive anchors. Equal numerical window bounds relative to these anchors do not imply that the anchors represent the same physical phase across events.
REF_M30_730,bounded_reference_anchored_sensitivity_grid,-30.0,730.0,AT2020yue,W2,FLUX,0.204,59179.44,fitted_rest_frame_g_band_peak,21,5,16,0.23809523809523808,0,0,5,59182.387754945,59913.501500935,2.44830144933124,609.6856320058142,607.237330556483,152.35323246262874,173.49628768604583,173.55765858388455,True,False,False,The reference epochs used in this audit are heterogeneous literature-derived descriptive anchors. Equal numerical window bounds relative to these anchors do not imply that the anchors represent the same physical phase across events.
REF_M30_730,bounded_reference_anchored_sensitivity_grid,-30.0,730.0,AT2020yue,g,FLUX,0.204,59179.44,fitted_rest_frame_g_band_peak,218,121,97,0.555045871559633,9,0,112,59149.505381899886,60058.29887730023,-24.862639618036958,729.949233638062,754.8118732560989,1.7326360050530059,9.189393779029295,128.08654792343833,True,False,False,The reference epochs used in this audit are heterogeneous literature-derived descriptive anchors. Equal numerical window bounds relative to these anchors do not imply that the anchors represent the same physical phase across events.
REF_M30_730,bounded_reference_anchored_sensitivity_grid,-30.0,730.0,AT2020yue,r,FLUX,0.204,59179.44,fitted_rest_frame_g_band_peak,282,173,109,0.6134751773049646,13,0,160,59143.52444439987,59984.341851899866,-29.83019568117535,668.5231328071958,698.3533284883712,1.6451191031018217,5.862286752260034,97.45799111313747,True,False,False,The reference epochs used in this audit are heterogeneous literature-derived descriptive anchors. Equal numerical window bounds relative to these anchors do not imply that the anchors represent the same physical phase across events.
REF_M30_730,bounded_reference_anchored_sensitivity_grid,-30.0,730.0,AT2020zso,B,FLUX,0.0563,59184.0,bolometric_peak,18,17,1,0.9444444444444444,5,0,12,59173.046423,59355.864978,-10.369759538010246,162.70470320931344,173.07446274732368,4.1186050364462545,13.024282874182,100.04466818138766,True,False,False,The reference epochs used in this audit are heterogeneous literature-derived descriptive anchors. Equal numerical window bounds relative to these anchors do not imply that the anchors represent the same physical phase across events.
REF_M30_730,bounded_reference_anchored_sensitivity_grid,-30.0,730.0,AT2020zso,U,FLUX,0.0563,59184.0,bolometric_peak,18,17,1,0.9444444444444444,5,0,12,59173.045444,59355.864061,-10.37068635803934,162.70383508472992,173.07452144276925,4.118462557987124,13.02431364195639,100.0445574173971,True,False,False,The reference epochs used in this audit are heterogeneous literature-derived descriptive anchors. Equal numerical window bounds relative to these anchors do not imply that the anchors represent the same physical phase across events.
REF_M30_730,bounded_reference_anchored_sensitivity_grid,-30.0,730.0,AT2020zso,UVM2,FLUX,0.0563,59184.0,bolometric_peak,17,16,1,0.9411764705882353,5,0,11,59173.053128,59355.874285,-10.363411909495824,162.71351415317434,173.07692606267017,4.9398371674767185,13.104804316953455,100.04291394490032,True,False,False,The reference epochs used in this audit are heterogeneous literature-derived descriptive anchors. Equal numerical window bounds relative to these anchors do not imply that the anchors represent the same physical phase across events.
REF_M30_730,bounded_reference_anchored_sensitivity_grid,-30.0,730.0,AT2020zso,UVW1,FLUX,0.0563,59184.0,bolometric_peak,18,17,1,0.9444444444444444,5,0,12,59173.044009,59355.862281,-10.372044873617856,162.7021499573999,173.07419483101776,4.118176654360905,13.02412146170839,100.04476853166646,True,False,False,The reference epochs used in this audit are heterogeneous literature-derived descriptive anchors. Equal numerical window bounds relative to these anchors do not imply that the anchors represent the same physical phase across events.
REF_M30_730,bounded_reference_anchored_sensitivity_grid,-30.0,730.0,AT2020zso,UVW2,FLUX,0.0563,59184.0,bolometric_peak,18,17,1,0.9444444444444444,5,0,12,59173.048803,59355.867634,-10.367506390232073,162.70721764650384,173.07472403673592,4.119024424881786,13.024310328506093,100.04457635141847,True,False,False,The reference epochs used in this audit are heterogeneous literature-derived descriptive anchors. Equal numerical window bounds relative to these anchors do not imply that the anchors represent the same physical phase across events.
REF_M30_730,bounded_reference_anchored_sensitivity_grid,-30.0,730.0,AT2020zso,W1,FLUX,0.0563,59184.0,bolometric_peak,21,5,16,0.23809523809523808,1,0,4,59158.45764373,59889.65510792,-24.18096778377508,668.0442184227965,692.2251862065715,172.40485721385932,192.0926742156625,192.90699478368307,True,False,False,The reference epochs used in this audit are heterogeneous literature-derived descriptive anchors. Equal numerical window bounds relative to these anchors do not imply that the anchors represent the same physical phase across events.
REF_M30_730,bounded_reference_anchored_sensitivity_grid,-30.0,730.0,AT2020zso,W2,FLUX,0.0563,59184.0,bolometric_peak,21,5,16,0.23809523809523808,1,0,4,59158.45764373,59889.65510792,-24.18096778377508,668.0442184227965,692.2251862065715,172.40485721385932,192.0926742156625,192.90699478368307,True,False,False,The reference epochs used in this audit are heterogeneous literature-derived descriptive anchors. Equal numerical window bounds relative to these anchors do not imply that the anchors represent the same physical phase across events.
REF_M30_730,bounded_reference_anchored_sensitivity_grid,-30.0,730.0,AT2020zso,g,FLUX,0.0563,59184.0,bolometric_peak,269,114,155,0.42379182156133827,13,0,101,59155.18285880005,59932.12321759993,-27.281209126147996,708.2488096184153,735.5300187445633,1.9252540001087226,9.408182713086662,182.02252532434397,True,False,False,The reference epochs used in this audit are heterogeneous literature-derived descriptive anchors. Equal numerical window bounds relative to these anchors do not imply that the anchors represent the same physical phase across events.
REF_M30_730,bounded_reference_anchored_sensitivity_grid,-30.0,730.0,AT2020zso,i,FLUX,0.0563,59184.0,bolometric_peak,64,44,20,0.6875,0,0,44,59399.43984950008,59902.22737269988,203.95706664780715,679.9463908926278,475.9893242448207,4.739300009298057,14.930954425987435,185.8534529018016,True,False,False,The reference epochs used in this audit are heterogeneous literature-derived descriptive anchors. Equal numerical window bounds relative to these anchors do not imply that the anchors represent the same physical phase across events.
REF_M30_730,bounded_reference_anchored_sensitivity_grid,-30.0,730.0,AT2020zso,r,FLUX,0.0563,59184.0,bolometric_peak,324,142,182,0.4382716049382716,17,0,125,59154.187384299934,59924.17193289986,-28.223625579916774,700.721322446141,728.9449480260578,1.87348130251745,8.485977847224682,171.68688705857744,True,False,False,The reference epochs used in this audit are heterogeneous literature-derived descriptive anchors. Equal numerical window bounds relative to these anchors do not imply that the anchors represent the same physical phase across events.
REF_M60_180,bounded_reference_anchored_sensitivity_grid,-60.0,180.0,AT2018hyz,g,MAGNITUDE,0.04573,58429.0,bolometric_peak,79,62,17,0.7848101265822784,2,0,60,58405.480409999844,58606.2734375,-22.491073221726747,169.5212315798533,192.01230480158006,2.2935533072590437,6.3184778814799225,14.349851300163051,True,False,False,The reference epochs used in this audit are heterogeneous literature-derived descriptive anchors. Equal numerical window bounds relative to these anchors do not imply that the anchors represent the same physical phase across events.
REF_M60_180,bounded_reference_anchored_sensitivity_grid,-60.0,180.0,AT2019qiz,g,MAGNITUDE,0.01513,58764.0,bolometric_peak,55,55,0,1.0,11,0,44,58746.5,58907.47,-17.239171337661183,141.33165210367258,158.57082344133377,2.8025967117523507,6.126308945653228,8.274802242078803,True,False,False,The reference epochs used in this audit are heterogeneous literature-derived descriptive anchors. Equal numerical window bounds relative to these anchors do not imply that the anchors represent the same physical phase across events.
REF_M60_180,bounded_reference_anchored_sensitivity_grid,-60.0,180.0,AT2019qiz,i,MAGNITUDE,0.01513,58764.0,bolometric_peak,29,29,0,1.0,3,0,26,58752.27,58903.11,-11.555170273761194,137.03663570183184,148.59180597559305,4.04381704806238,8.552599174489938,15.150768867039078,True,False,False,The reference epochs used in this audit are heterogeneous literature-derived descriptive anchors. Equal numerical window bounds relative to these anchors do not imply that the anchors represent the same physical phase across events.
REF_M60_180,bounded_reference_anchored_sensitivity_grid,-60.0,180.0,AT2019qiz,r,MAGNITUDE,0.01513,58764.0,bolometric_peak,61,61,0,1.0,9,0,52,58745.49,58907.48,-18.234117797722494,141.3415030587247,159.5756208564472,2.699161683726814,5.1816023563511715,9.870656960189136,True,False,False,The reference epochs used in this audit are heterogeneous literature-derived descriptive anchors. Equal numerical window bounds relative to these anchors do not imply that the anchors represent the same physical phase across events.
REF_M60_180,bounded_reference_anchored_sensitivity_grid,-60.0,180.0,AT2020wey,W1,FLUX,0.02738,59152.0,r_band_peak,20,2,18,0.1,1,0,1,59143.278646855004,59300.63709439,-8.488926341758747,144.67586909419737,153.1647954359561,153.1647954359561,153.1647954359561,153.1647954359561,True,False,False,The reference epochs used in this audit are heterogeneous literature-derived descriptive anchors. Equal numerical window bounds relative to these anchors do not imply that the anchors represent the same physical phase across events.
REF_M60_180,bounded_reference_anchored_sensitivity_grid,-60.0,180.0,AT2020wey,W2,FLUX,0.02738,59152.0,r_band_peak,20,2,18,0.1,1,0,1,59143.278646855004,59300.63709439,-8.488926341758747,144.67586909419737,153.1647954359561,153.1647954359561,153.1647954359561,153.1647954359561,True,False,False,The reference epochs used in this audit are heterogeneous literature-derived descriptive anchors. Equal numerical window bounds relative to these anchors do not imply that the anchors represent the same physical phase across events.
REF_M60_180,bounded_reference_anchored_sensitivity_grid,-60.0,180.0,AT2020wey,g,FLUX,0.02738,59152.0,r_band_peak,683,181,502,0.26500732064421667,20,0,161,59121.49187499983,59336.23361109989,-29.695073877404308,179.32372744251168,209.01880131991598,0.9269972648499515,2.917169547759101,14.525948431971663,True,False,False,The reference epochs used in this audit are heterogeneous literature-derived descriptive anchors. Equal numerical window bounds relative to these anchors do not imply that the anchors represent the same physical phase across events.
REF_M60_180,bounded_reference_anchored_sensitivity_grid,-60.0,180.0,AT2020wey,r,FLUX,0.02738,59152.0,r_band_peak,801,181,620,0.22596754057428214,20,0,161,59121.47313660011,59336.32319439994,-29.71331289288583,179.41092331945504,209.12423621234086,0.927216949847091,2.054549718602406,15.605600556953107,True,False,False,The reference epochs used in this audit are heterogeneous literature-derived descriptive anchors. Equal numerical window bounds relative to these anchors do not imply that the anchors represent the same physical phase across events.
REF_M60_180,bounded_reference_anchored_sensitivity_grid,-60.0,180.0,AT2020ysg,W1,FLUX,0.277,59122.64,fitted_lightcurve_peak,21,2,19,0.09523809523809523,0,0,2,59185.03460178,59343.15324826,48.86029896632511,172.68069558340014,123.82039661707503,123.82039661707503,123.82039661707503,123.82039661707503,True,False,False,The reference epochs used in this audit are heterogeneous literature-derived descriptive anchors. Equal numerical window bounds relative to these anchors do not imply that the anchors represent the same physical phase across events.
REF_M60_180,bounded_reference_anchored_sensitivity_grid,-60.0,180.0,AT2020ysg,W2,FLUX,0.277,59122.64,fitted_lightcurve_peak,21,2,19,0.09523809523809523,0,0,2,59185.03460178,59343.15324826,48.86029896632511,172.68069558340014,123.82039661707503,123.82039661707503,123.82039661707503,123.82039661707503,True,False,False,The reference epochs used in this audit are heterogeneous literature-derived descriptive anchors. Equal numerical window bounds relative to these anchors do not imply that the anchors represent the same physical phase across events.
REF_M60_180,bounded_reference_anchored_sensitivity_grid,-60.0,180.0,AT2020ysg,g,FLUX,0.277,59122.64,fitted_lightcurve_peak,421,88,333,0.20902612826603326,0,0,88,59150.516018500086,59352.2066434999,21.82930187947259,179.7702768205953,157.94097494112273,1.5016931087980534,3.783951856023811,13.344834925506202,True,False,False,The reference epochs used in this audit are heterogeneous literature-derived descriptive anchors. Equal numerical window bounds relative to these anchors do not imply that the anchors represent the same physical phase across events.
REF_M60_180,bounded_reference_anchored_sensitivity_grid,-60.0,180.0,AT2020ysg,i,FLUX,0.277,59122.64,fitted_lightcurve_peak,79,29,50,0.3670886075949367,0,0,29,59189.53078699997,59348.27575229993,52.38119577131364,176.69205348467617,124.31085771336252,2.4215101803008965,8.042740696944886,15.562271573868875,True,False,False,The reference epochs used in this audit are heterogeneous literature-derived descriptive anchors. Equal numerical window bounds relative to these anchors do not imply that the anchors represent the same physical phase across events.
REF_M60_180,bounded_reference_anchored_sensitivity_grid,-60.0,180.0,AT2020ysg,r,FLUX,0.277,59122.64,fitted_lightcurve_peak,531,136,395,0.256120527306968,16,0,120,59046.17189810006,59352.24053240009,-59.881050822192584,179.7968147220729,239.67786554426547,0.7886503521898526,3.6026150040684453,63.70406617069895,True,False,False,The reference epochs used in this audit are heterogeneous literature-derived descriptive anchors. Equal numerical window bounds relative to these anchors do not imply that the anchors represent the same physical phase across events.
REF_M60_180,bounded_reference_anchored_sensitivity_grid,-60.0,180.0,AT2020yue,W1,FLUX,0.204,59179.44,fitted_rest_frame_g_band_peak,21,2,19,0.09523809523809523,0,0,2,59182.387754945,59340.53721965,2.44830144933124,133.80167745016664,131.3533760008354,131.3533760008354,131.3533760008354,131.3533760008354,True,False,False,The reference epochs used in this audit are heterogeneous literature-derived descriptive anchors. Equal numerical window bounds relative to these anchors do not imply that the anchors represent the same physical phase across events.
REF_M60_180,bounded_reference_anchored_sensitivity_grid,-60.0,180.0,AT2020yue,W2,FLUX,0.204,59179.44,fitted_rest_frame_g_band_peak,21,2,19,0.09523809523809523,0,0,2,59182.387754945,59340.53721965,2.44830144933124,133.80167745016664,131.3533760008354,131.3533760008354,131.3533760008354,131.3533760008354,True,False,False,The reference epochs used in this audit are heterogeneous literature-derived descriptive anchors. Equal numerical window bounds relative to these anchors do not imply that the anchors represent the same physical phase across events.
REF_M60_180,bounded_reference_anchored_sensitivity_grid,-60.0,180.0,AT2020yue,g,FLUX,0.204,59179.44,fitted_rest_frame_g_band_peak,218,73,145,0.3348623853211009,9,0,64,59149.505381899886,59385.20368060004,-24.862639618036958,170.90006694355262,195.76270656158957,1.678120556629365,5.824551843857065,17.419058389024208,True,False,False,The reference epochs used in this audit are heterogeneous literature-derived descriptive anchors. Equal numerical window bounds relative to these anchors do not imply that the anchors represent the same physical phase across events.
REF_M60_180,bounded_reference_anchored_sensitivity_grid,-60.0,180.0,AT2020yue,r,FLUX,0.204,59179.44,fitted_rest_frame_g_band_peak,282,93,189,0.32978723404255317,24,0,69,59135.51871530013,59385.21611109981,-36.47947234208533,170.91039127891264,207.38986362099797,1.6489738787592474,4.972831653106179,15.707643106626193,True,False,False,The reference epochs used in this audit are heterogeneous literature-derived descriptive anchors. Equal numerical window bounds relative to these anchors do not imply that the anchors represent the same physical phase across events.
REF_M60_180,bounded_reference_anchored_sensitivity_grid,-60.0,180.0,AT2020zso,B,FLUX,0.0563,59184.0,bolometric_peak,18,17,1,0.9444444444444444,5,0,12,59173.046423,59355.864978,-10.369759538010246,162.70470320931344,173.07446274732368,4.1186050364462545,13.024282874182,100.04466818138766,True,False,False,The reference epochs used in this audit are heterogeneous literature-derived descriptive anchors. Equal numerical window bounds relative to these anchors do not imply that the anchors represent the same physical phase across events.
REF_M60_180,bounded_reference_anchored_sensitivity_grid,-60.0,180.0,AT2020zso,U,FLUX,0.0563,59184.0,bolometric_peak,18,17,1,0.9444444444444444,5,0,12,59173.045444,59355.864061,-10.37068635803934,162.70383508472992,173.07452144276925,4.118462557987124,13.02431364195639,100.0445574173971,True,False,False,The reference epochs used in this audit are heterogeneous literature-derived descriptive anchors. Equal numerical window bounds relative to these anchors do not imply that the anchors represent the same physical phase across events.
REF_M60_180,bounded_reference_anchored_sensitivity_grid,-60.0,180.0,AT2020zso,UVM2,FLUX,0.0563,59184.0,bolometric_peak,17,16,1,0.9411764705882353,5,0,11,59173.053128,59355.874285,-10.363411909495824,162.71351415317434,173.07692606267017,4.9398371674767185,13.104804316953455,100.04291394490032,True,False,False,The reference epochs used in this audit are heterogeneous literature-derived descriptive anchors. Equal numerical window bounds relative to these anchors do not imply that the anchors represent the same physical phase across events.
REF_M60_180,bounded_reference_anchored_sensitivity_grid,-60.0,180.0,AT2020zso,UVW1,FLUX,0.0563,59184.0,bolometric_peak,18,17,1,0.9444444444444444,5,0,12,59173.044009,59355.862281,-10.372044873617856,162.7021499573999,173.07419483101776,4.118176654360905,13.02412146170839,100.04476853166646,True,False,False,The reference epochs used in this audit are heterogeneous literature-derived descriptive anchors. Equal numerical window bounds relative to these anchors do not imply that the anchors represent the same physical phase across events.
REF_M60_180,bounded_reference_anchored_sensitivity_grid,-60.0,180.0,AT2020zso,UVW2,FLUX,0.0563,59184.0,bolometric_peak,18,17,1,0.9444444444444444,5,0,12,59173.048803,59355.867634,-10.367506390232073,162.70721764650384,173.07472403673592,4.119024424881786,13.024310328506093,100.04457635141847,True,False,False,The reference epochs used in this audit are heterogeneous literature-derived descriptive anchors. Equal numerical window bounds relative to these anchors do not imply that the anchors represent the same physical phase across events.
REF_M60_180,bounded_reference_anchored_sensitivity_grid,-60.0,180.0,AT2020zso,W1,FLUX,0.0563,59184.0,bolometric_peak,21,2,19,0.09523809523809523,1,0,1,59158.45764373,59359.3580796,-24.18096778377508,166.0116251065061,190.19259289028116,190.19259289028116,190.19259289028116,190.19259289028116,True,False,False,The reference epochs used in this audit are heterogeneous literature-derived descriptive anchors. Equal numerical window bounds relative to these anchors do not imply that the anchors represent the same physical phase across events.
REF_M60_180,bounded_reference_anchored_sensitivity_grid,-60.0,180.0,AT2020zso,W2,FLUX,0.0563,59184.0,bolometric_peak,21,2,19,0.09523809523809523,1,0,1,59158.45764373,59359.3580796,-24.18096778377508,166.0116251065061,190.19259289028116,190.19259289028116,190.19259289028116,190.19259289028116,True,False,False,The reference epochs used in this audit are heterogeneous literature-derived descriptive anchors. Equal numerical window bounds relative to these anchors do not imply that the anchors represent the same physical phase across events.
REF_M60_180,bounded_reference_anchored_sensitivity_grid,-60.0,180.0,AT2020zso,g,FLUX,0.0563,59184.0,bolometric_peak,269,41,228,0.1524163568773234,33,0,8,59125.210208300035,59373.43918980006,-55.65633977086486,179.34222266407392,234.99856243493878,1.0082089369244605,4.787632216101024,159.34398021412503,True,False,False,The reference epochs used in this audit are heterogeneous literature-derived descriptive anchors. Equal numerical window bounds relative to these anchors do not imply that the anchors represent the same physical phase across events.
REF_M60_180,bounded_reference_anchored_sensitivity_grid,-60.0,180.0,AT2020zso,i,FLUX,0.0563,59184.0,bolometric_peak,64,0,64,0,0,0,0,,,,,,,,,True,False,False,The reference epochs used in this audit are heterogeneous literature-derived descriptive anchors. Equal numerical window bounds relative to these anchors do not imply that the anchors represent the same physical phase across events.
REF_M60_180,bounded_reference_anchored_sensitivity_grid,-60.0,180.0,AT2020zso,r,FLUX,0.0563,59184.0,bolometric_peak,324,79,245,0.24382716049382716,35,0,44,59128.232523099985,59373.40276619978,-52.795112089382776,179.307740414449,232.10285250383177,0.8684938465717034,4.721618488949054,130.0672486034389,True,False,False,The reference epochs used in this audit are heterogeneous literature-derived descriptive anchors. Equal numerical window bounds relative to these anchors do not imply that the anchors represent the same physical phase across events.
REF_M60_365,bounded_reference_anchored_sensitivity_grid,-60.0,365.0,AT2018hyz,g,MAGNITUDE,0.04573,58429.0,bolometric_peak,79,79,0,1.0,2,0,77,58405.480409999844,58652.978515625,-22.491073221726747,214.1838864955581,236.67495971728488,1.994719000124315,6.087068064892466,14.349851300163051,True,False,False,The reference epochs used in this audit are heterogeneous literature-derived descriptive anchors. Equal numerical window bounds relative to these anchors do not imply that the anchors represent the same physical phase across events.
REF_M60_365,bounded_reference_anchored_sensitivity_grid,-60.0,365.0,AT2019qiz,g,MAGNITUDE,0.01513,58764.0,bolometric_peak,55,55,0,1.0,11,0,44,58746.5,58907.47,-17.239171337661183,141.33165210367258,158.57082344133377,2.8025967117523507,6.126308945653228,8.274802242078803,True,False,False,The reference epochs used in this audit are heterogeneous literature-derived descriptive anchors. Equal numerical window bounds relative to these anchors do not imply that the anchors represent the same physical phase across events.
REF_M60_365,bounded_reference_anchored_sensitivity_grid,-60.0,365.0,AT2019qiz,i,MAGNITUDE,0.01513,58764.0,bolometric_peak,29,29,0,1.0,3,0,26,58752.27,58903.11,-11.555170273761194,137.03663570183184,148.59180597559305,4.04381704806238,8.552599174489938,15.150768867039078,True,False,False,The reference epochs used in this audit are heterogeneous literature-derived descriptive anchors. Equal numerical window bounds relative to these anchors do not imply that the anchors represent the same physical phase across events.
REF_M60_365,bounded_reference_anchored_sensitivity_grid,-60.0,365.0,AT2019qiz,r,MAGNITUDE,0.01513,58764.0,bolometric_peak,61,61,0,1.0,9,0,52,58745.49,58907.48,-18.234117797722494,141.3415030587247,159.5756208564472,2.699161683726814,5.1816023563511715,9.870656960189136,True,False,False,The reference epochs used in this audit are heterogeneous literature-derived descriptive anchors. Equal numerical window bounds relative to these anchors do not imply that the anchors represent the same physical phase across events.
REF_M60_365,bounded_reference_anchored_sensitivity_grid,-60.0,365.0,AT2020wey,W1,FLUX,0.02738,59152.0,r_band_peak,20,3,17,0.15,1,0,2,59143.278646855004,59507.412653139996,-8.488926341758747,345.9407941949387,354.42972053669746,177.21486026834873,196.45491213426283,201.26492510074132,True,False,False,The reference epochs used in this audit are heterogeneous literature-derived descriptive anchors. Equal numerical window bounds relative to these anchors do not imply that the anchors represent the same physical phase across events.
REF_M60_365,bounded_reference_anchored_sensitivity_grid,-60.0,365.0,AT2020wey,W2,FLUX,0.02738,59152.0,r_band_peak,20,3,17,0.15,1,0,2,59143.278646855004,59507.412653139996,-8.488926341758747,345.9407941949387,354.42972053669746,177.21486026834873,196.45491213426283,201.26492510074132,True,False,False,The reference epochs used in this audit are heterogeneous literature-derived descriptive anchors. Equal numerical window bounds relative to these anchors do not imply that the anchors represent the same physical phase across events.
REF_M60_365,bounded_reference_anchored_sensitivity_grid,-60.0,365.0,AT2020wey,g,FLUX,0.02738,59152.0,r_band_peak,683,225,458,0.3294289897510981,20,0,205,59121.49187499983,59526.45796300005,-29.695073877404308,364.4785405595317,394.173614436936,0.9226938425881368,2.9444650082741948,122.85209659524503,True,False,False,The reference epochs used in this audit are heterogeneous literature-derived descriptive anchors. Equal numerical window bounds relative to these anchors do not imply that the anchors represent the same physical phase across events.
REF_M60_365,bounded_reference_anchored_sensitivity_grid,-60.0,365.0,AT2020wey,r,FLUX,0.02738,59152.0,r_band_peak,801,244,557,0.3046192259675406,20,0,224,59121.47313660011,59526.51269679982,-29.71331289288583,364.53181568633045,394.24512857921627,0.9261355095461437,2.858020576834012,87.9007767331579,True,False,False,The reference epochs used in this audit are heterogeneous literature-derived descriptive anchors. Equal numerical window bounds relative to these anchors do not imply that the anchors represent the same physical phase across events.
REF_M60_365,bounded_reference_anchored_sensitivity_grid,-60.0,365.0,AT2020ysg,W1,FLUX,0.277,59122.64,fitted_lightcurve_peak,21,3,18,0.14285714285714285,0,0,3,59185.03460178,59551.91681451,48.86029896632511,336.160387243538,287.30008827721286,143.65004413860646,159.51376215583159,163.47969166013786,True,False,False,The reference epochs used in this audit are heterogeneous literature-derived descriptive anchors. Equal numerical window bounds relative to these anchors do not imply that the anchors represent the same physical phase across events.
REF_M60_365,bounded_reference_anchored_sensitivity_grid,-60.0,365.0,AT2020ysg,W2,FLUX,0.277,59122.64,fitted_lightcurve_peak,21,3,18,0.14285714285714285,0,0,3,59185.03460178,59551.91681451,48.86029896632511,336.160387243538,287.30008827721286,143.65004413860646,159.51376215583159,163.47969166013786,True,False,False,The reference epochs used in this audit are heterogeneous literature-derived descriptive anchors. Equal numerical window bounds relative to these anchors do not imply that the anchors represent the same physical phase across events.
REF_M60_365,bounded_reference_anchored_sensitivity_grid,-60.0,365.0,AT2020ysg,g,FLUX,0.277,59122.64,fitted_lightcurve_peak,421,107,314,0.25415676959619954,0,0,107,59150.516018500086,59536.448877300136,21.82930187947259,324.04767212226807,302.21837024279546,1.5167973373309884,4.279425528524742,103.58584213005662,True,False,False,The reference epochs used in this audit are heterogeneous literature-derived descriptive anchors. Equal numerical window bounds relative to these anchors do not imply that the anchors represent the same physical phase across events.
REF_M60_365,bounded_reference_anchored_sensitivity_grid,-60.0,365.0,AT2020ysg,i,FLUX,0.277,59122.64,fitted_lightcurve_peak,79,37,42,0.46835443037974683,0,0,37,59189.53078699997,59540.49562499998,52.38119577131364,327.2166209866734,274.83542521535975,2.797789937330114,9.001167384599835,113.77597595955199,True,False,False,The reference epochs used in this audit are heterogeneous literature-derived descriptive anchors. Equal numerical window bounds relative to these anchors do not imply that the anchors represent the same physical phase across events.
REF_M60_365,bounded_reference_anchored_sensitivity_grid,-60.0,365.0,AT2020ysg,r,FLUX,0.277,59122.64,fitted_lightcurve_peak,531,197,334,0.3709981167608286,16,0,181,59046.17189810006,59536.51695600012,-59.881050822192584,324.10098355530437,383.982034377497,0.7841050117615735,3.894295262102805,63.70406617069895,True,False,False,The reference epochs used in this audit are heterogeneous literature-derived descriptive anchors. Equal numerical window bounds relative to these anchors do not imply that the anchors represent the same physical phase across events.
REF_M60_365,bounded_reference_anchored_sensitivity_grid,-60.0,365.0,AT2020yue,W1,FLUX,0.204,59179.44,fitted_rest_frame_g_band_peak,21,3,18,0.14285714285714285,0,0,3,59182.387754945,59549.500640585,2.44830144933124,307.3593360340512,304.9110345847199,152.45551729235996,169.33723032557964,173.55765858388455,True,False,False,The reference epochs used in this audit are heterogeneous literature-derived descriptive anchors. Equal numerical window bounds relative to these anchors do not imply that the anchors represent the same physical phase across events.
REF_M60_365,bounded_reference_anchored_sensitivity_grid,-60.0,365.0,AT2020yue,W2,FLUX,0.204,59179.44,fitted_rest_frame_g_band_peak,21,3,18,0.14285714285714285,0,0,3,59182.387754945,59549.500640585,2.44830144933124,307.3593360340512,304.9110345847199,152.45551729235996,169.33723032557964,173.55765858388455,True,False,False,The reference epochs used in this audit are heterogeneous literature-derived descriptive anchors. Equal numerical window bounds relative to these anchors do not imply that the anchors represent the same physical phase across events.
REF_M60_365,bounded_reference_anchored_sensitivity_grid,-60.0,365.0,AT2020yue,g,FLUX,0.204,59179.44,fitted_rest_frame_g_band_peak,218,79,139,0.3623853211009174,9,0,70,59149.505381899886,59550.48468750017,-24.862639618036958,308.1766507476456,333.0392903656826,1.679274128042966,5.84654838041684,114.04890714265852,True,False,False,The reference epochs used in this audit are heterogeneous literature-derived descriptive anchors. Equal numerical window bounds relative to these anchors do not imply that the anchors represent the same physical phase across events.
REF_M60_365,bounded_reference_anchored_sensitivity_grid,-60.0,365.0,AT2020yue,r,FLUX,0.204,59179.44,fitted_rest_frame_g_band_peak,282,119,163,0.4219858156028369,24,0,95,59135.51871530013,59532.478773099836,-36.47947234208533,293.2215723420545,329.70104468413984,1.6339343854155008,4.992737342368354,93.28119235888335,True,False,False,The reference epochs used in this audit are heterogeneous literature-derived descriptive anchors. Equal numerical window bounds relative to these anchors do not imply that the anchors represent the same physical phase across events.
REF_M60_365,bounded_reference_anchored_sensitivity_grid,-60.0,365.0,AT2020zso,B,FLUX,0.0563,59184.0,bolometric_peak,18,17,1,0.9444444444444444,5,0,12,59173.046423,59355.864978,-10.369759538010246,162.70470320931344,173.07446274732368,4.1186050364462545,13.024282874182,100.04466818138766,True,False,False,The reference epochs used in this audit are heterogeneous literature-derived descriptive anchors. Equal numerical window bounds relative to these anchors do not imply that the anchors represent the same physical phase across events.
REF_M60_365,bounded_reference_anchored_sensitivity_grid,-60.0,365.0,AT2020zso,U,FLUX,0.0563,59184.0,bolometric_peak,18,17,1,0.9444444444444444,5,0,12,59173.045444,59355.864061,-10.37068635803934,162.70383508472992,173.07452144276925,4.118462557987124,13.02431364195639,100.0445574173971,True,False,False,The reference epochs used in this audit are heterogeneous literature-derived descriptive anchors. Equal numerical window bounds relative to these anchors do not imply that the anchors represent the same physical phase across events.
REF_M60_365,bounded_reference_anchored_sensitivity_grid,-60.0,365.0,AT2020zso,UVM2,FLUX,0.0563,59184.0,bolometric_peak,17,16,1,0.9411764705882353,5,0,11,59173.053128,59355.874285,-10.363411909495824,162.71351415317434,173.07692606267017,4.9398371674767185,13.104804316953455,100.04291394490032,True,False,False,The reference epochs used in this audit are heterogeneous literature-derived descriptive anchors. Equal numerical window bounds relative to these anchors do not imply that the anchors represent the same physical phase across events.
REF_M60_365,bounded_reference_anchored_sensitivity_grid,-60.0,365.0,AT2020zso,UVW1,FLUX,0.0563,59184.0,bolometric_peak,18,17,1,0.9444444444444444,5,0,12,59173.044009,59355.862281,-10.372044873617856,162.7021499573999,173.07419483101776,4.118176654360905,13.02412146170839,100.04476853166646,True,False,False,The reference epochs used in this audit are heterogeneous literature-derived descriptive anchors. Equal numerical window bounds relative to these anchors do not imply that the anchors represent the same physical phase across events.
REF_M60_365,bounded_reference_anchored_sensitivity_grid,-60.0,365.0,AT2020zso,UVW2,FLUX,0.0563,59184.0,bolometric_peak,18,17,1,0.9444444444444444,5,0,12,59173.048803,59355.867634,-10.367506390232073,162.70721764650384,173.07472403673592,4.119024424881786,13.024310328506093,100.04457635141847,True,False,False,The reference epochs used in this audit are heterogeneous literature-derived descriptive anchors. Equal numerical window bounds relative to these anchors do not imply that the anchors represent the same physical phase across events.
REF_M60_365,bounded_reference_anchored_sensitivity_grid,-60.0,365.0,AT2020zso,W1,FLUX,0.0563,59184.0,bolometric_peak,21,3,18,0.14285714285714285,1,0,2,59158.45764373,59522.68014508,-24.18096778377508,320.6287466439436,344.80971442771863,172.40485721385932,186.6350457549968,190.19259289028116,True,False,False,The reference epochs used in this audit are heterogeneous literature-derived descriptive anchors. Equal numerical window bounds relative to these anchors do not imply that the anchors represent the same physical phase across events.
REF_M60_365,bounded_reference_anchored_sensitivity_grid,-60.0,365.0,AT2020zso,W2,FLUX,0.0563,59184.0,bolometric_peak,21,3,18,0.14285714285714285,1,0,2,59158.45764373,59522.68014508,-24.18096778377508,320.6287466439436,344.80971442771863,172.40485721385932,186.6350457549968,190.19259289028116,True,False,False,The reference epochs used in this audit are heterogeneous literature-derived descriptive anchors. Equal numerical window bounds relative to these anchors do not imply that the anchors represent the same physical phase across events.
REF_M60_365,bounded_reference_anchored_sensitivity_grid,-60.0,365.0,AT2020zso,g,FLUX,0.0563,59184.0,bolometric_peak,269,81,188,0.30111524163568776,33,0,48,59125.210208300035,59550.17150459997,-55.65633977086486,346.6548372621164,402.3111770329813,1.880559641954281,7.539409703821859,159.34398021412503,True,False,False,The reference epochs used in this audit are heterogeneous literature-derived descriptive anchors. Equal numerical window bounds relative to these anchors do not imply that the anchors represent the same physical phase across events.
REF_M60_365,bounded_reference_anchored_sensitivity_grid,-60.0,365.0,AT2020zso,i,FLUX,0.0563,59184.0,bolometric_peak,64,19,45,0.296875,0,0,19,59399.43984950008,59542.12731479993,203.95706664780715,339.039396762218,135.08233011441087,6.618035359347447,13.189664962556462,15.109738426796671,True,False,False,The reference epochs used in this audit are heterogeneous literature-derived descriptive anchors. Equal numerical window bounds relative to these anchors do not imply that the anchors represent the same physical phase across events.
REF_M60_365,bounded_reference_anchored_sensitivity_grid,-60.0,365.0,AT2020zso,r,FLUX,0.0563,59184.0,bolometric_peak,324,119,205,0.36728395061728397,35,0,84,59128.232523099985,59550.102511600126,-52.795112089382776,346.58952153756087,399.3846336269437,0.9381157812656868,7.518605348978286,130.0672486034389,True,False,False,The reference epochs used in this audit are heterogeneous literature-derived descriptive anchors. Equal numerical window bounds relative to these anchors do not imply that the anchors represent the same physical phase across events.
REF_M60_730,bounded_reference_anchored_sensitivity_grid,-60.0,730.0,AT2018hyz,g,MAGNITUDE,0.04573,58429.0,bolometric_peak,79,79,0,1.0,2,0,77,58405.480409999844,58652.978515625,-22.491073221726747,214.1838864955581,236.67495971728488,1.994719000124315,6.087068064892466,14.349851300163051,True,False,False,The reference epochs used in this audit are heterogeneous literature-derived descriptive anchors. Equal numerical window bounds relative to these anchors do not imply that the anchors represent the same physical phase across events.
REF_M60_730,bounded_reference_anchored_sensitivity_grid,-60.0,730.0,AT2019qiz,g,MAGNITUDE,0.01513,58764.0,bolometric_peak,55,55,0,1.0,11,0,44,58746.5,58907.47,-17.239171337661183,141.33165210367258,158.57082344133377,2.8025967117523507,6.126308945653228,8.274802242078803,True,False,False,The reference epochs used in this audit are heterogeneous literature-derived descriptive anchors. Equal numerical window bounds relative to these anchors do not imply that the anchors represent the same physical phase across events.
REF_M60_730,bounded_reference_anchored_sensitivity_grid,-60.0,730.0,AT2019qiz,i,MAGNITUDE,0.01513,58764.0,bolometric_peak,29,29,0,1.0,3,0,26,58752.27,58903.11,-11.555170273761194,137.03663570183184,148.59180597559305,4.04381704806238,8.552599174489938,15.150768867039078,True,False,False,The reference epochs used in this audit are heterogeneous literature-derived descriptive anchors. Equal numerical window bounds relative to these anchors do not imply that the anchors represent the same physical phase across events.
REF_M60_730,bounded_reference_anchored_sensitivity_grid,-60.0,730.0,AT2019qiz,r,MAGNITUDE,0.01513,58764.0,bolometric_peak,61,61,0,1.0,9,0,52,58745.49,58907.48,-18.234117797722494,141.3415030587247,159.5756208564472,2.699161683726814,5.1816023563511715,9.870656960189136,True,False,False,The reference epochs used in this audit are heterogeneous literature-derived descriptive anchors. Equal numerical window bounds relative to these anchors do not imply that the anchors represent the same physical phase across events.
REF_M60_730,bounded_reference_anchored_sensitivity_grid,-60.0,730.0,AT2020wey,W1,FLUX,0.02738,59152.0,r_band_peak,20,5,15,0.25,1,0,4,59143.278646855004,59874.46088674,-8.488926341758747,703.2070769724951,711.6960033142539,177.2152252525863,203.25000769141002,204.10075737312516,True,False,False,The reference epochs used in this audit are heterogeneous literature-derived descriptive anchors. Equal numerical window bounds relative to these anchors do not imply that the anchors represent the same physical phase across events.
REF_M60_730,bounded_reference_anchored_sensitivity_grid,-60.0,730.0,AT2020wey,W2,FLUX,0.02738,59152.0,r_band_peak,20,5,15,0.25,1,0,4,59143.278646855004,59874.46088674,-8.488926341758747,703.2070769724951,711.6960033142539,177.2152252525863,203.25000769141002,204.10075737312516,True,False,False,The reference epochs used in this audit are heterogeneous literature-derived descriptive anchors. Equal numerical window bounds relative to these anchors do not imply that the anchors represent the same physical phase across events.
REF_M60_730,bounded_reference_anchored_sensitivity_grid,-60.0,730.0,AT2020wey,g,FLUX,0.02738,59152.0,r_band_peak,683,313,370,0.4582723279648609,20,0,293,59121.49187499983,59901.51525459997,-29.695073877404308,729.540437423323,759.2355113007274,0.9353000836071916,3.812127362891918,134.49894664089888,True,False,False,The reference epochs used in this audit are heterogeneous literature-derived descriptive anchors. Equal numerical window bounds relative to these anchors do not imply that the anchors represent the same physical phase across events.
REF_M60_730,bounded_reference_anchored_sensitivity_grid,-60.0,730.0,AT2020wey,r,FLUX,0.02738,59152.0,r_band_peak,801,346,455,0.43196004993757803,20,0,326,59121.47313660011,59901.49124999996,-29.71331289288583,729.5170725534493,759.2303854463352,0.9226993908369034,3.0030226011489374,95.68684196703043,True,False,False,The reference epochs used in this audit are heterogeneous literature-derived descriptive anchors. Equal numerical window bounds relative to these anchors do not imply that the anchors represent the same physical phase across events.
REF_M60_730,bounded_reference_anchored_sensitivity_grid,-60.0,730.0,AT2020ysg,W1,FLUX,0.277,59122.64,fitted_lightcurve_peak,21,5,16,0.23809523809523808,0,0,5,59185.03460178,59915.97587665,48.86029896632511,621.249707635084,572.3894086687588,143.45010300313618,163.3597269788557,163.47969166013786,True,False,False,The reference epochs used in this audit are heterogeneous literature-derived descriptive anchors. Equal numerical window bounds relative to these anchors do not imply that the anchors represent the same physical phase across events.
REF_M60_730,bounded_reference_anchored_sensitivity_grid,-60.0,730.0,AT2020ysg,W2,FLUX,0.277,59122.64,fitted_lightcurve_peak,21,5,16,0.23809523809523808,0,0,5,59185.03460178,59915.97587665,48.86029896632511,621.249707635084,572.3894086687588,143.45010300313618,163.3597269788557,163.47969166013786,True,False,False,The reference epochs used in this audit are heterogeneous literature-derived descriptive anchors. Equal numerical window bounds relative to these anchors do not imply that the anchors represent the same physical phase across events.
REF_M60_730,bounded_reference_anchored_sensitivity_grid,-60.0,730.0,AT2020ysg,g,FLUX,0.277,59122.64,fitted_lightcurve_peak,421,199,222,0.47268408551068886,0,0,199,59150.516018500086,60054.26151619991,21.82930187947259,729.5391669537302,707.7098650742576,1.5043940093549157,5.460993469034204,112.96859146449525,True,False,False,The reference epochs used in this audit are heterogeneous literature-derived descriptive anchors. Equal numerical window bounds relative to these anchors do not imply that the anchors represent the same physical phase across events.
REF_M60_730,bounded_reference_anchored_sensitivity_grid,-60.0,730.0,AT2020ysg,i,FLUX,0.277,59122.64,fitted_lightcurve_peak,79,62,17,0.7848101265822784,0,0,62,59189.53078699997,60054.388553199824,52.38119577131364,729.6386477680693,677.2574519967555,4.698158653136473,18.76569796388585,113.77597595955199,True,False,False,The reference epochs used in this audit are heterogeneous literature-derived descriptive anchors. Equal numerical window bounds relative to these anchors do not imply that the anchors represent the same physical phase across events.
REF_M60_730,bounded_reference_anchored_sensitivity_grid,-60.0,730.0,AT2020ysg,r,FLUX,0.277,59122.64,fitted_lightcurve_peak,531,315,216,0.5932203389830508,16,0,299,59046.17189810006,60052.27799770003,-59.881050822192584,727.9859026625155,787.8669534847081,0.7857047376925228,4.684213586530838,67.25283868438743,True,False,False,The reference epochs used in this audit are heterogeneous literature-derived descriptive anchors. Equal numerical window bounds relative to these anchors do not imply that the anchors represent the same physical phase across events.
REF_M60_730,bounded_reference_anchored_sensitivity_grid,-60.0,730.0,AT2020yue,W1,FLUX,0.204,59179.44,fitted_rest_frame_g_band_peak,21,5,16,0.23809523809523808,0,0,5,59182.387754945,59913.501500935,2.44830144933124,609.6856320058142,607.237330556483,152.35323246262874,173.49628768604583,173.55765858388455,True,False,False,The reference epochs used in this audit are heterogeneous literature-derived descriptive anchors. Equal numerical window bounds relative to these anchors do not imply that the anchors represent the same physical phase across events.
REF_M60_730,bounded_reference_anchored_sensitivity_grid,-60.0,730.0,AT2020yue,W2,FLUX,0.204,59179.44,fitted_rest_frame_g_band_peak,21,5,16,0.23809523809523808,0,0,5,59182.387754945,59913.501500935,2.44830144933124,609.6856320058142,607.237330556483,152.35323246262874,173.49628768604583,173.55765858388455,True,False,False,The reference epochs used in this audit are heterogeneous literature-derived descriptive anchors. Equal numerical window bounds relative to these anchors do not imply that the anchors represent the same physical phase across events.
REF_M60_730,bounded_reference_anchored_sensitivity_grid,-60.0,730.0,AT2020yue,g,FLUX,0.204,59179.44,fitted_rest_frame_g_band_peak,218,121,97,0.555045871559633,9,0,112,59149.505381899886,60058.29887730023,-24.862639618036958,729.949233638062,754.8118732560989,1.7326360050530059,9.189393779029295,128.08654792343833,True,False,False,The reference epochs used in this audit are heterogeneous literature-derived descriptive anchors. Equal numerical window bounds relative to these anchors do not imply that the anchors represent the same physical phase across events.
REF_M60_730,bounded_reference_anchored_sensitivity_grid,-60.0,730.0,AT2020yue,r,FLUX,0.204,59179.44,fitted_rest_frame_g_band_peak,282,184,98,0.6524822695035462,24,0,160,59135.51871530013,59984.341851899866,-36.47947234208533,668.5231328071958,705.0026051492811,1.6418170265890535,5.8226897839945675,97.45799111313747,True,False,False,The reference epochs used in this audit are heterogeneous literature-derived descriptive anchors. Equal numerical window bounds relative to these anchors do not imply that the anchors represent the same physical phase across events.
REF_M60_730,bounded_reference_anchored_sensitivity_grid,-60.0,730.0,AT2020zso,B,FLUX,0.0563,59184.0,bolometric_peak,18,17,1,0.9444444444444444,5,0,12,59173.046423,59355.864978,-10.369759538010246,162.70470320931344,173.07446274732368,4.1186050364462545,13.024282874182,100.04466818138766,True,False,False,The reference epochs used in this audit are heterogeneous literature-derived descriptive anchors. Equal numerical window bounds relative to these anchors do not imply that the anchors represent the same physical phase across events.
REF_M60_730,bounded_reference_anchored_sensitivity_grid,-60.0,730.0,AT2020zso,U,FLUX,0.0563,59184.0,bolometric_peak,18,17,1,0.9444444444444444,5,0,12,59173.045444,59355.864061,-10.37068635803934,162.70383508472992,173.07452144276925,4.118462557987124,13.02431364195639,100.0445574173971,True,False,False,The reference epochs used in this audit are heterogeneous literature-derived descriptive anchors. Equal numerical window bounds relative to these anchors do not imply that the anchors represent the same physical phase across events.
REF_M60_730,bounded_reference_anchored_sensitivity_grid,-60.0,730.0,AT2020zso,UVM2,FLUX,0.0563,59184.0,bolometric_peak,17,16,1,0.9411764705882353,5,0,11,59173.053128,59355.874285,-10.363411909495824,162.71351415317434,173.07692606267017,4.9398371674767185,13.104804316953455,100.04291394490032,True,False,False,The reference epochs used in this audit are heterogeneous literature-derived descriptive anchors. Equal numerical window bounds relative to these anchors do not imply that the anchors represent the same physical phase across events.
REF_M60_730,bounded_reference_anchored_sensitivity_grid,-60.0,730.0,AT2020zso,UVW1,FLUX,0.0563,59184.0,bolometric_peak,18,17,1,0.9444444444444444,5,0,12,59173.044009,59355.862281,-10.372044873617856,162.7021499573999,173.07419483101776,4.118176654360905,13.02412146170839,100.04476853166646,True,False,False,The reference epochs used in this audit are heterogeneous literature-derived descriptive anchors. Equal numerical window bounds relative to these anchors do not imply that the anchors represent the same physical phase across events.
REF_M60_730,bounded_reference_anchored_sensitivity_grid,-60.0,730.0,AT2020zso,UVW2,FLUX,0.0563,59184.0,bolometric_peak,18,17,1,0.9444444444444444,5,0,12,59173.048803,59355.867634,-10.367506390232073,162.70721764650384,173.07472403673592,4.119024424881786,13.024310328506093,100.04457635141847,True,False,False,The reference epochs used in this audit are heterogeneous literature-derived descriptive anchors. Equal numerical window bounds relative to these anchors do not imply that the anchors represent the same physical phase across events.
REF_M60_730,bounded_reference_anchored_sensitivity_grid,-60.0,730.0,AT2020zso,W1,FLUX,0.0563,59184.0,bolometric_peak,21,5,16,0.23809523809523808,1,0,4,59158.45764373,59889.65510792,-24.18096778377508,668.0442184227965,692.2251862065715,172.40485721385932,192.0926742156625,192.90699478368307,True,False,False,The reference epochs used in this audit are heterogeneous literature-derived descriptive anchors. Equal numerical window bounds relative to these anchors do not imply that the anchors represent the same physical phase across events.
REF_M60_730,bounded_reference_anchored_sensitivity_grid,-60.0,730.0,AT2020zso,W2,FLUX,0.0563,59184.0,bolometric_peak,21,5,16,0.23809523809523808,1,0,4,59158.45764373,59889.65510792,-24.18096778377508,668.0442184227965,692.2251862065715,172.40485721385932,192.0926742156625,192.90699478368307,True,False,False,The reference epochs used in this audit are heterogeneous literature-derived descriptive anchors. Equal numerical window bounds relative to these anchors do not imply that the anchors represent the same physical phase across events.
REF_M60_730,bounded_reference_anchored_sensitivity_grid,-60.0,730.0,AT2020zso,g,FLUX,0.0563,59184.0,bolometric_peak,269,134,135,0.49814126394052044,33,0,101,59125.210208300035,59932.12321759993,-55.65633977086486,708.2488096184153,763.9051493892802,1.9115026982757366,8.498992823987626,182.02252532434397,True,False,False,The reference epochs used in this audit are heterogeneous literature-derived descriptive anchors. Equal numerical window bounds relative to these anchors do not imply that the anchors represent the same physical phase across events.
REF_M60_730,bounded_reference_anchored_sensitivity_grid,-60.0,730.0,AT2020zso,i,FLUX,0.0563,59184.0,bolometric_peak,64,44,20,0.6875,0,0,44,59399.43984950008,59902.22737269988,203.95706664780715,679.9463908926278,475.9893242448207,4.739300009298057,14.930954425987435,185.8534529018016,True,False,False,The reference epochs used in this audit are heterogeneous literature-derived descriptive anchors. Equal numerical window bounds relative to these anchors do not imply that the anchors represent the same physical phase across events.
REF_M60_730,bounded_reference_anchored_sensitivity_grid,-60.0,730.0,AT2020zso,r,FLUX,0.0563,59184.0,bolometric_peak,324,160,164,0.49382716049382713,35,0,125,59128.232523099985,59924.17193289986,-52.795112089382776,700.721322446141,753.5164345355238,1.858228912010463,7.791629839894163,171.68688705857744,True,False,False,The reference epochs used in this audit are heterogeneous literature-derived descriptive anchors. Equal numerical window bounds relative to these anchors do not imply that the anchors represent the same physical phase across events.
REF_M120_180,bounded_reference_anchored_sensitivity_grid,-120.0,180.0,AT2018hyz,g,MAGNITUDE,0.04573,58429.0,bolometric_peak,79,62,17,0.7848101265822784,2,0,60,58405.480409999844,58606.2734375,-22.491073221726747,169.5212315798533,192.01230480158006,2.2935533072590437,6.3184778814799225,14.349851300163051,True,False,False,The reference epochs used in this audit are heterogeneous literature-derived descriptive anchors. Equal numerical window bounds relative to these anchors do not imply that the anchors represent the same physical phase across events.
REF_M120_180,bounded_reference_anchored_sensitivity_grid,-120.0,180.0,AT2019qiz,g,MAGNITUDE,0.01513,58764.0,bolometric_peak,55,55,0,1.0,11,0,44,58746.5,58907.47,-17.239171337661183,141.33165210367258,158.57082344133377,2.8025967117523507,6.126308945653228,8.274802242078803,True,False,False,The reference epochs used in this audit are heterogeneous literature-derived descriptive anchors. Equal numerical window bounds relative to these anchors do not imply that the anchors represent the same physical phase across events.
REF_M120_180,bounded_reference_anchored_sensitivity_grid,-120.0,180.0,AT2019qiz,i,MAGNITUDE,0.01513,58764.0,bolometric_peak,29,29,0,1.0,3,0,26,58752.27,58903.11,-11.555170273761194,137.03663570183184,148.59180597559305,4.04381704806238,8.552599174489938,15.150768867039078,True,False,False,The reference epochs used in this audit are heterogeneous literature-derived descriptive anchors. Equal numerical window bounds relative to these anchors do not imply that the anchors represent the same physical phase across events.
REF_M120_180,bounded_reference_anchored_sensitivity_grid,-120.0,180.0,AT2019qiz,r,MAGNITUDE,0.01513,58764.0,bolometric_peak,61,61,0,1.0,9,0,52,58745.49,58907.48,-18.234117797722494,141.3415030587247,159.5756208564472,2.699161683726814,5.1816023563511715,9.870656960189136,True,False,False,The reference epochs used in this audit are heterogeneous literature-derived descriptive anchors. Equal numerical window bounds relative to these anchors do not imply that the anchors represent the same physical phase across events.
REF_M120_180,bounded_reference_anchored_sensitivity_grid,-120.0,180.0,AT2020wey,W1,FLUX,0.02738,59152.0,r_band_peak,20,2,18,0.1,1,0,1,59143.278646855004,59300.63709439,-8.488926341758747,144.67586909419737,153.1647954359561,153.1647954359561,153.1647954359561,153.1647954359561,True,False,False,The reference epochs used in this audit are heterogeneous literature-derived descriptive anchors. Equal numerical window bounds relative to these anchors do not imply that the anchors represent the same physical phase across events.
REF_M120_180,bounded_reference_anchored_sensitivity_grid,-120.0,180.0,AT2020wey,W2,FLUX,0.02738,59152.0,r_band_peak,20,2,18,0.1,1,0,1,59143.278646855004,59300.63709439,-8.488926341758747,144.67586909419737,153.1647954359561,153.1647954359561,153.1647954359561,153.1647954359561,True,False,False,The reference epochs used in this audit are heterogeneous literature-derived descriptive anchors. Equal numerical window bounds relative to these anchors do not imply that the anchors represent the same physical phase across events.
REF_M120_180,bounded_reference_anchored_sensitivity_grid,-120.0,180.0,AT2020wey,g,FLUX,0.02738,59152.0,r_band_peak,683,181,502,0.26500732064421667,20,0,161,59121.49187499983,59336.23361109989,-29.695073877404308,179.32372744251168,209.01880131991598,0.9269972648499515,2.917169547759101,14.525948431971663,True,False,False,The reference epochs used in this audit are heterogeneous literature-derived descriptive anchors. Equal numerical window bounds relative to these anchors do not imply that the anchors represent the same physical phase across events.
REF_M120_180,bounded_reference_anchored_sensitivity_grid,-120.0,180.0,AT2020wey,r,FLUX,0.02738,59152.0,r_band_peak,801,181,620,0.22596754057428214,20,0,161,59121.47313660011,59336.32319439994,-29.71331289288583,179.41092331945504,209.12423621234086,0.927216949847091,2.054549718602406,15.605600556953107,True,False,False,The reference epochs used in this audit are heterogeneous literature-derived descriptive anchors. Equal numerical window bounds relative to these anchors do not imply that the anchors represent the same physical phase across events.
REF_M120_180,bounded_reference_anchored_sensitivity_grid,-120.0,180.0,AT2020ysg,W1,FLUX,0.277,59122.64,fitted_lightcurve_peak,21,3,18,0.14285714285714285,1,0,2,58978.85891881,59343.15324826,-112.59285919342057,172.68069558340014,285.27355477682073,142.63677738841034,157.6898820054786,161.45315815974567,True,False,False,The reference epochs used in this audit are heterogeneous literature-derived descriptive anchors. Equal numerical window bounds relative to these anchors do not imply that the anchors represent the same physical phase across events.
REF_M120_180,bounded_reference_anchored_sensitivity_grid,-120.0,180.0,AT2020ysg,W2,FLUX,0.277,59122.64,fitted_lightcurve_peak,21,3,18,0.14285714285714285,1,0,2,58978.85891881,59343.15324826,-112.59285919342057,172.68069558340014,285.27355477682073,142.63677738841034,157.6898820054786,161.45315815974567,True,False,False,The reference epochs used in this audit are heterogeneous literature-derived descriptive anchors. Equal numerical window bounds relative to these anchors do not imply that the anchors represent the same physical phase across events.
REF_M120_180,bounded_reference_anchored_sensitivity_grid,-120.0,180.0,AT2020ysg,g,FLUX,0.277,59122.64,fitted_lightcurve_peak,421,104,317,0.24703087885985747,16,0,88,58971.26695600012,59352.2066434999,-118.5380140954395,179.7702768205953,298.3082909160348,1.5485241189424002,4.498830806469789,91.86897274856466,True,False,False,The reference epochs used in this audit are heterogeneous literature-derived descriptive anchors. Equal numerical window bounds relative to these anchors do not imply that the anchors represent the same physical phase across events.
REF_M120_180,bounded_reference_anchored_sensitivity_grid,-120.0,180.0,AT2020ysg,i,FLUX,0.277,59122.64,fitted_lightcurve_peak,79,29,50,0.3670886075949367,0,0,29,59189.53078699997,59348.27575229993,52.38119577131364,176.69205348467617,124.31085771336252,2.4215101803008965,8.042740696944886,15.562271573868875,True,False,False,The reference epochs used in this audit are heterogeneous literature-derived descriptive anchors. Equal numerical window bounds relative to these anchors do not imply that the anchors represent the same physical phase across events.
REF_M120_180,bounded_reference_anchored_sensitivity_grid,-120.0,180.0,AT2020ysg,r,FLUX,0.277,59122.64,fitted_lightcurve_peak,531,148,383,0.2787193973634652,28,0,120,58971.18910880014,59352.24053240009,-118.59897509777322,179.7968147220729,298.39578981984613,0.8621280341932057,3.929721722678342,63.70406617069895,True,False,False,The reference epochs used in this audit are heterogeneous literature-derived descriptive anchors. Equal numerical window bounds relative to these anchors do not imply that the anchors represent the same physical phase across events.
REF_M120_180,bounded_reference_anchored_sensitivity_grid,-120.0,180.0,AT2020yue,W1,FLUX,0.204,59179.44,fitted_rest_frame_g_band_peak,21,2,19,0.09523809523809523,0,0,2,59182.387754945,59340.53721965,2.44830144933124,133.80167745016664,131.3533760008354,131.3533760008354,131.3533760008354,131.3533760008354,True,False,False,The reference epochs used in this audit are heterogeneous literature-derived descriptive anchors. Equal numerical window bounds relative to these anchors do not imply that the anchors represent the same physical phase across events.
REF_M120_180,bounded_reference_anchored_sensitivity_grid,-120.0,180.0,AT2020yue,W2,FLUX,0.204,59179.44,fitted_rest_frame_g_band_peak,21,2,19,0.09523809523809523,0,0,2,59182.387754945,59340.53721965,2.44830144933124,133.80167745016664,131.3533760008354,131.3533760008354,131.3533760008354,131.3533760008354,True,False,False,The reference epochs used in this audit are heterogeneous literature-derived descriptive anchors. Equal numerical window bounds relative to these anchors do not imply that the anchors represent the same physical phase across events.
REF_M120_180,bounded_reference_anchored_sensitivity_grid,-120.0,180.0,AT2020yue,g,FLUX,0.204,59179.44,fitted_rest_frame_g_band_peak,218,73,145,0.3348623853211009,9,0,64,59149.505381899886,59385.20368060004,-24.862639618036958,170.90006694355262,195.76270656158957,1.678120556629365,5.824551843857065,17.419058389024208,True,False,False,The reference epochs used in this audit are heterogeneous literature-derived descriptive anchors. Equal numerical window bounds relative to these anchors do not imply that the anchors represent the same physical phase across events.
REF_M120_180,bounded_reference_anchored_sensitivity_grid,-120.0,180.0,AT2020yue,r,FLUX,0.204,59179.44,fitted_rest_frame_g_band_peak,282,100,182,0.3546099290780142,31,0,69,59042.176111099776,59385.21611109981,-114.006552242713,170.91039127891264,284.9169435216256,1.647479069864755,4.987070465342844,75.85469343849579,True,False,False,The reference epochs used in this audit are heterogeneous literature-derived descriptive anchors. Equal numerical window bounds relative to these anchors do not imply that the anchors represent the same physical phase across events.
REF_M120_180,bounded_reference_anchored_sensitivity_grid,-120.0,180.0,AT2020zso,B,FLUX,0.0563,59184.0,bolometric_peak,18,17,1,0.9444444444444444,5,0,12,59173.046423,59355.864978,-10.369759538010246,162.70470320931344,173.07446274732368,4.1186050364462545,13.024282874182,100.04466818138766,True,False,False,The reference epochs used in this audit are heterogeneous literature-derived descriptive anchors. Equal numerical window bounds relative to these anchors do not imply that the anchors represent the same physical phase across events.
REF_M120_180,bounded_reference_anchored_sensitivity_grid,-120.0,180.0,AT2020zso,U,FLUX,0.0563,59184.0,bolometric_peak,18,17,1,0.9444444444444444,5,0,12,59173.045444,59355.864061,-10.37068635803934,162.70383508472992,173.07452144276925,4.118462557987124,13.02431364195639,100.0445574173971,True,False,False,The reference epochs used in this audit are heterogeneous literature-derived descriptive anchors. Equal numerical window bounds relative to these anchors do not imply that the anchors represent the same physical phase across events.
REF_M120_180,bounded_reference_anchored_sensitivity_grid,-120.0,180.0,AT2020zso,UVM2,FLUX,0.0563,59184.0,bolometric_peak,17,16,1,0.9411764705882353,5,0,11,59173.053128,59355.874285,-10.363411909495824,162.71351415317434,173.07692606267017,4.9398371674767185,13.104804316953455,100.04291394490032,True,False,False,The reference epochs used in this audit are heterogeneous literature-derived descriptive anchors. Equal numerical window bounds relative to these anchors do not imply that the anchors represent the same physical phase across events.
REF_M120_180,bounded_reference_anchored_sensitivity_grid,-120.0,180.0,AT2020zso,UVW1,FLUX,0.0563,59184.0,bolometric_peak,18,17,1,0.9444444444444444,5,0,12,59173.044009,59355.862281,-10.372044873617856,162.7021499573999,173.07419483101776,4.118176654360905,13.02412146170839,100.04476853166646,True,False,False,The reference epochs used in this audit are heterogeneous literature-derived descriptive anchors. Equal numerical window bounds relative to these anchors do not imply that the anchors represent the same physical phase across events.
REF_M120_180,bounded_reference_anchored_sensitivity_grid,-120.0,180.0,AT2020zso,UVW2,FLUX,0.0563,59184.0,bolometric_peak,18,17,1,0.9444444444444444,5,0,12,59173.048803,59355.867634,-10.367506390232073,162.70721764650384,173.07472403673592,4.119024424881786,13.024310328506093,100.04457635141847,True,False,False,The reference epochs used in this audit are heterogeneous literature-derived descriptive anchors. Equal numerical window bounds relative to these anchors do not imply that the anchors represent the same physical phase across events.
REF_M120_180,bounded_reference_anchored_sensitivity_grid,-120.0,180.0,AT2020zso,W1,FLUX,0.0563,59184.0,bolometric_peak,21,2,19,0.09523809523809523,1,0,1,59158.45764373,59359.3580796,-24.18096778377508,166.0116251065061,190.19259289028116,190.19259289028116,190.19259289028116,190.19259289028116,True,False,False,The reference epochs used in this audit are heterogeneous literature-derived descriptive anchors. Equal numerical window bounds relative to these anchors do not imply that the anchors represent the same physical phase across events.
REF_M120_180,bounded_reference_anchored_sensitivity_grid,-120.0,180.0,AT2020zso,W2,FLUX,0.0563,59184.0,bolometric_peak,21,2,19,0.09523809523809523,1,0,1,59158.45764373,59359.3580796,-24.18096778377508,166.0116251065061,190.19259289028116,190.19259289028116,190.19259289028116,190.19259289028116,True,False,False,The reference epochs used in this audit are heterogeneous literature-derived descriptive anchors. Equal numerical window bounds relative to these anchors do not imply that the anchors represent the same physical phase across events.
REF_M120_180,bounded_reference_anchored_sensitivity_grid,-120.0,180.0,AT2020zso,g,FLUX,0.0563,59184.0,bolometric_peak,269,53,216,0.1970260223048327,45,0,8,59057.39090280002,59373.43918980006,-119.86092700935356,179.34222266407392,299.2031496734275,1.8914182049973571,6.535113642252659,159.34398021412503,True,False,False,The reference epochs used in this audit are heterogeneous literature-derived descriptive anchors. Equal numerical window bounds relative to these anchors do not imply that the anchors represent the same physical phase across events.
REF_M120_180,bounded_reference_anchored_sensitivity_grid,-120.0,180.0,AT2020zso,i,FLUX,0.0563,59184.0,bolometric_peak,64,0,64,0,0,0,0,,,,,,,,,True,False,False,The reference epochs used in this audit are heterogeneous literature-derived descriptive anchors. Equal numerical window bounds relative to these anchors do not imply that the anchors represent the same physical phase across events.
REF_M120_180,bounded_reference_anchored_sensitivity_grid,-120.0,180.0,AT2020zso,r,FLUX,0.0563,59184.0,bolometric_peak,324,93,231,0.28703703703703703,49,0,44,59057.456701400224,59373.40276619978,-119.7986354253298,179.307740414449,299.1063758397788,0.9274544638885667,5.6884639779982,130.0672486034389,True,False,False,The reference epochs used in this audit are heterogeneous literature-derived descriptive anchors. Equal numerical window bounds relative to these anchors do not imply that the anchors represent the same physical phase across events.
REF_M120_365,bounded_reference_anchored_sensitivity_grid,-120.0,365.0,AT2018hyz,g,MAGNITUDE,0.04573,58429.0,bolometric_peak,79,79,0,1.0,2,0,77,58405.480409999844,58652.978515625,-22.491073221726747,214.1838864955581,236.67495971728488,1.994719000124315,6.087068064892466,14.349851300163051,True,False,False,The reference epochs used in this audit are heterogeneous literature-derived descriptive anchors. Equal numerical window bounds relative to these anchors do not imply that the anchors represent the same physical phase across events.
REF_M120_365,bounded_reference_anchored_sensitivity_grid,-120.0,365.0,AT2019qiz,g,MAGNITUDE,0.01513,58764.0,bolometric_peak,55,55,0,1.0,11,0,44,58746.5,58907.47,-17.239171337661183,141.33165210367258,158.57082344133377,2.8025967117523507,6.126308945653228,8.274802242078803,True,False,False,The reference epochs used in this audit are heterogeneous literature-derived descriptive anchors. Equal numerical window bounds relative to these anchors do not imply that the anchors represent the same physical phase across events.
REF_M120_365,bounded_reference_anchored_sensitivity_grid,-120.0,365.0,AT2019qiz,i,MAGNITUDE,0.01513,58764.0,bolometric_peak,29,29,0,1.0,3,0,26,58752.27,58903.11,-11.555170273761194,137.03663570183184,148.59180597559305,4.04381704806238,8.552599174489938,15.150768867039078,True,False,False,The reference epochs used in this audit are heterogeneous literature-derived descriptive anchors. Equal numerical window bounds relative to these anchors do not imply that the anchors represent the same physical phase across events.
REF_M120_365,bounded_reference_anchored_sensitivity_grid,-120.0,365.0,AT2019qiz,r,MAGNITUDE,0.01513,58764.0,bolometric_peak,61,61,0,1.0,9,0,52,58745.49,58907.48,-18.234117797722494,141.3415030587247,159.5756208564472,2.699161683726814,5.1816023563511715,9.870656960189136,True,False,False,The reference epochs used in this audit are heterogeneous literature-derived descriptive anchors. Equal numerical window bounds relative to these anchors do not imply that the anchors represent the same physical phase across events.
REF_M120_365,bounded_reference_anchored_sensitivity_grid,-120.0,365.0,AT2020wey,W1,FLUX,0.02738,59152.0,r_band_peak,20,3,17,0.15,1,0,2,59143.278646855004,59507.412653139996,-8.488926341758747,345.9407941949387,354.42972053669746,177.21486026834873,196.45491213426283,201.26492510074132,True,False,False,The reference epochs used in this audit are heterogeneous literature-derived descriptive anchors. Equal numerical window bounds relative to these anchors do not imply that the anchors represent the same physical phase across events.
REF_M120_365,bounded_reference_anchored_sensitivity_grid,-120.0,365.0,AT2020wey,W2,FLUX,0.02738,59152.0,r_band_peak,20,3,17,0.15,1,0,2,59143.278646855004,59507.412653139996,-8.488926341758747,345.9407941949387,354.42972053669746,177.21486026834873,196.45491213426283,201.26492510074132,True,False,False,The reference epochs used in this audit are heterogeneous literature-derived descriptive anchors. Equal numerical window bounds relative to these anchors do not imply that the anchors represent the same physical phase across events.
REF_M120_365,bounded_reference_anchored_sensitivity_grid,-120.0,365.0,AT2020wey,g,FLUX,0.02738,59152.0,r_band_peak,683,225,458,0.3294289897510981,20,0,205,59121.49187499983,59526.45796300005,-29.695073877404308,364.4785405595317,394.173614436936,0.9226938425881368,2.9444650082741948,122.85209659524503,True,False,False,The reference epochs used in this audit are heterogeneous literature-derived descriptive anchors. Equal numerical window bounds relative to these anchors do not imply that the anchors represent the same physical phase across events.
REF_M120_365,bounded_reference_anchored_sensitivity_grid,-120.0,365.0,AT2020wey,r,FLUX,0.02738,59152.0,r_band_peak,801,244,557,0.3046192259675406,20,0,224,59121.47313660011,59526.51269679982,-29.71331289288583,364.53181568633045,394.24512857921627,0.9261355095461437,2.858020576834012,87.9007767331579,True,False,False,The reference epochs used in this audit are heterogeneous literature-derived descriptive anchors. Equal numerical window bounds relative to these anchors do not imply that the anchors represent the same physical phase across events.
REF_M120_365,bounded_reference_anchored_sensitivity_grid,-120.0,365.0,AT2020ysg,W1,FLUX,0.277,59122.64,fitted_lightcurve_peak,21,4,17,0.19047619047619047,1,0,3,58978.85891881,59551.91681451,-112.59285919342057,336.160387243538,448.7532464369586,161.45315815974567,163.07438496005943,163.47969166013786,True,False,False,The reference epochs used in this audit are heterogeneous literature-derived descriptive anchors. Equal numerical window bounds relative to these anchors do not imply that the anchors represent the same physical phase across events.
REF_M120_365,bounded_reference_anchored_sensitivity_grid,-120.0,365.0,AT2020ysg,W2,FLUX,0.277,59122.64,fitted_lightcurve_peak,21,4,17,0.19047619047619047,1,0,3,58978.85891881,59551.91681451,-112.59285919342057,336.160387243538,448.7532464369586,161.45315815974567,163.07438496005943,163.47969166013786,True,False,False,The reference epochs used in this audit are heterogeneous literature-derived descriptive anchors. Equal numerical window bounds relative to these anchors do not imply that the anchors represent the same physical phase across events.
REF_M120_365,bounded_reference_anchored_sensitivity_grid,-120.0,365.0,AT2020ysg,g,FLUX,0.277,59122.64,fitted_lightcurve_peak,421,123,298,0.2921615201900237,16,0,107,58971.26695600012,59536.448877300136,-118.5380140954395,324.04767212226807,442.5856862177076,1.5490996476682886,4.698947173037865,103.58584213005662,True,False,False,The reference epochs used in this audit are heterogeneous literature-derived descriptive anchors. Equal numerical window bounds relative to these anchors do not imply that the anchors represent the same physical phase across events.
REF_M120_365,bounded_reference_anchored_sensitivity_grid,-120.0,365.0,AT2020ysg,i,FLUX,0.277,59122.64,fitted_lightcurve_peak,79,37,42,0.46835443037974683,0,0,37,59189.53078699997,59540.49562499998,52.38119577131364,327.2166209866734,274.83542521535975,2.797789937330114,9.001167384599835,113.77597595955199,True,False,False,The reference epochs used in this audit are heterogeneous literature-derived descriptive anchors. Equal numerical window bounds relative to these anchors do not imply that the anchors represent the same physical phase across events.
REF_M120_365,bounded_reference_anchored_sensitivity_grid,-120.0,365.0,AT2020ysg,r,FLUX,0.277,59122.64,fitted_lightcurve_peak,531,209,322,0.3935969868173258,28,0,181,58971.18910880014,59536.51695600012,-118.59897509777322,324.10098355530437,442.6999586530776,0.8019963585674622,4.175260681228701,63.70406617069895,True,False,False,The reference epochs used in this audit are heterogeneous literature-derived descriptive anchors. Equal numerical window bounds relative to these anchors do not imply that the anchors represent the same physical phase across events.
REF_M120_365,bounded_reference_anchored_sensitivity_grid,-120.0,365.0,AT2020yue,W1,FLUX,0.204,59179.44,fitted_rest_frame_g_band_peak,21,3,18,0.14285714285714285,0,0,3,59182.387754945,59549.500640585,2.44830144933124,307.3593360340512,304.9110345847199,152.45551729235996,169.33723032557964,173.55765858388455,True,False,False,The reference epochs used in this audit are heterogeneous literature-derived descriptive anchors. Equal numerical window bounds relative to these anchors do not imply that the anchors represent the same physical phase across events.
REF_M120_365,bounded_reference_anchored_sensitivity_grid,-120.0,365.0,AT2020yue,W2,FLUX,0.204,59179.44,fitted_rest_frame_g_band_peak,21,3,18,0.14285714285714285,0,0,3,59182.387754945,59549.500640585,2.44830144933124,307.3593360340512,304.9110345847199,152.45551729235996,169.33723032557964,173.55765858388455,True,False,False,The reference epochs used in this audit are heterogeneous literature-derived descriptive anchors. Equal numerical window bounds relative to these anchors do not imply that the anchors represent the same physical phase across events.
REF_M120_365,bounded_reference_anchored_sensitivity_grid,-120.0,365.0,AT2020yue,g,FLUX,0.204,59179.44,fitted_rest_frame_g_band_peak,218,79,139,0.3623853211009174,9,0,70,59149.505381899886,59550.48468750017,-24.862639618036958,308.1766507476456,333.0392903656826,1.679274128042966,5.84654838041684,114.04890714265852,True,False,False,The reference epochs used in this audit are heterogeneous literature-derived descriptive anchors. Equal numerical window bounds relative to these anchors do not imply that the anchors represent the same physical phase across events.
REF_M120_365,bounded_reference_anchored_sensitivity_grid,-120.0,365.0,AT2020yue,r,FLUX,0.204,59179.44,fitted_rest_frame_g_band_peak,282,126,156,0.44680851063829785,31,0,95,59042.176111099776,59532.478773099836,-114.006552242713,293.2215723420545,407.2281245847675,1.6294353822574168,5.009737973444882,93.28119235888335,True,False,False,The reference epochs used in this audit are heterogeneous literature-derived descriptive anchors. Equal numerical window bounds relative to these anchors do not imply that the anchors represent the same physical phase across events.
REF_M120_365,bounded_reference_anchored_sensitivity_grid,-120.0,365.0,AT2020zso,B,FLUX,0.0563,59184.0,bolometric_peak,18,17,1,0.9444444444444444,5,0,12,59173.046423,59355.864978,-10.369759538010246,162.70470320931344,173.07446274732368,4.1186050364462545,13.024282874182,100.04466818138766,True,False,False,The reference epochs used in this audit are heterogeneous literature-derived descriptive anchors. Equal numerical window bounds relative to these anchors do not imply that the anchors represent the same physical phase across events.
REF_M120_365,bounded_reference_anchored_sensitivity_grid,-120.0,365.0,AT2020zso,U,FLUX,0.0563,59184.0,bolometric_peak,18,17,1,0.9444444444444444,5,0,12,59173.045444,59355.864061,-10.37068635803934,162.70383508472992,173.07452144276925,4.118462557987124,13.02431364195639,100.0445574173971,True,False,False,The reference epochs used in this audit are heterogeneous literature-derived descriptive anchors. Equal numerical window bounds relative to these anchors do not imply that the anchors represent the same physical phase across events.
REF_M120_365,bounded_reference_anchored_sensitivity_grid,-120.0,365.0,AT2020zso,UVM2,FLUX,0.0563,59184.0,bolometric_peak,17,16,1,0.9411764705882353,5,0,11,59173.053128,59355.874285,-10.363411909495824,162.71351415317434,173.07692606267017,4.9398371674767185,13.104804316953455,100.04291394490032,True,False,False,The reference epochs used in this audit are heterogeneous literature-derived descriptive anchors. Equal numerical window bounds relative to these anchors do not imply that the anchors represent the same physical phase across events.
REF_M120_365,bounded_reference_anchored_sensitivity_grid,-120.0,365.0,AT2020zso,UVW1,FLUX,0.0563,59184.0,bolometric_peak,18,17,1,0.9444444444444444,5,0,12,59173.044009,59355.862281,-10.372044873617856,162.7021499573999,173.07419483101776,4.118176654360905,13.02412146170839,100.04476853166646,True,False,False,The reference epochs used in this audit are heterogeneous literature-derived descriptive anchors. Equal numerical window bounds relative to these anchors do not imply that the anchors represent the same physical phase across events.
REF_M120_365,bounded_reference_anchored_sensitivity_grid,-120.0,365.0,AT2020zso,UVW2,FLUX,0.0563,59184.0,bolometric_peak,18,17,1,0.9444444444444444,5,0,12,59173.048803,59355.867634,-10.367506390232073,162.70721764650384,173.07472403673592,4.119024424881786,13.024310328506093,100.04457635141847,True,False,False,The reference epochs used in this audit are heterogeneous literature-derived descriptive anchors. Equal numerical window bounds relative to these anchors do not imply that the anchors represent the same physical phase across events.
REF_M120_365,bounded_reference_anchored_sensitivity_grid,-120.0,365.0,AT2020zso,W1,FLUX,0.0563,59184.0,bolometric_peak,21,3,18,0.14285714285714285,1,0,2,59158.45764373,59522.68014508,-24.18096778377508,320.6287466439436,344.80971442771863,172.40485721385932,186.6350457549968,190.19259289028116,True,False,False,The reference epochs used in this audit are heterogeneous literature-derived descriptive anchors. Equal numerical window bounds relative to these anchors do not imply that the anchors represent the same physical phase across events.
REF_M120_365,bounded_reference_anchored_sensitivity_grid,-120.0,365.0,AT2020zso,W2,FLUX,0.0563,59184.0,bolometric_peak,21,3,18,0.14285714285714285,1,0,2,59158.45764373,59522.68014508,-24.18096778377508,320.6287466439436,344.80971442771863,172.40485721385932,186.6350457549968,190.19259289028116,True,False,False,The reference epochs used in this audit are heterogeneous literature-derived descriptive anchors. Equal numerical window bounds relative to these anchors do not imply that the anchors represent the same physical phase across events.
REF_M120_365,bounded_reference_anchored_sensitivity_grid,-120.0,365.0,AT2020zso,g,FLUX,0.0563,59184.0,bolometric_peak,269,93,176,0.34572490706319703,45,0,48,59057.39090280002,59550.17150459997,-119.86092700935356,346.6548372621164,466.51576427146995,1.9047311843527792,7.608816841964433,159.34398021412503,True,False,False,The reference epochs used in this audit are heterogeneous literature-derived descriptive anchors. Equal numerical window bounds relative to these anchors do not imply that the anchors represent the same physical phase across events.
REF_M120_365,bounded_reference_anchored_sensitivity_grid,-120.0,365.0,AT2020zso,i,FLUX,0.0563,59184.0,bolometric_peak,64,19,45,0.296875,0,0,19,59399.43984950008,59542.12731479993,203.95706664780715,339.039396762218,135.08233011441087,6.618035359347447,13.189664962556462,15.109738426796671,True,False,False,The reference epochs used in this audit are heterogeneous literature-derived descriptive anchors. Equal numerical window bounds relative to these anchors do not imply that the anchors represent the same physical phase across events.
REF_M120_365,bounded_reference_anchored_sensitivity_grid,-120.0,365.0,AT2020zso,r,FLUX,0.0563,59184.0,bolometric_peak,324,133,191,0.4104938271604938,49,0,84,59057.456701400224,59550.102511600126,-119.7986354253298,346.58952153756087,466.3881569628907,0.9427342608745273,8.373113395500742,130.0672486034389,True,False,False,The reference epochs used in this audit are heterogeneous literature-derived descriptive anchors. Equal numerical window bounds relative to these anchors do not imply that the anchors represent the same physical phase across events.
REF_M120_730,bounded_reference_anchored_sensitivity_grid,-120.0,730.0,AT2018hyz,g,MAGNITUDE,0.04573,58429.0,bolometric_peak,79,79,0,1.0,2,0,77,58405.480409999844,58652.978515625,-22.491073221726747,214.1838864955581,236.67495971728488,1.994719000124315,6.087068064892466,14.349851300163051,True,False,False,The reference epochs used in this audit are heterogeneous literature-derived descriptive anchors. Equal numerical window bounds relative to these anchors do not imply that the anchors represent the same physical phase across events.
REF_M120_730,bounded_reference_anchored_sensitivity_grid,-120.0,730.0,AT2019qiz,g,MAGNITUDE,0.01513,58764.0,bolometric_peak,55,55,0,1.0,11,0,44,58746.5,58907.47,-17.239171337661183,141.33165210367258,158.57082344133377,2.8025967117523507,6.126308945653228,8.274802242078803,True,False,False,The reference epochs used in this audit are heterogeneous literature-derived descriptive anchors. Equal numerical window bounds relative to these anchors do not imply that the anchors represent the same physical phase across events.
REF_M120_730,bounded_reference_anchored_sensitivity_grid,-120.0,730.0,AT2019qiz,i,MAGNITUDE,0.01513,58764.0,bolometric_peak,29,29,0,1.0,3,0,26,58752.27,58903.11,-11.555170273761194,137.03663570183184,148.59180597559305,4.04381704806238,8.552599174489938,15.150768867039078,True,False,False,The reference epochs used in this audit are heterogeneous literature-derived descriptive anchors. Equal numerical window bounds relative to these anchors do not imply that the anchors represent the same physical phase across events.
REF_M120_730,bounded_reference_anchored_sensitivity_grid,-120.0,730.0,AT2019qiz,r,MAGNITUDE,0.01513,58764.0,bolometric_peak,61,61,0,1.0,9,0,52,58745.49,58907.48,-18.234117797722494,141.3415030587247,159.5756208564472,2.699161683726814,5.1816023563511715,9.870656960189136,True,False,False,The reference epochs used in this audit are heterogeneous literature-derived descriptive anchors. Equal numerical window bounds relative to these anchors do not imply that the anchors represent the same physical phase across events.
REF_M120_730,bounded_reference_anchored_sensitivity_grid,-120.0,730.0,AT2020wey,W1,FLUX,0.02738,59152.0,r_band_peak,20,5,15,0.25,1,0,4,59143.278646855004,59874.46088674,-8.488926341758747,703.2070769724951,711.6960033142539,177.2152252525863,203.25000769141002,204.10075737312516,True,False,False,The reference epochs used in this audit are heterogeneous literature-derived descriptive anchors. Equal numerical window bounds relative to these anchors do not imply that the anchors represent the same physical phase across events.
REF_M120_730,bounded_reference_anchored_sensitivity_grid,-120.0,730.0,AT2020wey,W2,FLUX,0.02738,59152.0,r_band_peak,20,5,15,0.25,1,0,4,59143.278646855004,59874.46088674,-8.488926341758747,703.2070769724951,711.6960033142539,177.2152252525863,203.25000769141002,204.10075737312516,True,False,False,The reference epochs used in this audit are heterogeneous literature-derived descriptive anchors. Equal numerical window bounds relative to these anchors do not imply that the anchors represent the same physical phase across events.
REF_M120_730,bounded_reference_anchored_sensitivity_grid,-120.0,730.0,AT2020wey,g,FLUX,0.02738,59152.0,r_band_peak,683,313,370,0.4582723279648609,20,0,293,59121.49187499983,59901.51525459997,-29.695073877404308,729.540437423323,759.2355113007274,0.9353000836071916,3.812127362891918,134.49894664089888,True,False,False,The reference epochs used in this audit are heterogeneous literature-derived descriptive anchors. Equal numerical window bounds relative to these anchors do not imply that the anchors represent the same physical phase across events.
REF_M120_730,bounded_reference_anchored_sensitivity_grid,-120.0,730.0,AT2020wey,r,FLUX,0.02738,59152.0,r_band_peak,801,346,455,0.43196004993757803,20,0,326,59121.47313660011,59901.49124999996,-29.71331289288583,729.5170725534493,759.2303854463352,0.9226993908369034,3.0030226011489374,95.68684196703043,True,False,False,The reference epochs used in this audit are heterogeneous literature-derived descriptive anchors. Equal numerical window bounds relative to these anchors do not imply that the anchors represent the same physical phase across events.
REF_M120_730,bounded_reference_anchored_sensitivity_grid,-120.0,730.0,AT2020ysg,W1,FLUX,0.277,59122.64,fitted_lightcurve_peak,21,6,15,0.2857142857142857,1,0,5,58978.85891881,59915.97587665,-112.59285919342057,621.249707635084,733.8425668285046,161.45315815974567,163.31973875176163,163.47969166013786,True,False,False,The reference epochs used in this audit are heterogeneous literature-derived descriptive anchors. Equal numerical window bounds relative to these anchors do not imply that the anchors represent the same physical phase across events.
REF_M120_730,bounded_reference_anchored_sensitivity_grid,-120.0,730.0,AT2020ysg,W2,FLUX,0.277,59122.64,fitted_lightcurve_peak,21,6,15,0.2857142857142857,1,0,5,58978.85891881,59915.97587665,-112.59285919342057,621.249707635084,733.8425668285046,161.45315815974567,163.31973875176163,163.47969166013786,True,False,False,The reference epochs used in this audit are heterogeneous literature-derived descriptive anchors. Equal numerical window bounds relative to these anchors do not imply that the anchors represent the same physical phase across events.
REF_M120_730,bounded_reference_anchored_sensitivity_grid,-120.0,730.0,AT2020ysg,g,FLUX,0.277,59122.64,fitted_lightcurve_peak,421,215,206,0.5106888361045131,16,0,199,58971.26695600012,60054.26151619991,-118.5380140954395,729.5391669537302,848.0771810491696,1.5294681284605827,5.480737361025733,112.96859146449525,True,False,False,The reference epochs used in this audit are heterogeneous literature-derived descriptive anchors. Equal numerical window bounds relative to these anchors do not imply that the anchors represent the same physical phase across events.
REF_M120_730,bounded_reference_anchored_sensitivity_grid,-120.0,730.0,AT2020ysg,i,FLUX,0.277,59122.64,fitted_lightcurve_peak,79,62,17,0.7848101265822784,0,0,62,59189.53078699997,60054.388553199824,52.38119577131364,729.6386477680693,677.2574519967555,4.698158653136473,18.76569796388585,113.77597595955199,True,False,False,The reference epochs used in this audit are heterogeneous literature-derived descriptive anchors. Equal numerical window bounds relative to these anchors do not imply that the anchors represent the same physical phase across events.
REF_M120_730,bounded_reference_anchored_sensitivity_grid,-120.0,730.0,AT2020ysg,r,FLUX,0.277,59122.64,fitted_lightcurve_peak,531,327,204,0.615819209039548,28,0,299,58971.18910880014,60052.27799770003,-118.59897509777322,727.9859026625155,846.5848777602887,0.811952584151094,4.69659068114828,67.25283868438743,True,False,False,The reference epochs used in this audit are heterogeneous literature-derived descriptive anchors. Equal numerical window bounds relative to these anchors do not imply that the anchors represent the same physical phase across events.
REF_M120_730,bounded_reference_anchored_sensitivity_grid,-120.0,730.0,AT2020yue,W1,FLUX,0.204,59179.44,fitted_rest_frame_g_band_peak,21,5,16,0.23809523809523808,0,0,5,59182.387754945,59913.501500935,2.44830144933124,609.6856320058142,607.237330556483,152.35323246262874,173.49628768604583,173.55765858388455,True,False,False,The reference epochs used in this audit are heterogeneous literature-derived descriptive anchors. Equal numerical window bounds relative to these anchors do not imply that the anchors represent the same physical phase across events.
REF_M120_730,bounded_reference_anchored_sensitivity_grid,-120.0,730.0,AT2020yue,W2,FLUX,0.204,59179.44,fitted_rest_frame_g_band_peak,21,5,16,0.23809523809523808,0,0,5,59182.387754945,59913.501500935,2.44830144933124,609.6856320058142,607.237330556483,152.35323246262874,173.49628768604583,173.55765858388455,True,False,False,The reference epochs used in this audit are heterogeneous literature-derived descriptive anchors. Equal numerical window bounds relative to these anchors do not imply that the anchors represent the same physical phase across events.
REF_M120_730,bounded_reference_anchored_sensitivity_grid,-120.0,730.0,AT2020yue,g,FLUX,0.204,59179.44,fitted_rest_frame_g_band_peak,218,121,97,0.555045871559633,9,0,112,59149.505381899886,60058.29887730023,-24.862639618036958,729.949233638062,754.8118732560989,1.7326360050530059,9.189393779029295,128.08654792343833,True,False,False,The reference epochs used in this audit are heterogeneous literature-derived descriptive anchors. Equal numerical window bounds relative to these anchors do not imply that the anchors represent the same physical phase across events.
REF_M120_730,bounded_reference_anchored_sensitivity_grid,-120.0,730.0,AT2020yue,r,FLUX,0.204,59179.44,fitted_rest_frame_g_band_peak,282,191,91,0.6773049645390071,31,0,160,59042.176111099776,59984.341851899866,-114.006552242713,668.5231328071958,782.5296850499087,1.6371595514303947,5.828441237408878,97.45799111313747,True,False,False,The reference epochs used in this audit are heterogeneous literature-derived descriptive anchors. Equal numerical window bounds relative to these anchors do not imply that the anchors represent the same physical phase across events.
REF_M120_730,bounded_reference_anchored_sensitivity_grid,-120.0,730.0,AT2020zso,B,FLUX,0.0563,59184.0,bolometric_peak,18,17,1,0.9444444444444444,5,0,12,59173.046423,59355.864978,-10.369759538010246,162.70470320931344,173.07446274732368,4.1186050364462545,13.024282874182,100.04466818138766,True,False,False,The reference epochs used in this audit are heterogeneous literature-derived descriptive anchors. Equal numerical window bounds relative to these anchors do not imply that the anchors represent the same physical phase across events.
REF_M120_730,bounded_reference_anchored_sensitivity_grid,-120.0,730.0,AT2020zso,U,FLUX,0.0563,59184.0,bolometric_peak,18,17,1,0.9444444444444444,5,0,12,59173.045444,59355.864061,-10.37068635803934,162.70383508472992,173.07452144276925,4.118462557987124,13.02431364195639,100.0445574173971,True,False,False,The reference epochs used in this audit are heterogeneous literature-derived descriptive anchors. Equal numerical window bounds relative to these anchors do not imply that the anchors represent the same physical phase across events.
REF_M120_730,bounded_reference_anchored_sensitivity_grid,-120.0,730.0,AT2020zso,UVM2,FLUX,0.0563,59184.0,bolometric_peak,17,16,1,0.9411764705882353,5,0,11,59173.053128,59355.874285,-10.363411909495824,162.71351415317434,173.07692606267017,4.9398371674767185,13.104804316953455,100.04291394490032,True,False,False,The reference epochs used in this audit are heterogeneous literature-derived descriptive anchors. Equal numerical window bounds relative to these anchors do not imply that the anchors represent the same physical phase across events.
REF_M120_730,bounded_reference_anchored_sensitivity_grid,-120.0,730.0,AT2020zso,UVW1,FLUX,0.0563,59184.0,bolometric_peak,18,17,1,0.9444444444444444,5,0,12,59173.044009,59355.862281,-10.372044873617856,162.7021499573999,173.07419483101776,4.118176654360905,13.02412146170839,100.04476853166646,True,False,False,The reference epochs used in this audit are heterogeneous literature-derived descriptive anchors. Equal numerical window bounds relative to these anchors do not imply that the anchors represent the same physical phase across events.
REF_M120_730,bounded_reference_anchored_sensitivity_grid,-120.0,730.0,AT2020zso,UVW2,FLUX,0.0563,59184.0,bolometric_peak,18,17,1,0.9444444444444444,5,0,12,59173.048803,59355.867634,-10.367506390232073,162.70721764650384,173.07472403673592,4.119024424881786,13.024310328506093,100.04457635141847,True,False,False,The reference epochs used in this audit are heterogeneous literature-derived descriptive anchors. Equal numerical window bounds relative to these anchors do not imply that the anchors represent the same physical phase across events.
REF_M120_730,bounded_reference_anchored_sensitivity_grid,-120.0,730.0,AT2020zso,W1,FLUX,0.0563,59184.0,bolometric_peak,21,5,16,0.23809523809523808,1,0,4,59158.45764373,59889.65510792,-24.18096778377508,668.0442184227965,692.2251862065715,172.40485721385932,192.0926742156625,192.90699478368307,True,False,False,The reference epochs used in this audit are heterogeneous literature-derived descriptive anchors. Equal numerical window bounds relative to these anchors do not imply that the anchors represent the same physical phase across events.
REF_M120_730,bounded_reference_anchored_sensitivity_grid,-120.0,730.0,AT2020zso,W2,FLUX,0.0563,59184.0,bolometric_peak,21,5,16,0.23809523809523808,1,0,4,59158.45764373,59889.65510792,-24.18096778377508,668.0442184227965,692.2251862065715,172.40485721385932,192.0926742156625,192.90699478368307,True,False,False,The reference epochs used in this audit are heterogeneous literature-derived descriptive anchors. Equal numerical window bounds relative to these anchors do not imply that the anchors represent the same physical phase across events.
REF_M120_730,bounded_reference_anchored_sensitivity_grid,-120.0,730.0,AT2020zso,g,FLUX,0.0563,59184.0,bolometric_peak,269,146,123,0.5427509293680297,45,0,101,59057.39090280002,59932.12321759993,-119.86092700935356,708.2488096184153,828.1097366277688,1.9252540001087226,9.044535681330249,182.02252532434397,True,False,False,The reference epochs used in this audit are heterogeneous literature-derived descriptive anchors. Equal numerical window bounds relative to these anchors do not imply that the anchors represent the same physical phase across events.
REF_M120_730,bounded_reference_anchored_sensitivity_grid,-120.0,730.0,AT2020zso,i,FLUX,0.0563,59184.0,bolometric_peak,64,44,20,0.6875,0,0,44,59399.43984950008,59902.22737269988,203.95706664780715,679.9463908926278,475.9893242448207,4.739300009298057,14.930954425987435,185.8534529018016,True,False,False,The reference epochs used in this audit are heterogeneous literature-derived descriptive anchors. Equal numerical window bounds relative to these anchors do not imply that the anchors represent the same physical phase across events.
REF_M120_730,bounded_reference_anchored_sensitivity_grid,-120.0,730.0,AT2020zso,r,FLUX,0.0563,59184.0,bolometric_peak,324,174,150,0.5370370370370371,49,0,125,59057.456701400224,59924.17193289986,-119.7986354253298,700.721322446141,820.5199578714709,1.875639874687376,8.481739619402067,171.68688705857744,True,False,False,The reference epochs used in this audit are heterogeneous literature-derived descriptive anchors. Equal numerical window bounds relative to these anchors do not imply that the anchors represent the same physical phase across events.
