anchor_source,anchor_id,event,band,measurement_mode,anchor_mjd,anchor_definition,anchor_source_authors,anchor_source_year,anchor_doi,anchor_source_location,anchor_provenance_note,redshift_adopted,diagnostic_half_width_rest_days,eligible_N,local_N,local_pre_anchor_N,local_at_anchor_N,local_post_anchor_N,nearest_pre_anchor_mjd,nearest_pre_anchor_rest_days,nearest_post_anchor_mjd,nearest_post_anchor_rest_days,local_mjd_min,local_mjd_max,local_span_rest_days,local_brightest_observed_mjd,local_brightest_offset_rest_days,local_brightest_has_pre_measurement,local_brightest_has_post_measurement,pre_adjacent_steps_N,pre_rising_steps_N,pre_declining_steps_N,pre_tied_steps_N,pre_rising_step_fraction,post_adjacent_steps_N,post_rising_steps_N,post_declining_steps_N,post_tied_steps_N,post_declining_step_fraction,final_decline_anchor_selected,final_fitting_window_selected,model_time_defined,notes
CURRENT,CURRENT,AT2018hyz,g,MAGNITUDE,58429.0,bolometric_peak,Gomez et al.,2020,10.1093/mnras/staa2099,Sections 3.1 and 5; Figs. 8-9,,0.04573,30.0,79,19,2,0,17,58420.48647999996,-8.141221921563698,58432.352736666646,3.2061207641033502,58405.480409999844,58455.021484375,47.3746324339517,58441.087890625,11.559284542855229,True,True,1,1,0,0,1.0,16,8,8,0,0.5,False,False,False,"Diagnostic local-neighborhood measurement summary only. The brightest observed local measurement may be sensitive to cadence, noise, or outliers and is not interpreted as a true peak, physical peak, fitted peak, decline anchor, or model-time origin."
CURRENT,CURRENT,AT2018hyz,g,MAGNITUDE,58429.0,bolometric_peak,Gomez et al.,2020,10.1093/mnras/staa2099,Sections 3.1 and 5; Figs. 8-9,,0.04573,60.0,79,30,2,0,28,58420.48647999996,-8.141221921563698,58432.352736666646,3.2061207641033502,58405.480409999844,58488.330078125,79.22663414567461,58441.087890625,11.559284542855229,True,True,1,1,0,0,1.0,27,11,16,0,0.5925925925925926,False,False,False,"Diagnostic local-neighborhood measurement summary only. The brightest observed local measurement may be sensitive to cadence, noise, or outliers and is not interpreted as a true peak, physical peak, fitted peak, decline anchor, or model-time origin."
CURRENT,CURRENT,AT2018hyz,g,MAGNITUDE,58429.0,bolometric_peak,Gomez et al.,2020,10.1093/mnras/staa2099,Sections 3.1 and 5; Figs. 8-9,,0.04573,120.0,79,44,2,0,42,58420.48647999996,-8.141221921563698,58432.352736666646,3.2061207641033502,58405.480409999844,58549.240234375,137.47317603507244,58441.087890625,11.559284542855229,True,True,1,1,0,0,1.0,41,14,27,0,0.6585365853658537,False,False,False,"Diagnostic local-neighborhood measurement summary only. The brightest observed local measurement may be sensitive to cadence, noise, or outliers and is not interpreted as a true peak, physical peak, fitted peak, decline anchor, or model-time origin."
CURRENT,CURRENT,AT2019qiz,g,MAGNITUDE,58764.0,bolometric_peak,Nicholl et al.,2020,10.1093/mnras/staa2824,Section 5.1; Figs. 9-10,,0.01513,30.0,55,23,11,0,12,58763.45,-0.5418025277579328,58766.31,2.2755706165689826,58746.5,58793.35,46.15172440968008,58763.45,-0.5418025277579328,True,True,10,9,0,1,0.9,11,1,10,0,0.9090909090909091,False,False,False,"Diagnostic local-neighborhood measurement summary only. The brightest observed local measurement may be sensitive to cadence, noise, or outliers and is not interpreted as a true peak, physical peak, fitted peak, decline anchor, or model-time origin."
CURRENT,CURRENT,AT2019qiz,g,MAGNITUDE,58764.0,bolometric_peak,Nicholl et al.,2020,10.1093/mnras/staa2824,Section 5.1; Figs. 9-10,,0.01513,60.0,55,35,11,0,24,58763.45,-0.5418025277579328,58766.31,2.2755706165689826,58746.5,58821.72,74.09888388679397,58763.45,-0.5418025277579328,True,True,10,9,0,1,0.9,23,4,19,0,0.8260869565217391,False,False,False,"Diagnostic local-neighborhood measurement summary only. The brightest observed local measurement may be sensitive to cadence, noise, or outliers and is not interpreted as a true peak, physical peak, fitted peak, decline anchor, or model-time origin."
CURRENT,CURRENT,AT2019qiz,g,MAGNITUDE,58764.0,bolometric_peak,Nicholl et al.,2020,10.1093/mnras/staa2824,Section 5.1; Figs. 9-10,,0.01513,120.0,55,50,11,0,39,58763.45,-0.5418025277579328,58766.31,2.2755706165689826,58746.5,58885.13,136.56378985942428,58763.45,-0.5418025277579328,True,True,10,9,0,1,0.9,38,8,29,1,0.7631578947368421,False,False,False,"Diagnostic local-neighborhood measurement summary only. The brightest observed local measurement may be sensitive to cadence, noise, or outliers and is not interpreted as a true peak, physical peak, fitted peak, decline anchor, or model-time origin."
CURRENT,CURRENT,AT2019qiz,i,MAGNITUDE,58764.0,bolometric_peak,Nicholl et al.,2020,10.1093/mnras/staa2824,Section 5.1; Figs. 9-10,,0.01513,30.0,29,8,3,0,5,58762.26,-1.7140661787140195,58766.32,2.285421571621082,58752.27,58790.09,37.25631199944806,58766.32,2.285421571621082,True,True,2,2,0,0,1.0,4,1,3,0,0.75,False,False,False,"Diagnostic local-neighborhood measurement summary only. The brightest observed local measurement may be sensitive to cadence, noise, or outliers and is not interpreted as a true peak, physical peak, fitted peak, decline anchor, or model-time origin."
CURRENT,CURRENT,AT2019qiz,i,MAGNITUDE,58764.0,bolometric_peak,Nicholl et al.,2020,10.1093/mnras/staa2824,Section 5.1; Figs. 9-10,,0.01513,60.0,29,15,3,0,12,58762.26,-1.7140661787140195,58766.32,2.285421571621082,58752.27,58821.73,68.42473377794607,58766.32,2.285421571621082,True,True,2,2,0,0,1.0,11,2,8,1,0.7272727272727273,False,False,False,"Diagnostic local-neighborhood measurement summary only. The brightest observed local measurement may be sensitive to cadence, noise, or outliers and is not interpreted as a true peak, physical peak, fitted peak, decline anchor, or model-time origin."
CURRENT,CURRENT,AT2019qiz,i,MAGNITUDE,58764.0,bolometric_peak,Nicholl et al.,2020,10.1093/mnras/staa2824,Section 5.1; Figs. 9-10,,0.01513,120.0,29,27,3,0,24,58762.26,-1.7140661787140195,58766.32,2.285421571621082,58752.27,58882.5,128.28898761735263,58766.32,2.285421571621082,True,True,2,2,0,0,1.0,23,7,15,1,0.6521739130434783,False,False,False,"Diagnostic local-neighborhood measurement summary only. The brightest observed local measurement may be sensitive to cadence, noise, or outliers and is not interpreted as a true peak, physical peak, fitted peak, decline anchor, or model-time origin."
CURRENT,CURRENT,AT2019qiz,r,MAGNITUDE,58764.0,bolometric_peak,Nicholl et al.,2020,10.1093/mnras/staa2824,Section 5.1; Figs. 9-10,,0.01513,30.0,61,21,9,0,12,58763.49,-0.5023987075567042,58766.31,2.2755706165689826,58745.49,58793.47,47.264882330345074,58763.49,-0.5023987075567042,True,True,8,5,3,0,0.625,11,3,8,0,0.7272727272727273,False,False,False,"Diagnostic local-neighborhood measurement summary only. The brightest observed local measurement may be sensitive to cadence, noise, or outliers and is not interpreted as a true peak, physical peak, fitted peak, decline anchor, or model-time origin."
CURRENT,CURRENT,AT2019qiz,r,MAGNITUDE,58764.0,bolometric_peak,Nicholl et al.,2020,10.1093/mnras/staa2824,Section 5.1; Figs. 9-10,,0.01513,60.0,61,32,9,0,23,58763.49,-0.5023987075567042,58766.31,2.2755706165689826,58745.49,58821.73,75.10368130190737,58763.49,-0.5023987075567042,True,True,8,5,3,0,0.625,22,6,16,0,0.7272727272727273,False,False,False,"Diagnostic local-neighborhood measurement summary only. The brightest observed local measurement may be sensitive to cadence, noise, or outliers and is not interpreted as a true peak, physical peak, fitted peak, decline anchor, or model-time origin."
CURRENT,CURRENT,AT2019qiz,r,MAGNITUDE,58764.0,bolometric_peak,Nicholl et al.,2020,10.1093/mnras/staa2824,Section 5.1; Figs. 9-10,,0.01513,120.0,61,55,9,0,46,58763.49,-0.5023987075567042,58766.31,2.2755706165689826,58745.49,58881.11,133.5986523893517,58763.49,-0.5023987075567042,True,True,8,5,3,0,0.625,45,13,31,1,0.6888888888888889,False,False,False,"Diagnostic local-neighborhood measurement summary only. The brightest observed local measurement may be sensitive to cadence, noise, or outliers and is not interpreted as a true peak, physical peak, fitted peak, decline anchor, or model-time origin."
CURRENT,CURRENT,AT2020wey,W1,FLUX,59152.0,fitted_ZTF_r_band_peak,Charalampopoulos et al.,2023,10.1051/0004-6361/202245065,Section 3.2; Fig. 1; Table 2 note,This more precise type supersedes the looser descriptive label r_band_peak for provenance purposes only.,0.02738,30.0,20,1,1,0,0,59143.278646855004,-8.488926341758747,,,59143.278646855004,59143.278646855004,0,59143.278646855004,-8.488926341758747,False,False,0,0,0,0,,0,0,0,0,,False,False,False,"Diagnostic local-neighborhood measurement summary only. The brightest observed local measurement may be sensitive to cadence, noise, or outliers and is not interpreted as a true peak, physical peak, fitted peak, decline anchor, or model-time origin."
CURRENT,CURRENT,AT2020wey,W1,FLUX,59152.0,fitted_ZTF_r_band_peak,Charalampopoulos et al.,2023,10.1051/0004-6361/202245065,Section 3.2; Fig. 1; Table 2 note,This more precise type supersedes the looser descriptive label r_band_peak for provenance purposes only.,0.02738,60.0,20,1,1,0,0,59143.278646855004,-8.488926341758747,,,59143.278646855004,59143.278646855004,0,59143.278646855004,-8.488926341758747,False,False,0,0,0,0,,0,0,0,0,,False,False,False,"Diagnostic local-neighborhood measurement summary only. The brightest observed local measurement may be sensitive to cadence, noise, or outliers and is not interpreted as a true peak, physical peak, fitted peak, decline anchor, or model-time origin."
CURRENT,CURRENT,AT2020wey,W1,FLUX,59152.0,fitted_ZTF_r_band_peak,Charalampopoulos et al.,2023,10.1051/0004-6361/202245065,Section 3.2; Fig. 1; Table 2 note,This more precise type supersedes the looser descriptive label r_band_peak for provenance purposes only.,0.02738,120.0,20,1,1,0,0,59143.278646855004,-8.488926341758747,,,59143.278646855004,59143.278646855004,0,59143.278646855004,-8.488926341758747,False,False,0,0,0,0,,0,0,0,0,,False,False,False,"Diagnostic local-neighborhood measurement summary only. The brightest observed local measurement may be sensitive to cadence, noise, or outliers and is not interpreted as a true peak, physical peak, fitted peak, decline anchor, or model-time origin."
CURRENT,CURRENT,AT2020wey,W2,FLUX,59152.0,fitted_ZTF_r_band_peak,Charalampopoulos et al.,2023,10.1051/0004-6361/202245065,Section 3.2; Fig. 1; Table 2 note,This more precise type supersedes the looser descriptive label r_band_peak for provenance purposes only.,0.02738,30.0,20,1,1,0,0,59143.278646855004,-8.488926341758747,,,59143.278646855004,59143.278646855004,0,59143.278646855004,-8.488926341758747,False,False,0,0,0,0,,0,0,0,0,,False,False,False,"Diagnostic local-neighborhood measurement summary only. The brightest observed local measurement may be sensitive to cadence, noise, or outliers and is not interpreted as a true peak, physical peak, fitted peak, decline anchor, or model-time origin."
CURRENT,CURRENT,AT2020wey,W2,FLUX,59152.0,fitted_ZTF_r_band_peak,Charalampopoulos et al.,2023,10.1051/0004-6361/202245065,Section 3.2; Fig. 1; Table 2 note,This more precise type supersedes the looser descriptive label r_band_peak for provenance purposes only.,0.02738,60.0,20,1,1,0,0,59143.278646855004,-8.488926341758747,,,59143.278646855004,59143.278646855004,0,59143.278646855004,-8.488926341758747,False,False,0,0,0,0,,0,0,0,0,,False,False,False,"Diagnostic local-neighborhood measurement summary only. The brightest observed local measurement may be sensitive to cadence, noise, or outliers and is not interpreted as a true peak, physical peak, fitted peak, decline anchor, or model-time origin."
CURRENT,CURRENT,AT2020wey,W2,FLUX,59152.0,fitted_ZTF_r_band_peak,Charalampopoulos et al.,2023,10.1051/0004-6361/202245065,Section 3.2; Fig. 1; Table 2 note,This more precise type supersedes the looser descriptive label r_band_peak for provenance purposes only.,0.02738,120.0,20,1,1,0,0,59143.278646855004,-8.488926341758747,,,59143.278646855004,59143.278646855004,0,59143.278646855004,-8.488926341758747,False,False,0,0,0,0,,0,0,0,0,,False,False,False,"Diagnostic local-neighborhood measurement summary only. The brightest observed local measurement may be sensitive to cadence, noise, or outliers and is not interpreted as a true peak, physical peak, fitted peak, decline anchor, or model-time origin."
CURRENT,CURRENT,AT2020wey,g,FLUX,59152.0,fitted_ZTF_r_band_peak,Charalampopoulos et al.,2023,10.1051/0004-6361/202245065,Section 3.2; Fig. 1; Table 2 note,This more precise type supersedes the looser descriptive label r_band_peak for provenance purposes only.,0.02738,30.0,683,47,20,0,27,59151.392419000156,-0.5913887751793653,59153.515729200095,1.4753345403793516,59121.49187499983,59182.55324070016,59.43406110721141,59150.512557900045,-1.447801300351314,True,True,19,14,5,0,0.7368421052631579,26,10,16,0,0.6153846153846154,False,False,False,"Diagnostic local-neighborhood measurement summary only. The brightest observed local measurement may be sensitive to cadence, noise, or outliers and is not interpreted as a true peak, physical peak, fitted peak, decline anchor, or model-time origin."
CURRENT,CURRENT,AT2020wey,g,FLUX,59152.0,fitted_ZTF_r_band_peak,Charalampopoulos et al.,2023,10.1051/0004-6361/202245065,Section 3.2; Fig. 1; Table 2 note,This more precise type supersedes the looser descriptive label r_band_peak for provenance purposes only.,0.02738,60.0,683,68,20,0,48,59151.392419000156,-0.5913887751793653,59153.515729200095,1.4753345403793516,59121.49187499983,59210.3457986,86.48593860126442,59150.512557900045,-1.447801300351314,True,True,19,14,5,0,0.7368421052631579,47,21,26,0,0.5531914893617021,False,False,False,"Diagnostic local-neighborhood measurement summary only. The brightest observed local measurement may be sensitive to cadence, noise, or outliers and is not interpreted as a true peak, physical peak, fitted peak, decline anchor, or model-time origin."
CURRENT,CURRENT,AT2020wey,g,FLUX,59152.0,fitted_ZTF_r_band_peak,Charalampopoulos et al.,2023,10.1051/0004-6361/202245065,Section 3.2; Fig. 1; Table 2 note,This more precise type supersedes the looser descriptive label r_band_peak for provenance purposes only.,0.02738,120.0,683,145,20,0,125,59151.392419000156,-0.5913887751793653,59153.515729200095,1.4753345403793516,59121.49187499983,59275.18124999991,149.59350483762046,59150.512557900045,-1.447801300351314,True,True,19,14,5,0,0.7368421052631579,124,61,63,0,0.5080645161290323,False,False,False,"Diagnostic local-neighborhood measurement summary only. The brightest observed local measurement may be sensitive to cadence, noise, or outliers and is not interpreted as a true peak, physical peak, fitted peak, decline anchor, or model-time origin."
CURRENT,CURRENT,AT2020wey,r,FLUX,59152.0,fitted_ZTF_r_band_peak,Charalampopoulos et al.,2023,10.1051/0004-6361/202245065,Section 3.2; Fig. 1; Table 2 note,This more precise type supersedes the looser descriptive label r_band_peak for provenance purposes only.,0.02738,30.0,801,46,20,0,26,59151.44906250015,-0.5362548422696455,59153.49020829983,1.4504937801305806,59121.47313660011,59182.470046299975,59.37132287942963,59150.49554400006,-1.4643617745497368,True,True,19,12,7,0,0.631578947368421,25,9,16,0,0.64,False,False,False,"Diagnostic local-neighborhood measurement summary only. The brightest observed local measurement may be sensitive to cadence, noise, or outliers and is not interpreted as a true peak, physical peak, fitted peak, decline anchor, or model-time origin."
CURRENT,CURRENT,AT2020wey,r,FLUX,59152.0,fitted_ZTF_r_band_peak,Charalampopoulos et al.,2023,10.1051/0004-6361/202245065,Section 3.2; Fig. 1; Table 2 note,This more precise type supersedes the looser descriptive label r_band_peak for provenance purposes only.,0.02738,60.0,801,65,20,0,45,59151.44906250015,-0.5362548422696455,59153.49020829983,1.4504937801305806,59121.47313660011,59204.428113400005,80.74420058780379,59150.49554400006,-1.4643617745497368,True,True,19,12,7,0,0.631578947368421,44,19,25,0,0.5681818181818182,False,False,False,"Diagnostic local-neighborhood measurement summary only. The brightest observed local measurement may be sensitive to cadence, noise, or outliers and is not interpreted as a true peak, physical peak, fitted peak, decline anchor, or model-time origin."
CURRENT,CURRENT,AT2020wey,r,FLUX,59152.0,fitted_ZTF_r_band_peak,Charalampopoulos et al.,2023,10.1051/0004-6361/202245065,Section 3.2; Fig. 1; Table 2 note,This more precise type supersedes the looser descriptive label r_band_peak for provenance purposes only.,0.02738,120.0,801,138,20,0,118,59151.44906250015,-0.5362548422696455,59153.49020829983,1.4504937801305806,59121.47313660011,59274.368715300225,148.82086345862075,59150.49554400006,-1.4643617745497368,True,True,19,12,7,0,0.631578947368421,117,61,56,0,0.47863247863247865,False,False,False,"Diagnostic local-neighborhood measurement summary only. The brightest observed local measurement may be sensitive to cadence, noise, or outliers and is not interpreted as a true peak, physical peak, fitted peak, decline anchor, or model-time origin."
CURRENT,CURRENT,AT2020ysg,W1,FLUX,59122.64,model_derived_K_corrected_multiband_peak,Hammerstein et al.,2023,10.3847/1538-4357/aca283,Section 5.1; Table 6; Appendix A.30,Existing fitted_lightcurve_peak label is broadly accurate but underspecified; ZTF missed the peak and lacked pre-peak colour information.,0.277,30.0,21,0,0,0,0,,,,,,,,,,,,0,0,0,0,,0,0,0,0,,False,False,False,"Diagnostic local-neighborhood measurement summary only. The brightest observed local measurement may be sensitive to cadence, noise, or outliers and is not interpreted as a true peak, physical peak, fitted peak, decline anchor, or model-time origin."
CURRENT,CURRENT,AT2020ysg,W1,FLUX,59122.64,model_derived_K_corrected_multiband_peak,Hammerstein et al.,2023,10.3847/1538-4357/aca283,Section 5.1; Table 6; Appendix A.30,Existing fitted_lightcurve_peak label is broadly accurate but underspecified; ZTF missed the peak and lacked pre-peak colour information.,0.277,60.0,21,1,0,0,1,,,59185.03460178,48.86029896632511,59185.03460178,59185.03460178,0,59185.03460178,48.86029896632511,False,False,0,0,0,0,,0,0,0,0,,False,False,False,"Diagnostic local-neighborhood measurement summary only. The brightest observed local measurement may be sensitive to cadence, noise, or outliers and is not interpreted as a true peak, physical peak, fitted peak, decline anchor, or model-time origin."
CURRENT,CURRENT,AT2020ysg,W1,FLUX,59122.64,model_derived_K_corrected_multiband_peak,Hammerstein et al.,2023,10.3847/1538-4357/aca283,Section 5.1; Table 6; Appendix A.30,Existing fitted_lightcurve_peak label is broadly accurate but underspecified; ZTF missed the peak and lacked pre-peak colour information.,0.277,120.0,21,2,1,0,1,58978.85891881,-112.59285919342057,59185.03460178,48.86029896632511,58978.85891881,59185.03460178,161.45315815974567,58978.85891881,-112.59285919342057,False,True,0,0,0,0,,0,0,0,0,,False,False,False,"Diagnostic local-neighborhood measurement summary only. The brightest observed local measurement may be sensitive to cadence, noise, or outliers and is not interpreted as a true peak, physical peak, fitted peak, decline anchor, or model-time origin."
CURRENT,CURRENT,AT2020ysg,W2,FLUX,59122.64,model_derived_K_corrected_multiband_peak,Hammerstein et al.,2023,10.3847/1538-4357/aca283,Section 5.1; Table 6; Appendix A.30,Existing fitted_lightcurve_peak label is broadly accurate but underspecified; ZTF missed the peak and lacked pre-peak colour information.,0.277,30.0,21,0,0,0,0,,,,,,,,,,,,0,0,0,0,,0,0,0,0,,False,False,False,"Diagnostic local-neighborhood measurement summary only. The brightest observed local measurement may be sensitive to cadence, noise, or outliers and is not interpreted as a true peak, physical peak, fitted peak, decline anchor, or model-time origin."
CURRENT,CURRENT,AT2020ysg,W2,FLUX,59122.64,model_derived_K_corrected_multiband_peak,Hammerstein et al.,2023,10.3847/1538-4357/aca283,Section 5.1; Table 6; Appendix A.30,Existing fitted_lightcurve_peak label is broadly accurate but underspecified; ZTF missed the peak and lacked pre-peak colour information.,0.277,60.0,21,1,0,0,1,,,59185.03460178,48.86029896632511,59185.03460178,59185.03460178,0,59185.03460178,48.86029896632511,False,False,0,0,0,0,,0,0,0,0,,False,False,False,"Diagnostic local-neighborhood measurement summary only. The brightest observed local measurement may be sensitive to cadence, noise, or outliers and is not interpreted as a true peak, physical peak, fitted peak, decline anchor, or model-time origin."
CURRENT,CURRENT,AT2020ysg,W2,FLUX,59122.64,model_derived_K_corrected_multiband_peak,Hammerstein et al.,2023,10.3847/1538-4357/aca283,Section 5.1; Table 6; Appendix A.30,Existing fitted_lightcurve_peak label is broadly accurate but underspecified; ZTF missed the peak and lacked pre-peak colour information.,0.277,120.0,21,2,1,0,1,58978.85891881,-112.59285919342057,59185.03460178,48.86029896632511,58978.85891881,59185.03460178,161.45315815974567,59185.03460178,48.86029896632511,True,False,0,0,0,0,,0,0,0,0,,False,False,False,"Diagnostic local-neighborhood measurement summary only. The brightest observed local measurement may be sensitive to cadence, noise, or outliers and is not interpreted as a true peak, physical peak, fitted peak, decline anchor, or model-time origin."
CURRENT,CURRENT,AT2020ysg,g,FLUX,59122.64,model_derived_K_corrected_multiband_peak,Hammerstein et al.,2023,10.3847/1538-4357/aca283,Section 5.1; Table 6; Appendix A.30,Existing fitted_lightcurve_peak label is broadly accurate but underspecified; ZTF missed the peak and lacked pre-peak colour information.,0.277,30.0,421,2,0,0,2,,,59150.516018500086,21.82930187947259,59150.516018500086,59152.545879600104,1.5895545027549132,59152.545879600104,23.418856382227506,True,False,0,0,0,0,,1,1,0,0,0,False,False,False,"Diagnostic local-neighborhood measurement summary only. The brightest observed local measurement may be sensitive to cadence, noise, or outliers and is not interpreted as a true peak, physical peak, fitted peak, decline anchor, or model-time origin."
CURRENT,CURRENT,AT2020ysg,g,FLUX,59122.64,model_derived_K_corrected_multiband_peak,Hammerstein et al.,2023,10.3847/1538-4357/aca283,Section 5.1; Table 6; Appendix A.30,Existing fitted_lightcurve_peak label is broadly accurate but underspecified; ZTF missed the peak and lacked pre-peak colour information.,0.277,60.0,421,15,0,0,15,,,59150.516018500086,21.82930187947259,59150.516018500086,59198.506238400005,37.58043844942747,59152.545879600104,23.418856382227506,True,True,0,0,0,0,,14,5,9,0,0.6428571428571429,False,False,False,"Diagnostic local-neighborhood measurement summary only. The brightest observed local measurement may be sensitive to cadence, noise, or outliers and is not interpreted as a true peak, physical peak, fitted peak, decline anchor, or model-time origin."
CURRENT,CURRENT,AT2020ysg,g,FLUX,59122.64,model_derived_K_corrected_multiband_peak,Hammerstein et al.,2023,10.3847/1538-4357/aca283,Section 5.1; Table 6; Appendix A.30,Existing fitted_lightcurve_peak label is broadly accurate but underspecified; ZTF missed the peak and lacked pre-peak colour information.,0.277,120.0,421,49,16,0,33,59033.19934030017,-70.03967086909206,59150.516018500086,21.82930187947259,58971.26695600012,59275.223437500186,238.02386961633755,59152.545879600104,23.418856382227506,True,True,15,8,7,0,0.5333333333333333,32,12,20,0,0.625,False,False,False,"Diagnostic local-neighborhood measurement summary only. The brightest observed local measurement may be sensitive to cadence, noise, or outliers and is not interpreted as a true peak, physical peak, fitted peak, decline anchor, or model-time origin."
CURRENT,CURRENT,AT2020ysg,i,FLUX,59122.64,model_derived_K_corrected_multiband_peak,Hammerstein et al.,2023,10.3847/1538-4357/aca283,Section 5.1; Table 6; Appendix A.30,Existing fitted_lightcurve_peak label is broadly accurate but underspecified; ZTF missed the peak and lacked pre-peak colour information.,0.277,30.0,79,0,0,0,0,,,,,,,,,,,,0,0,0,0,,0,0,0,0,,False,False,False,"Diagnostic local-neighborhood measurement summary only. The brightest observed local measurement may be sensitive to cadence, noise, or outliers and is not interpreted as a true peak, physical peak, fitted peak, decline anchor, or model-time origin."
CURRENT,CURRENT,AT2020ysg,i,FLUX,59122.64,model_derived_K_corrected_multiband_peak,Hammerstein et al.,2023,10.3847/1538-4357/aca283,Section 5.1; Table 6; Appendix A.30,Existing fitted_lightcurve_peak label is broadly accurate but underspecified; ZTF missed the peak and lacked pre-peak colour information.,0.277,60.0,79,1,0,0,1,,,59189.53078699997,52.38119577131364,59189.53078699997,59189.53078699997,0,59189.53078699997,52.38119577131364,False,False,0,0,0,0,,0,0,0,0,,False,False,False,"Diagnostic local-neighborhood measurement summary only. The brightest observed local measurement may be sensitive to cadence, noise, or outliers and is not interpreted as a true peak, physical peak, fitted peak, decline anchor, or model-time origin."
CURRENT,CURRENT,AT2020ysg,i,FLUX,59122.64,model_derived_K_corrected_multiband_peak,Hammerstein et al.,2023,10.3847/1538-4357/aca283,Section 5.1; Table 6; Appendix A.30,Existing fitted_lightcurve_peak label is broadly accurate but underspecified; ZTF missed the peak and lacked pre-peak colour information.,0.277,120.0,79,13,0,0,13,,,59189.53078699997,52.38119577131364,59189.53078699997,59274.33093750011,66.4057560690249,59202.44449070003,62.493728034478785,True,True,0,0,0,0,,12,5,7,0,0.5833333333333334,False,False,False,"Diagnostic local-neighborhood measurement summary only. The brightest observed local measurement may be sensitive to cadence, noise, or outliers and is not interpreted as a true peak, physical peak, fitted peak, decline anchor, or model-time origin."
CURRENT,CURRENT,AT2020ysg,r,FLUX,59122.64,model_derived_K_corrected_multiband_peak,Hammerstein et al.,2023,10.3847/1538-4357/aca283,Section 5.1; Table 6; Appendix A.30,Existing fitted_lightcurve_peak label is broadly accurate but underspecified; ZTF missed the peak and lacked pre-peak colour information.,0.277,30.0,531,21,0,0,21,,,59137.53096059989,11.660893187073157,59137.53096059989,59159.49210650008,17.19745176209074,59137.53565970017,11.664572983685995,True,True,0,0,0,0,,20,11,9,0,0.45,False,False,False,"Diagnostic local-neighborhood measurement summary only. The brightest observed local measurement may be sensitive to cadence, noise, or outliers and is not interpreted as a true peak, physical peak, fitted peak, decline anchor, or model-time origin."
CURRENT,CURRENT,AT2020ysg,r,FLUX,59122.64,model_derived_K_corrected_multiband_peak,Hammerstein et al.,2023,10.3847/1538-4357/aca283,Section 5.1; Table 6; Appendix A.30,Existing fitted_lightcurve_peak label is broadly accurate but underspecified; ZTF missed the peak and lacked pre-peak colour information.,0.277,60.0,531,49,16,0,33,59056.18086809991,-52.043172983625794,59137.53096059989,11.660893187073157,59046.17189810006,59198.48612269992,119.27503884092451,59137.53565970017,11.664572983685995,True,True,15,7,8,0,0.4666666666666667,32,18,14,0,0.4375,False,False,False,"Diagnostic local-neighborhood measurement summary only. The brightest observed local measurement may be sensitive to cadence, noise, or outliers and is not interpreted as a true peak, physical peak, fitted peak, decline anchor, or model-time origin."
CURRENT,CURRENT,AT2020ysg,r,FLUX,59122.64,model_derived_K_corrected_multiband_peak,Hammerstein et al.,2023,10.3847/1538-4357/aca283,Section 5.1; Table 6; Appendix A.30,Existing fitted_lightcurve_peak label is broadly accurate but underspecified; ZTF missed the peak and lacked pre-peak colour information.,0.277,120.0,531,81,28,0,53,59056.18086809991,-52.043172983625794,59137.53096059989,11.660893187073157,58971.18910880014,59275.34518520022,238.18016945972988,59137.53565970017,11.664572983685995,True,True,27,15,12,0,0.5555555555555556,52,26,26,0,0.5,False,False,False,"Diagnostic local-neighborhood measurement summary only. The brightest observed local measurement may be sensitive to cadence, noise, or outliers and is not interpreted as a true peak, physical peak, fitted peak, decline anchor, or model-time origin."
CURRENT,CURRENT,AT2020yue,W1,FLUX,59179.44,fitted_rest_frame_g_band_peak,Yao et al.,2023,10.3847/2041-8213/acf216,Sections 3.2.2-3.3; Table 4 row 19,,0.204,30.0,21,1,0,0,1,,,59182.387754945,2.44830144933124,59182.387754945,59182.387754945,0,59182.387754945,2.44830144933124,False,False,0,0,0,0,,0,0,0,0,,False,False,False,"Diagnostic local-neighborhood measurement summary only. The brightest observed local measurement may be sensitive to cadence, noise, or outliers and is not interpreted as a true peak, physical peak, fitted peak, decline anchor, or model-time origin."
CURRENT,CURRENT,AT2020yue,W1,FLUX,59179.44,fitted_rest_frame_g_band_peak,Yao et al.,2023,10.3847/2041-8213/acf216,Sections 3.2.2-3.3; Table 4 row 19,,0.204,60.0,21,1,0,0,1,,,59182.387754945,2.44830144933124,59182.387754945,59182.387754945,0,59182.387754945,2.44830144933124,False,False,0,0,0,0,,0,0,0,0,,False,False,False,"Diagnostic local-neighborhood measurement summary only. The brightest observed local measurement may be sensitive to cadence, noise, or outliers and is not interpreted as a true peak, physical peak, fitted peak, decline anchor, or model-time origin."
CURRENT,CURRENT,AT2020yue,W1,FLUX,59179.44,fitted_rest_frame_g_band_peak,Yao et al.,2023,10.3847/2041-8213/acf216,Sections 3.2.2-3.3; Table 4 row 19,,0.204,120.0,21,1,0,0,1,,,59182.387754945,2.44830144933124,59182.387754945,59182.387754945,0,59182.387754945,2.44830144933124,False,False,0,0,0,0,,0,0,0,0,,False,False,False,"Diagnostic local-neighborhood measurement summary only. The brightest observed local measurement may be sensitive to cadence, noise, or outliers and is not interpreted as a true peak, physical peak, fitted peak, decline anchor, or model-time origin."
CURRENT,CURRENT,AT2020yue,W2,FLUX,59179.44,fitted_rest_frame_g_band_peak,Yao et al.,2023,10.3847/2041-8213/acf216,Sections 3.2.2-3.3; Table 4 row 19,,0.204,30.0,21,1,0,0,1,,,59182.387754945,2.44830144933124,59182.387754945,59182.387754945,0,59182.387754945,2.44830144933124,False,False,0,0,0,0,,0,0,0,0,,False,False,False,"Diagnostic local-neighborhood measurement summary only. The brightest observed local measurement may be sensitive to cadence, noise, or outliers and is not interpreted as a true peak, physical peak, fitted peak, decline anchor, or model-time origin."
CURRENT,CURRENT,AT2020yue,W2,FLUX,59179.44,fitted_rest_frame_g_band_peak,Yao et al.,2023,10.3847/2041-8213/acf216,Sections 3.2.2-3.3; Table 4 row 19,,0.204,60.0,21,1,0,0,1,,,59182.387754945,2.44830144933124,59182.387754945,59182.387754945,0,59182.387754945,2.44830144933124,False,False,0,0,0,0,,0,0,0,0,,False,False,False,"Diagnostic local-neighborhood measurement summary only. The brightest observed local measurement may be sensitive to cadence, noise, or outliers and is not interpreted as a true peak, physical peak, fitted peak, decline anchor, or model-time origin."
CURRENT,CURRENT,AT2020yue,W2,FLUX,59179.44,fitted_rest_frame_g_band_peak,Yao et al.,2023,10.3847/2041-8213/acf216,Sections 3.2.2-3.3; Table 4 row 19,,0.204,120.0,21,1,0,0,1,,,59182.387754945,2.44830144933124,59182.387754945,59182.387754945,0,59182.387754945,2.44830144933124,False,False,0,0,0,0,,0,0,0,0,,False,False,False,"Diagnostic local-neighborhood measurement summary only. The brightest observed local measurement may be sensitive to cadence, noise, or outliers and is not interpreted as a true peak, physical peak, fitted peak, decline anchor, or model-time origin."
CURRENT,CURRENT,AT2020yue,g,FLUX,59179.44,fitted_rest_frame_g_band_peak,Yao et al.,2023,10.3847/2041-8213/acf216,Sections 3.2.2-3.3; Table 4 row 19,,0.204,30.0,218,19,9,0,10,59177.52918979991,-1.5870516612043641,59182.56280090008,2.59368845521344,59149.505381899886,59215.483124999795,54.798789950090764,59185.488611099776,5.023763371904944,True,True,8,7,1,0,0.875,9,3,6,0,0.6666666666666666,False,False,False,"Diagnostic local-neighborhood measurement summary only. The brightest observed local measurement may be sensitive to cadence, noise, or outliers and is not interpreted as a true peak, physical peak, fitted peak, decline anchor, or model-time origin."
CURRENT,CURRENT,AT2020yue,g,FLUX,59179.44,fitted_rest_frame_g_band_peak,Yao et al.,2023,10.3847/2041-8213/acf216,Sections 3.2.2-3.3; Table 4 row 19,,0.204,60.0,218,25,9,0,16,59177.52918979991,-1.5870516612043641,59182.56280090008,2.59368845521344,59149.505381899886,59250.36954860017,83.7742248341206,59185.488611099776,5.023763371904944,True,True,8,7,1,0,0.875,15,5,10,0,0.6666666666666666,False,False,False,"Diagnostic local-neighborhood measurement summary only. The brightest observed local measurement may be sensitive to cadence, noise, or outliers and is not interpreted as a true peak, physical peak, fitted peak, decline anchor, or model-time origin."
CURRENT,CURRENT,AT2020yue,g,FLUX,59179.44,fitted_rest_frame_g_band_peak,Yao et al.,2023,10.3847/2041-8213/acf216,Sections 3.2.2-3.3; Table 4 row 19,,0.204,120.0,218,58,9,0,49,59177.52918979991,-1.5870516612043641,59182.56280090008,2.59368845521344,59149.505381899886,59320.17512729997,141.7522802326265,59185.488611099776,5.023763371904944,True,True,8,7,1,0,0.875,48,22,26,0,0.5416666666666666,False,False,False,"Diagnostic local-neighborhood measurement summary only. The brightest observed local measurement may be sensitive to cadence, noise, or outliers and is not interpreted as a true peak, physical peak, fitted peak, decline anchor, or model-time origin."
CURRENT,CURRENT,AT2020yue,r,FLUX,59179.44,fitted_rest_frame_g_band_peak,Yao et al.,2023,10.3847/2041-8213/acf216,Sections 3.2.2-3.3; Table 4 row 19,,0.204,30.0,282,22,13,0,9,59170.54157410003,-7.390719186021495,59185.52653940022,5.055265282572749,59143.52444439987,59215.443101900164,59.73310423612694,59185.52653940022,5.055265282572749,True,True,12,7,5,0,0.5833333333333334,8,2,6,0,0.75,False,False,False,"Diagnostic local-neighborhood measurement summary only. The brightest observed local measurement may be sensitive to cadence, noise, or outliers and is not interpreted as a true peak, physical peak, fitted peak, decline anchor, or model-time origin."
CURRENT,CURRENT,AT2020yue,r,FLUX,59179.44,fitted_rest_frame_g_band_peak,Yao et al.,2023,10.3847/2041-8213/acf216,Sections 3.2.2-3.3; Table 4 row 19,,0.204,60.0,282,40,24,0,16,59170.54157410003,-7.390719186021495,59185.52653940022,5.055265282572749,59135.51871530013,59250.37783560017,95.39794044853792,59185.52653940022,5.055265282572749,True,True,23,13,10,0,0.5652173913043478,15,5,10,0,0.6666666666666666,False,False,False,"Diagnostic local-neighborhood measurement summary only. The brightest observed local measurement may be sensitive to cadence, noise, or outliers and is not interpreted as a true peak, physical peak, fitted peak, decline anchor, or model-time origin."
CURRENT,CURRENT,AT2020yue,r,FLUX,59179.44,fitted_rest_frame_g_band_peak,Yao et al.,2023,10.3847/2041-8213/acf216,Sections 3.2.2-3.3; Table 4 row 19,,0.204,120.0,282,83,31,0,52,59170.54157410003,-7.390719186021495,59185.52653940022,5.055265282572749,59042.176111099776,59322.23467590008,232.60678139560088,59185.52653940022,5.055265282572749,True,True,30,16,14,0,0.5333333333333333,51,25,26,0,0.5098039215686274,False,False,False,"Diagnostic local-neighborhood measurement summary only. The brightest observed local measurement may be sensitive to cadence, noise, or outliers and is not interpreted as a true peak, physical peak, fitted peak, decline anchor, or model-time origin."
CURRENT,CURRENT,AT2020zso,B,FLUX,59184.0,bolometric_peak,Wevers et al.,2022,10.1051/0004-6361/202142616,Section 2; Table 1; Section 3.2.2; Fig. 7,Prose/Table 1 use 59184; figure axes use MJD-59184.2 without a separately documented physical derivation.,0.0563,30.0,18,13,5,0,8,59182.481793,-1.4372877023582167,59184.270007,0.25561582883571743,59173.046423,59215.540486,40.22916122313573,59195.752614,11.126208463502097,True,True,4,1,3,0,0.25,7,3,4,0,0.5714285714285714,False,False,False,"Diagnostic local-neighborhood measurement summary only. The brightest observed local measurement may be sensitive to cadence, noise, or outliers and is not interpreted as a true peak, physical peak, fitted peak, decline anchor, or model-time origin."
CURRENT,CURRENT,AT2020zso,B,FLUX,59184.0,bolometric_peak,Wevers et al.,2022,10.1051/0004-6361/202142616,Section 2; Table 1; Section 3.2.2; Fig. 7,Prose/Table 1 use 59184; figure axes use MJD-59184.2 without a separately documented physical derivation.,0.0563,60.0,18,13,5,0,8,59182.481793,-1.4372877023582167,59184.270007,0.25561582883571743,59173.046423,59215.540486,40.22916122313573,59195.752614,11.126208463502097,True,True,4,1,3,0,0.25,7,3,4,0,0.5714285714285714,False,False,False,"Diagnostic local-neighborhood measurement summary only. The brightest observed local measurement may be sensitive to cadence, noise, or outliers and is not interpreted as a true peak, physical peak, fitted peak, decline anchor, or model-time origin."
CURRENT,CURRENT,AT2020zso,B,FLUX,59184.0,bolometric_peak,Wevers et al.,2022,10.1051/0004-6361/202142616,Section 2; Table 1; Section 3.2.2; Fig. 7,Prose/Table 1 use 59184; figure axes use MJD-59184.2 without a separately documented physical derivation.,0.0563,120.0,18,13,5,0,8,59182.481793,-1.4372877023582167,59184.270007,0.25561582883571743,59173.046423,59215.540486,40.22916122313573,59195.752614,11.126208463502097,True,True,4,1,3,0,0.25,7,3,4,0,0.5714285714285714,False,False,False,"Diagnostic local-neighborhood measurement summary only. The brightest observed local measurement may be sensitive to cadence, noise, or outliers and is not interpreted as a true peak, physical peak, fitted peak, decline anchor, or model-time origin."
CURRENT,CURRENT,AT2020zso,U,FLUX,59184.0,bolometric_peak,Wevers et al.,2022,10.1051/0004-6361/202142616,Section 2; Table 1; Section 3.2.2; Fig. 7,Prose/Table 1 use 59184; figure axes use MJD-59184.2 without a separately documented physical derivation.,0.0563,30.0,18,13,5,0,8,59182.481054,-1.4379873142066684,59184.269258,0.25490674997658197,59173.045444,59215.539637,40.229284294233295,59191.366438,6.9738123639092,True,True,4,2,2,0,0.5,7,2,5,0,0.7142857142857143,False,False,False,"Diagnostic local-neighborhood measurement summary only. The brightest observed local measurement may be sensitive to cadence, noise, or outliers and is not interpreted as a true peak, physical peak, fitted peak, decline anchor, or model-time origin."
CURRENT,CURRENT,AT2020zso,U,FLUX,59184.0,bolometric_peak,Wevers et al.,2022,10.1051/0004-6361/202142616,Section 2; Table 1; Section 3.2.2; Fig. 7,Prose/Table 1 use 59184; figure axes use MJD-59184.2 without a separately documented physical derivation.,0.0563,60.0,18,13,5,0,8,59182.481054,-1.4379873142066684,59184.269258,0.25490674997658197,59173.045444,59215.539637,40.229284294233295,59191.366438,6.9738123639092,True,True,4,2,2,0,0.5,7,2,5,0,0.7142857142857143,False,False,False,"Diagnostic local-neighborhood measurement summary only. The brightest observed local measurement may be sensitive to cadence, noise, or outliers and is not interpreted as a true peak, physical peak, fitted peak, decline anchor, or model-time origin."
CURRENT,CURRENT,AT2020zso,U,FLUX,59184.0,bolometric_peak,Wevers et al.,2022,10.1051/0004-6361/202142616,Section 2; Table 1; Section 3.2.2; Fig. 7,Prose/Table 1 use 59184; figure axes use MJD-59184.2 without a separately documented physical derivation.,0.0563,120.0,18,13,5,0,8,59182.481054,-1.4379873142066684,59184.269258,0.25490674997658197,59173.045444,59215.539637,40.229284294233295,59191.366438,6.9738123639092,True,True,4,2,2,0,0.5,7,2,5,0,0.7142857142857143,False,False,False,"Diagnostic local-neighborhood measurement summary only. The brightest observed local measurement may be sensitive to cadence, noise, or outliers and is not interpreted as a true peak, physical peak, fitted peak, decline anchor, or model-time origin."
CURRENT,CURRENT,AT2020zso,UVM2,FLUX,59184.0,bolometric_peak,Wevers et al.,2022,10.1051/0004-6361/202142616,Section 2; Table 1; Section 3.2.2; Fig. 7,Prose/Table 1 use 59184; figure axes use MJD-59184.2 without a separately documented physical derivation.,0.0563,30.0,17,12,5,0,7,59182.490275,-1.4292577866169909,59184.278785,0.2639259680036396,59173.053128,59215.54896,40.23083593676088,59184.278785,0.2639259680036396,True,True,4,4,0,0,1.0,6,0,6,0,1.0,False,False,False,"Diagnostic local-neighborhood measurement summary only. The brightest observed local measurement may be sensitive to cadence, noise, or outliers and is not interpreted as a true peak, physical peak, fitted peak, decline anchor, or model-time origin."
CURRENT,CURRENT,AT2020zso,UVM2,FLUX,59184.0,bolometric_peak,Wevers et al.,2022,10.1051/0004-6361/202142616,Section 2; Table 1; Section 3.2.2; Fig. 7,Prose/Table 1 use 59184; figure axes use MJD-59184.2 without a separately documented physical derivation.,0.0563,60.0,17,12,5,0,7,59182.490275,-1.4292577866169909,59184.278785,0.2639259680036396,59173.053128,59215.54896,40.23083593676088,59184.278785,0.2639259680036396,True,True,4,4,0,0,1.0,6,0,6,0,1.0,False,False,False,"Diagnostic local-neighborhood measurement summary only. The brightest observed local measurement may be sensitive to cadence, noise, or outliers and is not interpreted as a true peak, physical peak, fitted peak, decline anchor, or model-time origin."
CURRENT,CURRENT,AT2020zso,UVM2,FLUX,59184.0,bolometric_peak,Wevers et al.,2022,10.1051/0004-6361/202142616,Section 2; Table 1; Section 3.2.2; Fig. 7,Prose/Table 1 use 59184; figure axes use MJD-59184.2 without a separately documented physical derivation.,0.0563,120.0,17,12,5,0,7,59182.490275,-1.4292577866169909,59184.278785,0.2639259680036396,59173.053128,59215.54896,40.23083593676088,59184.278785,0.2639259680036396,True,True,4,4,0,0,1.0,6,0,6,0,1.0,False,False,False,"Diagnostic local-neighborhood measurement summary only. The brightest observed local measurement may be sensitive to cadence, noise, or outliers and is not interpreted as a true peak, physical peak, fitted peak, decline anchor, or model-time origin."
CURRENT,CURRENT,AT2020zso,UVW1,FLUX,59184.0,bolometric_peak,Wevers et al.,2022,10.1051/0004-6361/202142616,Section 2; Table 1; Section 3.2.2; Fig. 7,Prose/Table 1 use 59184; figure axes use MJD-59184.2 without a separately documented physical derivation.,0.0563,30.0,18,13,5,0,8,59182.479957,-1.4390258449273916,59184.268139,0.2538473918392425,59173.044009,59215.537995,40.229088327181024,59191.36496,6.972413140205409,True,True,4,2,2,0,0.5,7,1,6,0,0.8571428571428571,False,False,False,"Diagnostic local-neighborhood measurement summary only. The brightest observed local measurement may be sensitive to cadence, noise, or outliers and is not interpreted as a true peak, physical peak, fitted peak, decline anchor, or model-time origin."
CURRENT,CURRENT,AT2020zso,UVW1,FLUX,59184.0,bolometric_peak,Wevers et al.,2022,10.1051/0004-6361/202142616,Section 2; Table 1; Section 3.2.2; Fig. 7,Prose/Table 1 use 59184; figure axes use MJD-59184.2 without a separately documented physical derivation.,0.0563,60.0,18,13,5,0,8,59182.479957,-1.4390258449273916,59184.268139,0.2538473918392425,59173.044009,59215.537995,40.229088327181024,59191.36496,6.972413140205409,True,True,4,2,2,0,0.5,7,1,6,0,0.8571428571428571,False,False,False,"Diagnostic local-neighborhood measurement summary only. The brightest observed local measurement may be sensitive to cadence, noise, or outliers and is not interpreted as a true peak, physical peak, fitted peak, decline anchor, or model-time origin."
CURRENT,CURRENT,AT2020zso,UVW1,FLUX,59184.0,bolometric_peak,Wevers et al.,2022,10.1051/0004-6361/202142616,Section 2; Table 1; Section 3.2.2; Fig. 7,Prose/Table 1 use 59184; figure axes use MJD-59184.2 without a separately documented physical derivation.,0.0563,120.0,18,13,5,0,8,59182.479957,-1.4390258449273916,59184.268139,0.2538473918392425,59173.044009,59215.537995,40.229088327181024,59191.36496,6.972413140205409,True,True,4,2,2,0,0.5,7,1,6,0,0.8571428571428571,False,False,False,"Diagnostic local-neighborhood measurement summary only. The brightest observed local measurement may be sensitive to cadence, noise, or outliers and is not interpreted as a true peak, physical peak, fitted peak, decline anchor, or model-time origin."
CURRENT,CURRENT,AT2020zso,UVW2,FLUX,59184.0,bolometric_peak,Wevers et al.,2022,10.1051/0004-6361/202142616,Section 2; Table 1; Section 3.2.2; Fig. 7,Prose/Table 1 use 59184; figure axes use MJD-59184.2 without a separately documented physical derivation.,0.0563,30.0,18,13,5,0,8,59182.48457,-1.4346587143798817,59184.272864,0.25832055287197064,59173.048803,59215.542937,40.22922843889093,59184.272864,0.25832055287197064,True,True,4,2,2,0,0.5,7,0,7,0,1.0,False,False,False,"Diagnostic local-neighborhood measurement summary only. The brightest observed local measurement may be sensitive to cadence, noise, or outliers and is not interpreted as a true peak, physical peak, fitted peak, decline anchor, or model-time origin."
CURRENT,CURRENT,AT2020zso,UVW2,FLUX,59184.0,bolometric_peak,Wevers et al.,2022,10.1051/0004-6361/202142616,Section 2; Table 1; Section 3.2.2; Fig. 7,Prose/Table 1 use 59184; figure axes use MJD-59184.2 without a separately documented physical derivation.,0.0563,60.0,18,13,5,0,8,59182.48457,-1.4346587143798817,59184.272864,0.25832055287197064,59173.048803,59215.542937,40.22922843889093,59184.272864,0.25832055287197064,True,True,4,2,2,0,0.5,7,0,7,0,1.0,False,False,False,"Diagnostic local-neighborhood measurement summary only. The brightest observed local measurement may be sensitive to cadence, noise, or outliers and is not interpreted as a true peak, physical peak, fitted peak, decline anchor, or model-time origin."
CURRENT,CURRENT,AT2020zso,UVW2,FLUX,59184.0,bolometric_peak,Wevers et al.,2022,10.1051/0004-6361/202142616,Section 2; Table 1; Section 3.2.2; Fig. 7,Prose/Table 1 use 59184; figure axes use MJD-59184.2 without a separately documented physical derivation.,0.0563,120.0,18,13,5,0,8,59182.48457,-1.4346587143798817,59184.272864,0.25832055287197064,59173.048803,59215.542937,40.22922843889093,59184.272864,0.25832055287197064,True,True,4,2,2,0,0.5,7,0,7,0,1.0,False,False,False,"Diagnostic local-neighborhood measurement summary only. The brightest observed local measurement may be sensitive to cadence, noise, or outliers and is not interpreted as a true peak, physical peak, fitted peak, decline anchor, or model-time origin."
CURRENT,CURRENT,AT2020zso,W1,FLUX,59184.0,bolometric_peak,Wevers et al.,2022,10.1051/0004-6361/202142616,Section 2; Table 1; Section 3.2.2; Fig. 7,Prose/Table 1 use 59184; figure axes use MJD-59184.2 without a separately documented physical derivation.,0.0563,30.0,21,1,1,0,0,59158.45764373,-24.18096778377508,,,59158.45764373,59158.45764373,0,59158.45764373,-24.18096778377508,False,False,0,0,0,0,,0,0,0,0,,False,False,False,"Diagnostic local-neighborhood measurement summary only. The brightest observed local measurement may be sensitive to cadence, noise, or outliers and is not interpreted as a true peak, physical peak, fitted peak, decline anchor, or model-time origin."
CURRENT,CURRENT,AT2020zso,W1,FLUX,59184.0,bolometric_peak,Wevers et al.,2022,10.1051/0004-6361/202142616,Section 2; Table 1; Section 3.2.2; Fig. 7,Prose/Table 1 use 59184; figure axes use MJD-59184.2 without a separately documented physical derivation.,0.0563,60.0,21,1,1,0,0,59158.45764373,-24.18096778377508,,,59158.45764373,59158.45764373,0,59158.45764373,-24.18096778377508,False,False,0,0,0,0,,0,0,0,0,,False,False,False,"Diagnostic local-neighborhood measurement summary only. The brightest observed local measurement may be sensitive to cadence, noise, or outliers and is not interpreted as a true peak, physical peak, fitted peak, decline anchor, or model-time origin."
CURRENT,CURRENT,AT2020zso,W1,FLUX,59184.0,bolometric_peak,Wevers et al.,2022,10.1051/0004-6361/202142616,Section 2; Table 1; Section 3.2.2; Fig. 7,Prose/Table 1 use 59184; figure axes use MJD-59184.2 without a separately documented physical derivation.,0.0563,120.0,21,1,1,0,0,59158.45764373,-24.18096778377508,,,59158.45764373,59158.45764373,0,59158.45764373,-24.18096778377508,False,False,0,0,0,0,,0,0,0,0,,False,False,False,"Diagnostic local-neighborhood measurement summary only. The brightest observed local measurement may be sensitive to cadence, noise, or outliers and is not interpreted as a true peak, physical peak, fitted peak, decline anchor, or model-time origin."
CURRENT,CURRENT,AT2020zso,W2,FLUX,59184.0,bolometric_peak,Wevers et al.,2022,10.1051/0004-6361/202142616,Section 2; Table 1; Section 3.2.2; Fig. 7,Prose/Table 1 use 59184; figure axes use MJD-59184.2 without a separately documented physical derivation.,0.0563,30.0,21,1,1,0,0,59158.45764373,-24.18096778377508,,,59158.45764373,59158.45764373,0,59158.45764373,-24.18096778377508,False,False,0,0,0,0,,0,0,0,0,,False,False,False,"Diagnostic local-neighborhood measurement summary only. The brightest observed local measurement may be sensitive to cadence, noise, or outliers and is not interpreted as a true peak, physical peak, fitted peak, decline anchor, or model-time origin."
CURRENT,CURRENT,AT2020zso,W2,FLUX,59184.0,bolometric_peak,Wevers et al.,2022,10.1051/0004-6361/202142616,Section 2; Table 1; Section 3.2.2; Fig. 7,Prose/Table 1 use 59184; figure axes use MJD-59184.2 without a separately documented physical derivation.,0.0563,60.0,21,1,1,0,0,59158.45764373,-24.18096778377508,,,59158.45764373,59158.45764373,0,59158.45764373,-24.18096778377508,False,False,0,0,0,0,,0,0,0,0,,False,False,False,"Diagnostic local-neighborhood measurement summary only. The brightest observed local measurement may be sensitive to cadence, noise, or outliers and is not interpreted as a true peak, physical peak, fitted peak, decline anchor, or model-time origin."
CURRENT,CURRENT,AT2020zso,W2,FLUX,59184.0,bolometric_peak,Wevers et al.,2022,10.1051/0004-6361/202142616,Section 2; Table 1; Section 3.2.2; Fig. 7,Prose/Table 1 use 59184; figure axes use MJD-59184.2 without a separately documented physical derivation.,0.0563,120.0,21,1,1,0,0,59158.45764373,-24.18096778377508,,,59158.45764373,59158.45764373,0,59158.45764373,-24.18096778377508,False,False,0,0,0,0,,0,0,0,0,,False,False,False,"Diagnostic local-neighborhood measurement summary only. The brightest observed local measurement may be sensitive to cadence, noise, or outliers and is not interpreted as a true peak, physical peak, fitted peak, decline anchor, or model-time origin."
CURRENT,CURRENT,AT2020zso,g,FLUX,59184.0,bolometric_peak,Wevers et al.,2022,10.1051/0004-6361/202142616,Section 2; Table 1; Section 3.2.2; Fig. 7,Prose/Table 1 use 59184; figure axes use MJD-59184.2 without a separately documented physical derivation.,0.0563,30.0,269,20,13,0,7,59182.15505790012,-1.7466080657771723,59184.148958299775,0.14101893380164401,59155.18285880005,59205.12414349988,47.2794515760969,59189.111273100134,4.838846066585236,True,True,12,10,2,0,0.8333333333333334,6,3,3,0,0.5,False,False,False,"Diagnostic local-neighborhood measurement summary only. The brightest observed local measurement may be sensitive to cadence, noise, or outliers and is not interpreted as a true peak, physical peak, fitted peak, decline anchor, or model-time origin."
CURRENT,CURRENT,AT2020zso,g,FLUX,59184.0,bolometric_peak,Wevers et al.,2022,10.1051/0004-6361/202142616,Section 2; Table 1; Section 3.2.2; Fig. 7,Prose/Table 1 use 59184; figure axes use MJD-59184.2 without a separately documented physical derivation.,0.0563,60.0,269,40,33,0,7,59182.15505790012,-1.7466080657771723,59184.148958299775,0.14101893380164401,59125.210208300035,59205.12414349988,75.65458222081377,59189.111273100134,4.838846066585236,True,True,32,21,11,0,0.65625,6,3,3,0,0.5,False,False,False,"Diagnostic local-neighborhood measurement summary only. The brightest observed local measurement may be sensitive to cadence, noise, or outliers and is not interpreted as a true peak, physical peak, fitted peak, decline anchor, or model-time origin."
CURRENT,CURRENT,AT2020zso,g,FLUX,59184.0,bolometric_peak,Wevers et al.,2022,10.1051/0004-6361/202142616,Section 2; Table 1; Section 3.2.2; Fig. 7,Prose/Table 1 use 59184; figure axes use MJD-59184.2 without a separately documented physical derivation.,0.0563,120.0,269,52,45,0,7,59182.15505790012,-1.7466080657771723,59184.148958299775,0.14101893380164401,59057.39090280002,59205.12414349988,139.85916945930248,59189.111273100134,4.838846066585236,True,True,44,26,18,0,0.5909090909090909,6,3,3,0,0.5,False,False,False,"Diagnostic local-neighborhood measurement summary only. The brightest observed local measurement may be sensitive to cadence, noise, or outliers and is not interpreted as a true peak, physical peak, fitted peak, decline anchor, or model-time origin."
CURRENT,CURRENT,AT2020zso,i,FLUX,59184.0,bolometric_peak,Wevers et al.,2022,10.1051/0004-6361/202142616,Section 2; Table 1; Section 3.2.2; Fig. 7,Prose/Table 1 use 59184; figure axes use MJD-59184.2 without a separately documented physical derivation.,0.0563,30.0,64,0,0,0,0,,,,,,,,,,,,0,0,0,0,,0,0,0,0,,False,False,False,"Diagnostic local-neighborhood measurement summary only. The brightest observed local measurement may be sensitive to cadence, noise, or outliers and is not interpreted as a true peak, physical peak, fitted peak, decline anchor, or model-time origin."
CURRENT,CURRENT,AT2020zso,i,FLUX,59184.0,bolometric_peak,Wevers et al.,2022,10.1051/0004-6361/202142616,Section 2; Table 1; Section 3.2.2; Fig. 7,Prose/Table 1 use 59184; figure axes use MJD-59184.2 without a separately documented physical derivation.,0.0563,60.0,64,0,0,0,0,,,,,,,,,,,,0,0,0,0,,0,0,0,0,,False,False,False,"Diagnostic local-neighborhood measurement summary only. The brightest observed local measurement may be sensitive to cadence, noise, or outliers and is not interpreted as a true peak, physical peak, fitted peak, decline anchor, or model-time origin."
CURRENT,CURRENT,AT2020zso,i,FLUX,59184.0,bolometric_peak,Wevers et al.,2022,10.1051/0004-6361/202142616,Section 2; Table 1; Section 3.2.2; Fig. 7,Prose/Table 1 use 59184; figure axes use MJD-59184.2 without a separately documented physical derivation.,0.0563,120.0,64,0,0,0,0,,,,,,,,,,,,0,0,0,0,,0,0,0,0,,False,False,False,"Diagnostic local-neighborhood measurement summary only. The brightest observed local measurement may be sensitive to cadence, noise, or outliers and is not interpreted as a true peak, physical peak, fitted peak, decline anchor, or model-time origin."
CURRENT,CURRENT,AT2020zso,r,FLUX,59184.0,bolometric_peak,Wevers et al.,2022,10.1051/0004-6361/202142616,Section 2; Table 1; Section 3.2.2; Fig. 7,Prose/Table 1 use 59184; figure axes use MJD-59184.2 without a separately documented physical derivation.,0.0563,30.0,324,27,17,0,10,59182.197233799845,-1.706680109964044,59187.16989579983,3.0009427244443394,59154.187384299934,59211.141377300024,53.91838776871165,59189.171423600055,4.8957905898468965,True,True,16,10,6,0,0.625,9,4,5,0,0.5555555555555556,False,False,False,"Diagnostic local-neighborhood measurement summary only. The brightest observed local measurement may be sensitive to cadence, noise, or outliers and is not interpreted as a true peak, physical peak, fitted peak, decline anchor, or model-time origin."
CURRENT,CURRENT,AT2020zso,r,FLUX,59184.0,bolometric_peak,Wevers et al.,2022,10.1051/0004-6361/202142616,Section 2; Table 1; Section 3.2.2; Fig. 7,Prose/Table 1 use 59184; figure axes use MJD-59184.2 without a separately documented physical derivation.,0.0563,60.0,324,76,35,0,41,59182.197233799845,-1.706680109964044,59187.16989579983,3.0009427244443394,59128.232523099985,59227.0928588002,93.59115374440397,59189.171423600055,4.8957905898468965,True,True,34,22,12,0,0.6470588235294118,40,19,21,0,0.525,False,False,False,"Diagnostic local-neighborhood measurement summary only. The brightest observed local measurement may be sensitive to cadence, noise, or outliers and is not interpreted as a true peak, physical peak, fitted peak, decline anchor, or model-time origin."
CURRENT,CURRENT,AT2020zso,r,FLUX,59184.0,bolometric_peak,Wevers et al.,2022,10.1051/0004-6361/202142616,Section 2; Table 1; Section 3.2.2; Fig. 7,Prose/Table 1 use 59184; figure axes use MJD-59184.2 without a separately documented physical derivation.,0.0563,120.0,324,90,49,0,41,59182.197233799845,-1.706680109964044,59187.16989579983,3.0009427244443394,59057.456701400224,59227.0928588002,160.594677080351,59189.171423600055,4.8957905898468965,True,True,48,31,17,0,0.6458333333333334,40,19,21,0,0.525,False,False,False,"Diagnostic local-neighborhood measurement summary only. The brightest observed local measurement may be sensitive to cadence, noise, or outliers and is not interpreted as a true peak, physical peak, fitted peak, decline anchor, or model-time origin."
PUBLISHED_ALTERNATIVE,ALT_58424p96,AT2018hyz,g,MAGNITUDE,58424.96,uniform K-corrected multiband fitted t_peak,Hammerstein et al.,2023,10.3847/1538-4357/aca283,,,0.04573,30.0,79,19,2,0,17,58420.48647999996,-4.277891998925088,58432.352736666646,7.069450686741959,58405.480409999844,58455.021484375,47.3746324339517,58441.087890625,15.422614465493838,True,True,1,1,0,0,1.0,16,8,8,0,0.5,False,False,False,"Diagnostic local-neighborhood measurement summary only. The brightest observed local measurement may be sensitive to cadence, noise, or outliers and is not interpreted as a true peak, physical peak, fitted peak, decline anchor, or model-time origin."
PUBLISHED_ALTERNATIVE,ALT_58424p96,AT2018hyz,g,MAGNITUDE,58424.96,uniform K-corrected multiband fitted t_peak,Hammerstein et al.,2023,10.3847/1538-4357/aca283,,,0.04573,60.0,79,29,2,0,27,58420.48647999996,-4.277891998925088,58432.352736666646,7.069450686741959,58405.480409999844,58485.267578125,76.29805793575427,58441.087890625,15.422614465493838,True,True,1,1,0,0,1.0,26,10,16,0,0.6153846153846154,False,False,False,"Diagnostic local-neighborhood measurement summary only. The brightest observed local measurement may be sensitive to cadence, noise, or outliers and is not interpreted as a true peak, physical peak, fitted peak, decline anchor, or model-time origin."
PUBLISHED_ALTERNATIVE,ALT_58424p96,AT2018hyz,g,MAGNITUDE,58424.96,uniform K-corrected multiband fitted t_peak,Hammerstein et al.,2023,10.3847/1538-4357/aca283,,,0.04573,120.0,79,44,2,0,42,58420.48647999996,-4.277891998925088,58432.352736666646,7.069450686741959,58405.480409999844,58549.240234375,137.47317603507244,58441.087890625,15.422614465493838,True,True,1,1,0,0,1.0,41,14,27,0,0.6585365853658537,False,False,False,"Diagnostic local-neighborhood measurement summary only. The brightest observed local measurement may be sensitive to cadence, noise, or outliers and is not interpreted as a true peak, physical peak, fitted peak, decline anchor, or model-time origin."
PUBLISHED_ALTERNATIVE,ALT_58428p0,AT2018hyz,g,MAGNITUDE,58428.0,empirical light-curve-model peak quoted by Gomez et al.,Gomez et al.,2020,10.1093/mnras/staa2099,,Original source not independently reconstructed in this audit.,0.04573,30.0,79,19,2,0,17,58420.48647999996,-7.184952138732565,58432.352736666646,4.162390546934483,58405.480409999844,58455.021484375,47.3746324339517,58441.087890625,12.515554325686361,True,True,1,1,0,0,1.0,16,8,8,0,0.5,False,False,False,"Diagnostic local-neighborhood measurement summary only. The brightest observed local measurement may be sensitive to cadence, noise, or outliers and is not interpreted as a true peak, physical peak, fitted peak, decline anchor, or model-time origin."
PUBLISHED_ALTERNATIVE,ALT_58428p0,AT2018hyz,g,MAGNITUDE,58428.0,empirical light-curve-model peak quoted by Gomez et al.,Gomez et al.,2020,10.1093/mnras/staa2099,,Original source not independently reconstructed in this audit.,0.04573,60.0,79,30,2,0,28,58420.48647999996,-7.184952138732565,58432.352736666646,4.162390546934483,58405.480409999844,58488.330078125,79.22663414567461,58441.087890625,12.515554325686361,True,True,1,1,0,0,1.0,27,11,16,0,0.5925925925925926,False,False,False,"Diagnostic local-neighborhood measurement summary only. The brightest observed local measurement may be sensitive to cadence, noise, or outliers and is not interpreted as a true peak, physical peak, fitted peak, decline anchor, or model-time origin."
PUBLISHED_ALTERNATIVE,ALT_58428p0,AT2018hyz,g,MAGNITUDE,58428.0,empirical light-curve-model peak quoted by Gomez et al.,Gomez et al.,2020,10.1093/mnras/staa2099,,Original source not independently reconstructed in this audit.,0.04573,120.0,79,44,2,0,42,58420.48647999996,-7.184952138732565,58432.352736666646,4.162390546934483,58405.480409999844,58549.240234375,137.47317603507244,58441.087890625,12.515554325686361,True,True,1,1,0,0,1.0,41,14,27,0,0.6585365853658537,False,False,False,"Diagnostic local-neighborhood measurement summary only. The brightest observed local measurement may be sensitive to cadence, noise, or outliers and is not interpreted as a true peak, physical peak, fitted peak, decline anchor, or model-time origin."
PUBLISHED_ALTERNATIVE,ALT_58761p4,AT2019qiz,g,MAGNITUDE,58761.4,inferred optical peak,Malyali et al.,2024,,,Secondary attribution to van Velzen et al.,0.01513,30.0,55,22,9,0,13,58759.43,-1.9406381448692915,58762.26,0.8471821343084944,58746.5,58790.33,43.17673598455542,58763.45,2.019445785264581,True,True,8,7,0,1,0.875,12,2,10,0,0.8333333333333334,False,False,False,"Diagnostic local-neighborhood measurement summary only. The brightest observed local measurement may be sensitive to cadence, noise, or outliers and is not interpreted as a true peak, physical peak, fitted peak, decline anchor, or model-time origin."
PUBLISHED_ALTERNATIVE,ALT_58761p4,AT2019qiz,g,MAGNITUDE,58761.4,inferred optical peak,Malyali et al.,2024,,,Secondary attribution to van Velzen et al.,0.01513,60.0,55,35,9,0,26,58759.43,-1.9406381448692915,58762.26,0.8471821343084944,58746.5,58821.72,74.09888388679397,58763.45,2.019445785264581,True,True,8,7,0,1,0.875,25,5,20,0,0.8,False,False,False,"Diagnostic local-neighborhood measurement summary only. The brightest observed local measurement may be sensitive to cadence, noise, or outliers and is not interpreted as a true peak, physical peak, fitted peak, decline anchor, or model-time origin."
PUBLISHED_ALTERNATIVE,ALT_58761p4,AT2019qiz,g,MAGNITUDE,58761.4,inferred optical peak,Malyali et al.,2024,,,Secondary attribution to van Velzen et al.,0.01513,120.0,55,49,9,0,40,58759.43,-1.9406381448692915,58762.26,0.8471821343084944,58746.5,58882.49,133.96313772620053,58763.45,2.019445785264581,True,True,8,7,0,1,0.875,39,8,30,1,0.7692307692307693,False,False,False,"Diagnostic local-neighborhood measurement summary only. The brightest observed local measurement may be sensitive to cadence, noise, or outliers and is not interpreted as a true peak, physical peak, fitted peak, decline anchor, or model-time origin."
PUBLISHED_ALTERNATIVE,ALT_58761p4,AT2019qiz,i,MAGNITUDE,58761.4,inferred optical peak,Malyali et al.,2024,,,Secondary attribution to van Velzen et al.,0.01513,30.0,29,8,2,0,6,58758.35,-3.0045412902809594,58762.26,0.8471821343084944,58752.27,58790.09,37.25631199944806,58766.32,4.846669884643596,True,True,1,1,0,0,1.0,5,2,3,0,0.6,False,False,False,"Diagnostic local-neighborhood measurement summary only. The brightest observed local measurement may be sensitive to cadence, noise, or outliers and is not interpreted as a true peak, physical peak, fitted peak, decline anchor, or model-time origin."
PUBLISHED_ALTERNATIVE,ALT_58761p4,AT2019qiz,i,MAGNITUDE,58761.4,inferred optical peak,Malyali et al.,2024,,,Secondary attribution to van Velzen et al.,0.01513,60.0,29,15,2,0,13,58758.35,-3.0045412902809594,58762.26,0.8471821343084944,58752.27,58821.73,68.42473377794607,58766.32,4.846669884643596,True,True,1,1,0,0,1.0,12,3,8,1,0.6666666666666666,False,False,False,"Diagnostic local-neighborhood measurement summary only. The brightest observed local measurement may be sensitive to cadence, noise, or outliers and is not interpreted as a true peak, physical peak, fitted peak, decline anchor, or model-time origin."
PUBLISHED_ALTERNATIVE,ALT_58761p4,AT2019qiz,i,MAGNITUDE,58761.4,inferred optical peak,Malyali et al.,2024,,,Secondary attribution to van Velzen et al.,0.01513,120.0,29,27,2,0,25,58758.35,-3.0045412902809594,58762.26,0.8471821343084944,58752.27,58882.5,128.28898761735263,58766.32,4.846669884643596,True,True,1,1,0,0,1.0,24,8,15,1,0.625,False,False,False,"Diagnostic local-neighborhood measurement summary only. The brightest observed local measurement may be sensitive to cadence, noise, or outliers and is not interpreted as a true peak, physical peak, fitted peak, decline anchor, or model-time origin."
PUBLISHED_ALTERNATIVE,ALT_58761p4,AT2019qiz,r,MAGNITUDE,58761.4,inferred optical peak,Malyali et al.,2024,,,Secondary attribution to van Velzen et al.,0.01513,30.0,61,20,7,0,13,58758.34,-3.0143922453330583,58762.26,0.8471821343084944,58745.49,58790.36,44.201235309765856,58763.49,2.05884960546581,True,True,6,3,3,0,0.5,12,4,8,0,0.6666666666666666,False,False,False,"Diagnostic local-neighborhood measurement summary only. The brightest observed local measurement may be sensitive to cadence, noise, or outliers and is not interpreted as a true peak, physical peak, fitted peak, decline anchor, or model-time origin."
PUBLISHED_ALTERNATIVE,ALT_58761p4,AT2019qiz,r,MAGNITUDE,58761.4,inferred optical peak,Malyali et al.,2024,,,Secondary attribution to van Velzen et al.,0.01513,60.0,61,32,7,0,25,58758.34,-3.0143922453330583,58762.26,0.8471821343084944,58745.49,58821.73,75.10368130190737,58763.49,2.05884960546581,True,True,6,3,3,0,0.5,24,7,17,0,0.7083333333333334,False,False,False,"Diagnostic local-neighborhood measurement summary only. The brightest observed local measurement may be sensitive to cadence, noise, or outliers and is not interpreted as a true peak, physical peak, fitted peak, decline anchor, or model-time origin."
PUBLISHED_ALTERNATIVE,ALT_58761p4,AT2019qiz,r,MAGNITUDE,58761.4,inferred optical peak,Malyali et al.,2024,,,Secondary attribution to van Velzen et al.,0.01513,120.0,61,55,7,0,48,58758.34,-3.0143922453330583,58762.26,0.8471821343084944,58745.49,58881.11,133.5986523893517,58763.49,2.05884960546581,True,True,6,3,3,0,0.5,47,14,32,1,0.6808510638297872,False,False,False,"Diagnostic local-neighborhood measurement summary only. The brightest observed local measurement may be sensitive to cadence, noise, or outliers and is not interpreted as a true peak, physical peak, fitted peak, decline anchor, or model-time origin."
PUBLISHED_ALTERNATIVE,ALT_58766p5,AT2019qiz,g,MAGNITUDE,58766.5,fitted rest-frame g-band maximum,Yao et al.,2023,10.3847/2041-8213/acf216,,,0.01513,30.0,55,24,13,0,11,58766.4,-0.09850955049948755,58769.93,3.378877582181879,58746.5,58794.55,47.33383901569543,58763.45,-3.0045412902809594,True,True,12,10,1,1,0.8333333333333334,10,0,10,0,1.0,False,False,False,"Diagnostic local-neighborhood measurement summary only. The brightest observed local measurement may be sensitive to cadence, noise, or outliers and is not interpreted as a true peak, physical peak, fitted peak, decline anchor, or model-time origin."
PUBLISHED_ALTERNATIVE,ALT_58766p5,AT2019qiz,g,MAGNITUDE,58766.5,fitted rest-frame g-band maximum,Yao et al.,2023,10.3847/2041-8213/acf216,,,0.01513,60.0,55,36,13,0,23,58766.4,-0.09850955049948755,58769.93,3.378877582181879,58746.5,58825.44,77.76343916542938,58763.45,-3.0045412902809594,True,True,12,10,1,1,0.8333333333333334,22,3,19,0,0.8636363636363636,False,False,False,"Diagnostic local-neighborhood measurement summary only. The brightest observed local measurement may be sensitive to cadence, noise, or outliers and is not interpreted as a true peak, physical peak, fitted peak, decline anchor, or model-time origin."
PUBLISHED_ALTERNATIVE,ALT_58766p5,AT2019qiz,g,MAGNITUDE,58766.5,fitted rest-frame g-band maximum,Yao et al.,2023,10.3847/2041-8213/acf216,,,0.01513,120.0,55,51,13,0,38,58766.4,-0.09850955049948755,58769.93,3.378877582181879,58746.5,58887.84,139.23339867799837,58763.45,-3.0045412902809594,True,True,12,10,1,1,0.8333333333333334,37,7,29,1,0.7837837837837838,False,False,False,"Diagnostic local-neighborhood measurement summary only. The brightest observed local measurement may be sensitive to cadence, noise, or outliers and is not interpreted as a true peak, physical peak, fitted peak, decline anchor, or model-time origin."
PUBLISHED_ALTERNATIVE,ALT_58766p5,AT2019qiz,i,MAGNITUDE,58766.5,fitted rest-frame g-band maximum,Yao et al.,2023,10.3847/2041-8213/acf216,,,0.01513,30.0,29,9,4,0,5,58766.32,-0.1773171909019446,58769.94,3.3887285372339777,58752.27,58794.56,41.65968890684037,58766.32,-0.1773171909019446,True,True,3,3,0,0,1.0,4,1,3,0,0.75,False,False,False,"Diagnostic local-neighborhood measurement summary only. The brightest observed local measurement may be sensitive to cadence, noise, or outliers and is not interpreted as a true peak, physical peak, fitted peak, decline anchor, or model-time origin."
PUBLISHED_ALTERNATIVE,ALT_58766p5,AT2019qiz,i,MAGNITUDE,58766.5,fitted rest-frame g-band maximum,Yao et al.,2023,10.3847/2041-8213/acf216,,,0.01513,60.0,29,16,4,0,12,58766.32,-0.1773171909019446,58769.94,3.3887285372339777,58752.27,58825.45,72.08928905657432,58766.32,-0.1773171909019446,True,True,3,3,0,0,1.0,11,2,8,1,0.7272727272727273,False,False,False,"Diagnostic local-neighborhood measurement summary only. The brightest observed local measurement may be sensitive to cadence, noise, or outliers and is not interpreted as a true peak, physical peak, fitted peak, decline anchor, or model-time origin."
PUBLISHED_ALTERNATIVE,ALT_58766p5,AT2019qiz,i,MAGNITUDE,58766.5,fitted rest-frame g-band maximum,Yao et al.,2023,10.3847/2041-8213/acf216,,,0.01513,120.0,29,27,4,0,23,58766.32,-0.1773171909019446,58769.94,3.3887285372339777,58752.27,58882.5,128.28898761735263,58766.32,-0.1773171909019446,True,True,3,3,0,0,1.0,22,7,14,1,0.6363636363636364,False,False,False,"Diagnostic local-neighborhood measurement summary only. The brightest observed local measurement may be sensitive to cadence, noise, or outliers and is not interpreted as a true peak, physical peak, fitted peak, decline anchor, or model-time origin."
PUBLISHED_ALTERNATIVE,ALT_58766p5,AT2019qiz,r,MAGNITUDE,58766.5,fitted rest-frame g-band maximum,Yao et al.,2023,10.3847/2041-8213/acf216,,,0.01513,30.0,61,23,11,0,12,58766.48,-0.019701910097030505,58769.43,2.8863298296772735,58745.49,58796.31,50.06255356456779,58763.49,-2.9651374700797306,True,True,10,6,4,0,0.6,11,3,8,0,0.7272727272727273,False,False,False,"Diagnostic local-neighborhood measurement summary only. The brightest observed local measurement may be sensitive to cadence, noise, or outliers and is not interpreted as a true peak, physical peak, fitted peak, decline anchor, or model-time origin."
PUBLISHED_ALTERNATIVE,ALT_58766p5,AT2019qiz,r,MAGNITUDE,58766.5,fitted rest-frame g-band maximum,Yao et al.,2023,10.3847/2041-8213/acf216,,,0.01513,60.0,61,33,11,0,22,58766.48,-0.019701910097030505,58769.43,2.8863298296772735,58745.49,58825.44,78.75838562549069,58763.49,-2.9651374700797306,True,True,10,6,4,0,0.6,21,6,15,0,0.7142857142857143,False,False,False,"Diagnostic local-neighborhood measurement summary only. The brightest observed local measurement may be sensitive to cadence, noise, or outliers and is not interpreted as a true peak, physical peak, fitted peak, decline anchor, or model-time origin."
PUBLISHED_ALTERNATIVE,ALT_58766p5,AT2019qiz,r,MAGNITUDE,58766.5,fitted rest-frame g-band maximum,Yao et al.,2023,10.3847/2041-8213/acf216,,,0.01513,120.0,61,55,11,0,44,58766.48,-0.019701910097030505,58769.43,2.8863298296772735,58745.49,58881.11,133.5986523893517,58763.49,-2.9651374700797306,True,True,10,6,4,0,0.6,43,12,30,1,0.6976744186046512,False,False,False,"Diagnostic local-neighborhood measurement summary only. The brightest observed local measurement may be sensitive to cadence, noise, or outliers and is not interpreted as a true peak, physical peak, fitted peak, decline anchor, or model-time origin."
PUBLISHED_ALTERNATIVE,ALT_58767p61,AT2019qiz,g,MAGNITUDE,58767.61,uniform K-corrected multiband fitted t_peak,Hammerstein et al.,2023,10.3847/1538-4357/aca283,,,0.01513,30.0,55,24,13,0,11,58766.4,-1.1919655610602846,58769.93,2.285421571621082,58746.5,58794.55,47.33383901569543,58763.45,-4.097997300841756,True,True,12,10,1,1,0.8333333333333334,10,0,10,0,1.0,False,False,False,"Diagnostic local-neighborhood measurement summary only. The brightest observed local measurement may be sensitive to cadence, noise, or outliers and is not interpreted as a true peak, physical peak, fitted peak, decline anchor, or model-time origin."
PUBLISHED_ALTERNATIVE,ALT_58767p61,AT2019qiz,g,MAGNITUDE,58767.61,uniform K-corrected multiband fitted t_peak,Hammerstein et al.,2023,10.3847/1538-4357/aca283,,,0.01513,60.0,55,36,13,0,23,58766.4,-1.1919655610602846,58769.93,2.285421571621082,58746.5,58825.44,77.76343916542938,58763.45,-4.097997300841756,True,True,12,10,1,1,0.8333333333333334,22,3,19,0,0.8636363636363636,False,False,False,"Diagnostic local-neighborhood measurement summary only. The brightest observed local measurement may be sensitive to cadence, noise, or outliers and is not interpreted as a true peak, physical peak, fitted peak, decline anchor, or model-time origin."
PUBLISHED_ALTERNATIVE,ALT_58767p61,AT2019qiz,g,MAGNITUDE,58767.61,uniform K-corrected multiband fitted t_peak,Hammerstein et al.,2023,10.3847/1538-4357/aca283,,,0.01513,120.0,55,51,13,0,38,58766.4,-1.1919655610602846,58769.93,2.285421571621082,58746.5,58887.84,139.23339867799837,58763.45,-4.097997300841756,True,True,12,10,1,1,0.8333333333333334,37,7,29,1,0.7837837837837838,False,False,False,"Diagnostic local-neighborhood measurement summary only. The brightest observed local measurement may be sensitive to cadence, noise, or outliers and is not interpreted as a true peak, physical peak, fitted peak, decline anchor, or model-time origin."
PUBLISHED_ALTERNATIVE,ALT_58767p61,AT2019qiz,i,MAGNITUDE,58767.61,uniform K-corrected multiband fitted t_peak,Hammerstein et al.,2023,10.3847/1538-4357/aca283,,,0.01513,30.0,29,9,4,0,5,58766.32,-1.2707732014627418,58769.94,2.295272526673181,58752.27,58794.56,41.65968890684037,58766.32,-1.2707732014627418,True,True,3,3,0,0,1.0,4,1,3,0,0.75,False,False,False,"Diagnostic local-neighborhood measurement summary only. The brightest observed local measurement may be sensitive to cadence, noise, or outliers and is not interpreted as a true peak, physical peak, fitted peak, decline anchor, or model-time origin."
PUBLISHED_ALTERNATIVE,ALT_58767p61,AT2019qiz,i,MAGNITUDE,58767.61,uniform K-corrected multiband fitted t_peak,Hammerstein et al.,2023,10.3847/1538-4357/aca283,,,0.01513,60.0,29,16,4,0,12,58766.32,-1.2707732014627418,58769.94,2.295272526673181,58752.27,58825.45,72.08928905657432,58766.32,-1.2707732014627418,True,True,3,3,0,0,1.0,11,2,8,1,0.7272727272727273,False,False,False,"Diagnostic local-neighborhood measurement summary only. The brightest observed local measurement may be sensitive to cadence, noise, or outliers and is not interpreted as a true peak, physical peak, fitted peak, decline anchor, or model-time origin."
PUBLISHED_ALTERNATIVE,ALT_58767p61,AT2019qiz,i,MAGNITUDE,58767.61,uniform K-corrected multiband fitted t_peak,Hammerstein et al.,2023,10.3847/1538-4357/aca283,,,0.01513,120.0,29,27,4,0,23,58766.32,-1.2707732014627418,58769.94,2.295272526673181,58752.27,58882.5,128.28898761735263,58766.32,-1.2707732014627418,True,True,3,3,0,0,1.0,22,7,14,1,0.6363636363636364,False,False,False,"Diagnostic local-neighborhood measurement summary only. The brightest observed local measurement may be sensitive to cadence, noise, or outliers and is not interpreted as a true peak, physical peak, fitted peak, decline anchor, or model-time origin."
PUBLISHED_ALTERNATIVE,ALT_58767p61,AT2019qiz,r,MAGNITUDE,58767.61,uniform K-corrected multiband fitted t_peak,Hammerstein et al.,2023,10.3847/1538-4357/aca283,,,0.01513,30.0,61,23,11,0,12,58766.48,-1.1131579206578277,58769.43,1.7928738191164766,58745.49,58796.31,50.06255356456779,58763.49,-4.0585934806405275,True,True,10,6,4,0,0.6,11,3,8,0,0.7272727272727273,False,False,False,"Diagnostic local-neighborhood measurement summary only. The brightest observed local measurement may be sensitive to cadence, noise, or outliers and is not interpreted as a true peak, physical peak, fitted peak, decline anchor, or model-time origin."
PUBLISHED_ALTERNATIVE,ALT_58767p61,AT2019qiz,r,MAGNITUDE,58767.61,uniform K-corrected multiband fitted t_peak,Hammerstein et al.,2023,10.3847/1538-4357/aca283,,,0.01513,60.0,61,33,11,0,22,58766.48,-1.1131579206578277,58769.43,1.7928738191164766,58745.49,58825.44,78.75838562549069,58763.49,-4.0585934806405275,True,True,10,6,4,0,0.6,21,6,15,0,0.7142857142857143,False,False,False,"Diagnostic local-neighborhood measurement summary only. The brightest observed local measurement may be sensitive to cadence, noise, or outliers and is not interpreted as a true peak, physical peak, fitted peak, decline anchor, or model-time origin."
PUBLISHED_ALTERNATIVE,ALT_58767p61,AT2019qiz,r,MAGNITUDE,58767.61,uniform K-corrected multiband fitted t_peak,Hammerstein et al.,2023,10.3847/1538-4357/aca283,,,0.01513,120.0,61,55,11,0,44,58766.48,-1.1131579206578277,58769.43,1.7928738191164766,58745.49,58881.11,133.5986523893517,58763.49,-4.0585934806405275,True,True,10,6,4,0,0.6,43,12,30,1,0.6976744186046512,False,False,False,"Diagnostic local-neighborhood measurement summary only. The brightest observed local measurement may be sensitive to cadence, noise, or outliers and is not interpreted as a true peak, physical peak, fitted peak, decline anchor, or model-time origin."
PUBLISHED_ALTERNATIVE,ALT_59155p84,AT2020wey,W1,FLUX,59155.84,"fitted rest-frame g-band maximum, Yao r1+d5",Yao et al.,2023,10.3847/2041-8213/acf216,,,0.02738,30.0,20,1,1,0,0,59143.278646855004,-12.226589134490265,,,59143.278646855004,59143.278646855004,0,59143.278646855004,-12.226589134490265,False,False,0,0,0,0,,0,0,0,0,,False,False,False,"Diagnostic local-neighborhood measurement summary only. The brightest observed local measurement may be sensitive to cadence, noise, or outliers and is not interpreted as a true peak, physical peak, fitted peak, decline anchor, or model-time origin."
PUBLISHED_ALTERNATIVE,ALT_59155p84,AT2020wey,W1,FLUX,59155.84,"fitted rest-frame g-band maximum, Yao r1+d5",Yao et al.,2023,10.3847/2041-8213/acf216,,,0.02738,60.0,20,1,1,0,0,59143.278646855004,-12.226589134490265,,,59143.278646855004,59143.278646855004,0,59143.278646855004,-12.226589134490265,False,False,0,0,0,0,,0,0,0,0,,False,False,False,"Diagnostic local-neighborhood measurement summary only. The brightest observed local measurement may be sensitive to cadence, noise, or outliers and is not interpreted as a true peak, physical peak, fitted peak, decline anchor, or model-time origin."
PUBLISHED_ALTERNATIVE,ALT_59155p84,AT2020wey,W1,FLUX,59155.84,"fitted rest-frame g-band maximum, Yao r1+d5",Yao et al.,2023,10.3847/2041-8213/acf216,,,0.02738,120.0,20,1,1,0,0,59143.278646855004,-12.226589134490265,,,59143.278646855004,59143.278646855004,0,59143.278646855004,-12.226589134490265,False,False,0,0,0,0,,0,0,0,0,,False,False,False,"Diagnostic local-neighborhood measurement summary only. The brightest observed local measurement may be sensitive to cadence, noise, or outliers and is not interpreted as a true peak, physical peak, fitted peak, decline anchor, or model-time origin."
PUBLISHED_ALTERNATIVE,ALT_59155p84,AT2020wey,W2,FLUX,59155.84,"fitted rest-frame g-band maximum, Yao r1+d5",Yao et al.,2023,10.3847/2041-8213/acf216,,,0.02738,30.0,20,1,1,0,0,59143.278646855004,-12.226589134490265,,,59143.278646855004,59143.278646855004,0,59143.278646855004,-12.226589134490265,False,False,0,0,0,0,,0,0,0,0,,False,False,False,"Diagnostic local-neighborhood measurement summary only. The brightest observed local measurement may be sensitive to cadence, noise, or outliers and is not interpreted as a true peak, physical peak, fitted peak, decline anchor, or model-time origin."
PUBLISHED_ALTERNATIVE,ALT_59155p84,AT2020wey,W2,FLUX,59155.84,"fitted rest-frame g-band maximum, Yao r1+d5",Yao et al.,2023,10.3847/2041-8213/acf216,,,0.02738,60.0,20,1,1,0,0,59143.278646855004,-12.226589134490265,,,59143.278646855004,59143.278646855004,0,59143.278646855004,-12.226589134490265,False,False,0,0,0,0,,0,0,0,0,,False,False,False,"Diagnostic local-neighborhood measurement summary only. The brightest observed local measurement may be sensitive to cadence, noise, or outliers and is not interpreted as a true peak, physical peak, fitted peak, decline anchor, or model-time origin."
PUBLISHED_ALTERNATIVE,ALT_59155p84,AT2020wey,W2,FLUX,59155.84,"fitted rest-frame g-band maximum, Yao r1+d5",Yao et al.,2023,10.3847/2041-8213/acf216,,,0.02738,120.0,20,1,1,0,0,59143.278646855004,-12.226589134490265,,,59143.278646855004,59143.278646855004,0,59143.278646855004,-12.226589134490265,False,False,0,0,0,0,,0,0,0,0,,False,False,False,"Diagnostic local-neighborhood measurement summary only. The brightest observed local measurement may be sensitive to cadence, noise, or outliers and is not interpreted as a true peak, physical peak, fitted peak, decline anchor, or model-time origin."
PUBLISHED_ALTERNATIVE,ALT_59155p84,AT2020wey,g,FLUX,59155.84,"fitted rest-frame g-band maximum, Yao r1+d5",Yao et al.,2023,10.3847/2041-8213/acf216,,,0.02738,30.0,683,47,19,0,28,59155.3709028,-0.45659561213504596,59156.49336809991,0.635955634636423,59125.45075230021,59185.45230320003,58.40249070433388,59150.512557900045,-5.185464093082833,True,True,18,12,6,0,0.6666666666666666,27,12,15,0,0.5555555555555556,False,False,False,"Diagnostic local-neighborhood measurement summary only. The brightest observed local measurement may be sensitive to cadence, noise, or outliers and is not interpreted as a true peak, physical peak, fitted peak, decline anchor, or model-time origin."
PUBLISHED_ALTERNATIVE,ALT_59155p84,AT2020wey,g,FLUX,59155.84,"fitted rest-frame g-band maximum, Yao r1+d5",Yao et al.,2023,10.3847/2041-8213/acf216,,,0.02738,60.0,683,73,22,0,51,59155.3709028,-0.45659561213504596,59156.49336809991,0.635955634636423,59121.49187499983,59217.43195600016,93.38324767888032,59150.512557900045,-5.185464093082833,True,True,21,14,7,0,0.6666666666666666,50,24,26,0,0.52,False,False,False,"Diagnostic local-neighborhood measurement summary only. The brightest observed local measurement may be sensitive to cadence, noise, or outliers and is not interpreted as a true peak, physical peak, fitted peak, decline anchor, or model-time origin."
PUBLISHED_ALTERNATIVE,ALT_59155p84,AT2020wey,g,FLUX,59155.84,"fitted rest-frame g-band maximum, Yao r1+d5",Yao et al.,2023,10.3847/2041-8213/acf216,,,0.02738,120.0,683,148,22,0,126,59155.3709028,-0.45659561213504596,59156.49336809991,0.635955634636423,59121.49187499983,59278.24677080009,152.57732854470495,59150.512557900045,-5.185464093082833,True,True,21,14,7,0,0.6666666666666666,125,62,63,0,0.504,False,False,False,"Diagnostic local-neighborhood measurement summary only. The brightest observed local measurement may be sensitive to cadence, noise, or outliers and is not interpreted as a true peak, physical peak, fitted peak, decline anchor, or model-time origin."
PUBLISHED_ALTERNATIVE,ALT_59155p84,AT2020wey,r,FLUX,59155.84,"fitted rest-frame g-band maximum, Yao r1+d5",Yao et al.,2023,10.3847/2041-8213/acf216,,,0.02738,30.0,801,46,19,0,27,59155.445787000004,-0.38370709960511734,59156.531979199965,0.6735377367362082,59125.50619209977,59185.3745833002,58.27287975280268,59150.49554400006,-5.2020245672812555,True,True,18,11,7,0,0.6111111111111112,26,11,15,0,0.5769230769230769,False,False,False,"Diagnostic local-neighborhood measurement summary only. The brightest observed local measurement may be sensitive to cadence, noise, or outliers and is not interpreted as a true peak, physical peak, fitted peak, decline anchor, or model-time origin."
PUBLISHED_ALTERNATIVE,ALT_59155p84,AT2020wey,r,FLUX,59155.84,"fitted rest-frame g-band maximum, Yao r1+d5",Yao et al.,2023,10.3847/2041-8213/acf216,,,0.02738,60.0,801,67,22,0,45,59155.445787000004,-0.38370709960511734,59156.531979199965,0.6735377367362082,59121.47313660011,59217.34434030019,93.31620598033884,59150.49554400006,-5.2020245672812555,True,True,21,13,8,0,0.6190476190476191,44,21,23,0,0.5227272727272727,False,False,False,"Diagnostic local-neighborhood measurement summary only. The brightest observed local measurement may be sensitive to cadence, noise, or outliers and is not interpreted as a true peak, physical peak, fitted peak, decline anchor, or model-time origin."
PUBLISHED_ALTERNATIVE,ALT_59155p84,AT2020wey,r,FLUX,59155.84,"fitted rest-frame g-band maximum, Yao r1+d5",Yao et al.,2023,10.3847/2041-8213/acf216,,,0.02738,120.0,801,143,22,0,121,59155.445787000004,-0.38370709960511734,59156.531979199965,0.6735377367362082,59121.47313660011,59278.17400459992,152.52474060212455,59150.49554400006,-5.2020245672812555,True,True,21,13,8,0,0.6190476190476191,120,63,57,0,0.475,False,False,False,"Diagnostic local-neighborhood measurement summary only. The brightest observed local measurement may be sensitive to cadence, noise, or outliers and is not interpreted as a true peak, physical peak, fitted peak, decline anchor, or model-time origin."
PUBLISHED_ALTERNATIVE,ALT_59156p58,AT2020wey,W1,FLUX,59156.58,uniform K-corrected multiband fitted t_peak,Hammerstein et al.,2023,10.3847/1538-4357/aca283,,,0.02738,30.0,20,1,1,0,0,59143.278646855004,-12.946867901845323,,,59143.278646855004,59143.278646855004,0,59143.278646855004,-12.946867901845323,False,False,0,0,0,0,,0,0,0,0,,False,False,False,"Diagnostic local-neighborhood measurement summary only. The brightest observed local measurement may be sensitive to cadence, noise, or outliers and is not interpreted as a true peak, physical peak, fitted peak, decline anchor, or model-time origin."
PUBLISHED_ALTERNATIVE,ALT_59156p58,AT2020wey,W1,FLUX,59156.58,uniform K-corrected multiband fitted t_peak,Hammerstein et al.,2023,10.3847/1538-4357/aca283,,,0.02738,60.0,20,1,1,0,0,59143.278646855004,-12.946867901845323,,,59143.278646855004,59143.278646855004,0,59143.278646855004,-12.946867901845323,False,False,0,0,0,0,,0,0,0,0,,False,False,False,"Diagnostic local-neighborhood measurement summary only. The brightest observed local measurement may be sensitive to cadence, noise, or outliers and is not interpreted as a true peak, physical peak, fitted peak, decline anchor, or model-time origin."
PUBLISHED_ALTERNATIVE,ALT_59156p58,AT2020wey,W1,FLUX,59156.58,uniform K-corrected multiband fitted t_peak,Hammerstein et al.,2023,10.3847/1538-4357/aca283,,,0.02738,120.0,20,1,1,0,0,59143.278646855004,-12.946867901845323,,,59143.278646855004,59143.278646855004,0,59143.278646855004,-12.946867901845323,False,False,0,0,0,0,,0,0,0,0,,False,False,False,"Diagnostic local-neighborhood measurement summary only. The brightest observed local measurement may be sensitive to cadence, noise, or outliers and is not interpreted as a true peak, physical peak, fitted peak, decline anchor, or model-time origin."
PUBLISHED_ALTERNATIVE,ALT_59156p58,AT2020wey,W2,FLUX,59156.58,uniform K-corrected multiband fitted t_peak,Hammerstein et al.,2023,10.3847/1538-4357/aca283,,,0.02738,30.0,20,1,1,0,0,59143.278646855004,-12.946867901845323,,,59143.278646855004,59143.278646855004,0,59143.278646855004,-12.946867901845323,False,False,0,0,0,0,,0,0,0,0,,False,False,False,"Diagnostic local-neighborhood measurement summary only. The brightest observed local measurement may be sensitive to cadence, noise, or outliers and is not interpreted as a true peak, physical peak, fitted peak, decline anchor, or model-time origin."
PUBLISHED_ALTERNATIVE,ALT_59156p58,AT2020wey,W2,FLUX,59156.58,uniform K-corrected multiband fitted t_peak,Hammerstein et al.,2023,10.3847/1538-4357/aca283,,,0.02738,60.0,20,1,1,0,0,59143.278646855004,-12.946867901845323,,,59143.278646855004,59143.278646855004,0,59143.278646855004,-12.946867901845323,False,False,0,0,0,0,,0,0,0,0,,False,False,False,"Diagnostic local-neighborhood measurement summary only. The brightest observed local measurement may be sensitive to cadence, noise, or outliers and is not interpreted as a true peak, physical peak, fitted peak, decline anchor, or model-time origin."
PUBLISHED_ALTERNATIVE,ALT_59156p58,AT2020wey,W2,FLUX,59156.58,uniform K-corrected multiband fitted t_peak,Hammerstein et al.,2023,10.3847/1538-4357/aca283,,,0.02738,120.0,20,1,1,0,0,59143.278646855004,-12.946867901845323,,,59143.278646855004,59143.278646855004,0,59143.278646855004,-12.946867901845323,False,False,0,0,0,0,,0,0,0,0,,False,False,False,"Diagnostic local-neighborhood measurement summary only. The brightest observed local measurement may be sensitive to cadence, noise, or outliers and is not interpreted as a true peak, physical peak, fitted peak, decline anchor, or model-time origin."
PUBLISHED_ALTERNATIVE,ALT_59156p58,AT2020wey,g,FLUX,59156.58,uniform K-corrected multiband fitted t_peak,Hammerstein et al.,2023,10.3847/1538-4357/aca283,,,0.02738,30.0,683,46,20,0,26,59156.49430559995,-0.0834106173521166,59157.518321800046,0.9133152290719333,59126.4683333002,59185.45230320003,57.412028557910176,59150.512557900045,-5.90574286043789,True,True,19,11,8,0,0.5789473684210527,25,11,14,0,0.56,False,False,False,"Diagnostic local-neighborhood measurement summary only. The brightest observed local measurement may be sensitive to cadence, noise, or outliers and is not interpreted as a true peak, physical peak, fitted peak, decline anchor, or model-time origin."
PUBLISHED_ALTERNATIVE,ALT_59156p58,AT2020wey,g,FLUX,59156.58,uniform K-corrected multiband fitted t_peak,Hammerstein et al.,2023,10.3847/1538-4357/aca283,,,0.02738,60.0,683,73,24,0,49,59156.49430559995,-0.0834106173521166,59157.518321800046,0.9133152290719333,59121.49187499983,59217.43195600016,93.38324767888032,59150.512557900045,-5.90574286043789,True,True,23,14,9,0,0.6086956521739131,48,23,25,0,0.5208333333333334,False,False,False,"Diagnostic local-neighborhood measurement summary only. The brightest observed local measurement may be sensitive to cadence, noise, or outliers and is not interpreted as a true peak, physical peak, fitted peak, decline anchor, or model-time origin."
PUBLISHED_ALTERNATIVE,ALT_59156p58,AT2020wey,g,FLUX,59156.58,uniform K-corrected multiband fitted t_peak,Hammerstein et al.,2023,10.3847/1538-4357/aca283,,,0.02738,120.0,683,148,24,0,124,59156.49430559995,-0.0834106173521166,59157.518321800046,0.9133152290719333,59121.49187499983,59278.24677080009,152.57732854470495,59150.512557900045,-5.90574286043789,True,True,23,14,9,0,0.6086956521739131,123,61,62,0,0.5040650406504065,False,False,False,"Diagnostic local-neighborhood measurement summary only. The brightest observed local measurement may be sensitive to cadence, noise, or outliers and is not interpreted as a true peak, physical peak, fitted peak, decline anchor, or model-time origin."
PUBLISHED_ALTERNATIVE,ALT_59156p58,AT2020wey,r,FLUX,59156.58,uniform K-corrected multiband fitted t_peak,Hammerstein et al.,2023,10.3847/1538-4357/aca283,,,0.02738,30.0,801,45,19,0,26,59156.531979199965,-0.04674103061884903,59157.48850690015,0.8842949056287425,59126.51535880007,59185.3745833002,57.29060766233973,59150.49554400006,-5.922303334636313,True,True,18,10,8,0,0.5555555555555556,25,11,14,0,0.56,False,False,False,"Diagnostic local-neighborhood measurement summary only. The brightest observed local measurement may be sensitive to cadence, noise, or outliers and is not interpreted as a true peak, physical peak, fitted peak, decline anchor, or model-time origin."
PUBLISHED_ALTERNATIVE,ALT_59156p58,AT2020wey,r,FLUX,59156.58,uniform K-corrected multiband fitted t_peak,Hammerstein et al.,2023,10.3847/1538-4357/aca283,,,0.02738,60.0,801,67,23,0,44,59156.531979199965,-0.04674103061884903,59157.48850690015,0.8842949056287425,59121.47313660011,59217.34434030019,93.31620598033884,59150.49554400006,-5.922303334636313,True,True,22,13,9,0,0.5909090909090909,43,21,22,0,0.5116279069767442,False,False,False,"Diagnostic local-neighborhood measurement summary only. The brightest observed local measurement may be sensitive to cadence, noise, or outliers and is not interpreted as a true peak, physical peak, fitted peak, decline anchor, or model-time origin."
PUBLISHED_ALTERNATIVE,ALT_59156p58,AT2020wey,r,FLUX,59156.58,uniform K-corrected multiband fitted t_peak,Hammerstein et al.,2023,10.3847/1538-4357/aca283,,,0.02738,120.0,801,143,23,0,120,59156.531979199965,-0.04674103061884903,59157.48850690015,0.8842949056287425,59121.47313660011,59278.17400459992,152.52474060212455,59150.49554400006,-5.922303334636313,True,True,22,13,9,0,0.5909090909090909,119,63,56,0,0.47058823529411764,False,False,False,"Diagnostic local-neighborhood measurement summary only. The brightest observed local measurement may be sensitive to cadence, noise, or outliers and is not interpreted as a true peak, physical peak, fitted peak, decline anchor, or model-time origin."
PUBLISHED_ALTERNATIVE,ALT_59094p32,AT2020ysg,W1,FLUX,59094.32,"fitted rest-frame g-band maximum, Yao r1+d2",Yao et al.,2023,10.3847/2041-8213/acf216,,Large discrepancy remains documentary unresolved beyond known differences in modeling/data coverage.,0.277,30.0,21,0,0,0,0,,,,,,,,,,,,0,0,0,0,,0,0,0,0,,False,False,False,"Diagnostic local-neighborhood measurement summary only. The brightest observed local measurement may be sensitive to cadence, noise, or outliers and is not interpreted as a true peak, physical peak, fitted peak, decline anchor, or model-time origin."
PUBLISHED_ALTERNATIVE,ALT_59094p32,AT2020ysg,W1,FLUX,59094.32,"fitted rest-frame g-band maximum, Yao r1+d2",Yao et al.,2023,10.3847/2041-8213/acf216,,Large discrepancy remains documentary unresolved beyond known differences in modeling/data coverage.,0.277,60.0,21,0,0,0,0,,,,,,,,,,,,0,0,0,0,,0,0,0,0,,False,False,False,"Diagnostic local-neighborhood measurement summary only. The brightest observed local measurement may be sensitive to cadence, noise, or outliers and is not interpreted as a true peak, physical peak, fitted peak, decline anchor, or model-time origin."
PUBLISHED_ALTERNATIVE,ALT_59094p32,AT2020ysg,W1,FLUX,59094.32,"fitted rest-frame g-band maximum, Yao r1+d2",Yao et al.,2023,10.3847/2041-8213/acf216,,Large discrepancy remains documentary unresolved beyond known differences in modeling/data coverage.,0.277,120.0,21,2,1,0,1,58978.85891881,-90.41588190289613,59185.03460178,71.03727625684955,58978.85891881,59185.03460178,161.45315815974567,58978.85891881,-90.41588190289613,False,True,0,0,0,0,,0,0,0,0,,False,False,False,"Diagnostic local-neighborhood measurement summary only. The brightest observed local measurement may be sensitive to cadence, noise, or outliers and is not interpreted as a true peak, physical peak, fitted peak, decline anchor, or model-time origin."
PUBLISHED_ALTERNATIVE,ALT_59094p32,AT2020ysg,W2,FLUX,59094.32,"fitted rest-frame g-band maximum, Yao r1+d2",Yao et al.,2023,10.3847/2041-8213/acf216,,Large discrepancy remains documentary unresolved beyond known differences in modeling/data coverage.,0.277,30.0,21,0,0,0,0,,,,,,,,,,,,0,0,0,0,,0,0,0,0,,False,False,False,"Diagnostic local-neighborhood measurement summary only. The brightest observed local measurement may be sensitive to cadence, noise, or outliers and is not interpreted as a true peak, physical peak, fitted peak, decline anchor, or model-time origin."
PUBLISHED_ALTERNATIVE,ALT_59094p32,AT2020ysg,W2,FLUX,59094.32,"fitted rest-frame g-band maximum, Yao r1+d2",Yao et al.,2023,10.3847/2041-8213/acf216,,Large discrepancy remains documentary unresolved beyond known differences in modeling/data coverage.,0.277,60.0,21,0,0,0,0,,,,,,,,,,,,0,0,0,0,,0,0,0,0,,False,False,False,"Diagnostic local-neighborhood measurement summary only. The brightest observed local measurement may be sensitive to cadence, noise, or outliers and is not interpreted as a true peak, physical peak, fitted peak, decline anchor, or model-time origin."
PUBLISHED_ALTERNATIVE,ALT_59094p32,AT2020ysg,W2,FLUX,59094.32,"fitted rest-frame g-band maximum, Yao r1+d2",Yao et al.,2023,10.3847/2041-8213/acf216,,Large discrepancy remains documentary unresolved beyond known differences in modeling/data coverage.,0.277,120.0,21,2,1,0,1,58978.85891881,-90.41588190289613,59185.03460178,71.03727625684955,58978.85891881,59185.03460178,161.45315815974567,59185.03460178,71.03727625684955,True,False,0,0,0,0,,0,0,0,0,,False,False,False,"Diagnostic local-neighborhood measurement summary only. The brightest observed local measurement may be sensitive to cadence, noise, or outliers and is not interpreted as a true peak, physical peak, fitted peak, decline anchor, or model-time origin."
PUBLISHED_ALTERNATIVE,ALT_59094p32,AT2020ysg,g,FLUX,59094.32,"fitted rest-frame g-band maximum, Yao r1+d2",Yao et al.,2023,10.3847/2041-8213/acf216,,Large discrepancy remains documentary unresolved beyond known differences in modeling/data coverage.,0.277,30.0,421,0,0,0,0,,,,,,,,,,,,0,0,0,0,,0,0,0,0,,False,False,False,"Diagnostic local-neighborhood measurement summary only. The brightest observed local measurement may be sensitive to cadence, noise, or outliers and is not interpreted as a true peak, physical peak, fitted peak, decline anchor, or model-time origin."
PUBLISHED_ALTERNATIVE,ALT_59094p32,AT2020ysg,g,FLUX,59094.32,"fitted rest-frame g-band maximum, Yao r1+d2",Yao et al.,2023,10.3847/2041-8213/acf216,,Large discrepancy remains documentary unresolved beyond known differences in modeling/data coverage.,0.277,60.0,421,8,3,0,5,59033.19934030017,-47.86269357856763,59150.516018500086,44.00627916999703,59020.2006019,59170.47513889987,117.67778934994033,59152.545879600104,45.595833672751944,True,True,2,1,1,0,0.5,4,1,3,0,0.75,False,False,False,"Diagnostic local-neighborhood measurement summary only. The brightest observed local measurement may be sensitive to cadence, noise, or outliers and is not interpreted as a true peak, physical peak, fitted peak, decline anchor, or model-time origin."
PUBLISHED_ALTERNATIVE,ALT_59094p32,AT2020ysg,g,FLUX,59094.32,"fitted rest-frame g-band maximum, Yao r1+d2",Yao et al.,2023,10.3847/2041-8213/acf216,,Large discrepancy remains documentary unresolved beyond known differences in modeling/data coverage.,0.277,120.0,421,47,25,0,22,59033.19934030017,-47.86269357856763,59150.516018500086,44.00627916999703,58941.24427080015,59231.42236110009,227.23421323409968,59152.545879600104,45.595833672751944,True,True,24,13,11,0,0.5416666666666666,21,8,13,0,0.6190476190476191,False,False,False,"Diagnostic local-neighborhood measurement summary only. The brightest observed local measurement may be sensitive to cadence, noise, or outliers and is not interpreted as a true peak, physical peak, fitted peak, decline anchor, or model-time origin."
PUBLISHED_ALTERNATIVE,ALT_59094p32,AT2020ysg,i,FLUX,59094.32,"fitted rest-frame g-band maximum, Yao r1+d2",Yao et al.,2023,10.3847/2041-8213/acf216,,Large discrepancy remains documentary unresolved beyond known differences in modeling/data coverage.,0.277,30.0,79,0,0,0,0,,,,,,,,,,,,0,0,0,0,,0,0,0,0,,False,False,False,"Diagnostic local-neighborhood measurement summary only. The brightest observed local measurement may be sensitive to cadence, noise, or outliers and is not interpreted as a true peak, physical peak, fitted peak, decline anchor, or model-time origin."
PUBLISHED_ALTERNATIVE,ALT_59094p32,AT2020ysg,i,FLUX,59094.32,"fitted rest-frame g-band maximum, Yao r1+d2",Yao et al.,2023,10.3847/2041-8213/acf216,,Large discrepancy remains documentary unresolved beyond known differences in modeling/data coverage.,0.277,60.0,79,0,0,0,0,,,,,,,,,,,,0,0,0,0,,0,0,0,0,,False,False,False,"Diagnostic local-neighborhood measurement summary only. The brightest observed local measurement may be sensitive to cadence, noise, or outliers and is not interpreted as a true peak, physical peak, fitted peak, decline anchor, or model-time origin."
PUBLISHED_ALTERNATIVE,ALT_59094p32,AT2020ysg,i,FLUX,59094.32,"fitted rest-frame g-band maximum, Yao r1+d2",Yao et al.,2023,10.3847/2041-8213/acf216,,Large discrepancy remains documentary unresolved beyond known differences in modeling/data coverage.,0.277,120.0,79,11,2,0,9,58955.35644679982,-108.82032357100826,59189.53078699997,74.55817306183808,58955.33755790023,59231.50662040012,216.2639487078216,59202.44449070003,84.67070532500323,True,True,1,1,0,0,1.0,8,3,5,0,0.625,False,False,False,"Diagnostic local-neighborhood measurement summary only. The brightest observed local measurement may be sensitive to cadence, noise, or outliers and is not interpreted as a true peak, physical peak, fitted peak, decline anchor, or model-time origin."
PUBLISHED_ALTERNATIVE,ALT_59094p32,AT2020ysg,r,FLUX,59094.32,"fitted rest-frame g-band maximum, Yao r1+d2",Yao et al.,2023,10.3847/2041-8213/acf216,,Large discrepancy remains documentary unresolved beyond known differences in modeling/data coverage.,0.277,30.0,531,3,3,0,0,59056.18086809991,-29.866195693101353,,,59056.1710994998,59056.18086809991,0.0076496476977013375,59056.1710994998,-29.873845340799054,False,True,2,0,2,0,0,0,0,0,0,,False,False,False,"Diagnostic local-neighborhood measurement summary only. The brightest observed local measurement may be sensitive to cadence, noise, or outliers and is not interpreted as a true peak, physical peak, fitted peak, decline anchor, or model-time origin."
PUBLISHED_ALTERNATIVE,ALT_59094p32,AT2020ysg,r,FLUX,59094.32,"fitted rest-frame g-band maximum, Yao r1+d2",Yao et al.,2023,10.3847/2041-8213/acf216,,Large discrepancy remains documentary unresolved beyond known differences in modeling/data coverage.,0.277,60.0,531,42,18,0,24,59056.18086809991,-29.866195693101353,59137.53096059989,33.8378704775976,59020.23920139996,59170.54777779989,117.70444510565864,59137.53565970017,33.841550274210434,True,True,17,9,8,0,0.5294117647058824,23,13,10,0,0.43478260869565216,False,False,False,"Diagnostic local-neighborhood measurement summary only. The brightest observed local measurement may be sensitive to cadence, noise, or outliers and is not interpreted as a true peak, physical peak, fitted peak, decline anchor, or model-time origin."
PUBLISHED_ALTERNATIVE,ALT_59094p32,AT2020ysg,r,FLUX,59094.32,"fitted rest-frame g-band maximum, Yao r1+d2",Yao et al.,2023,10.3847/2041-8213/acf216,,Large discrepancy remains documentary unresolved beyond known differences in modeling/data coverage.,0.277,120.0,531,76,35,0,41,59056.18086809991,-29.866195693101353,59137.53096059989,33.8378704775976,58941.22685190011,59231.46443289984,227.28079952993892,59137.53565970017,33.841550274210434,True,True,34,18,16,0,0.5294117647058824,40,20,20,0,0.5,False,False,False,"Diagnostic local-neighborhood measurement summary only. The brightest observed local measurement may be sensitive to cadence, noise, or outliers and is not interpreted as a true peak, physical peak, fitted peak, decline anchor, or model-time origin."
PUBLISHED_ALTERNATIVE,ALT_59188p04,AT2020zso,B,FLUX,59188.04,uniform K-corrected multiband fitted t_peak,Hammerstein et al.,2023,10.3847/1538-4357/aca283,,,0.0563,30.0,18,13,6,0,7,59184.270007,-3.569055192655216,59191.367207,3.1498693552987698,59173.046423,59215.540486,40.22916122313573,59195.752614,7.301537442011164,True,True,5,2,3,0,0.4,6,3,3,0,0.5,False,False,False,"Diagnostic local-neighborhood measurement summary only. The brightest observed local measurement may be sensitive to cadence, noise, or outliers and is not interpreted as a true peak, physical peak, fitted peak, decline anchor, or model-time origin."
PUBLISHED_ALTERNATIVE,ALT_59188p04,AT2020zso,B,FLUX,59188.04,uniform K-corrected multiband fitted t_peak,Hammerstein et al.,2023,10.3847/1538-4357/aca283,,,0.0563,60.0,18,13,6,0,7,59184.270007,-3.569055192655216,59191.367207,3.1498693552987698,59173.046423,59215.540486,40.22916122313573,59195.752614,7.301537442011164,True,True,5,2,3,0,0.4,6,3,3,0,0.5,False,False,False,"Diagnostic local-neighborhood measurement summary only. The brightest observed local measurement may be sensitive to cadence, noise, or outliers and is not interpreted as a true peak, physical peak, fitted peak, decline anchor, or model-time origin."
PUBLISHED_ALTERNATIVE,ALT_59188p04,AT2020zso,B,FLUX,59188.04,uniform K-corrected multiband fitted t_peak,Hammerstein et al.,2023,10.3847/1538-4357/aca283,,,0.0563,120.0,18,13,6,0,7,59184.270007,-3.569055192655216,59191.367207,3.1498693552987698,59173.046423,59215.540486,40.22916122313573,59195.752614,7.301537442011164,True,True,5,2,3,0,0.4,6,3,3,0,0.5,False,False,False,"Diagnostic local-neighborhood measurement summary only. The brightest observed local measurement may be sensitive to cadence, noise, or outliers and is not interpreted as a true peak, physical peak, fitted peak, decline anchor, or model-time origin."
PUBLISHED_ALTERNATIVE,ALT_59188p04,AT2020zso,U,FLUX,59188.04,uniform K-corrected multiband fitted t_peak,Hammerstein et al.,2023,10.3847/1538-4357/aca283,,,0.0563,30.0,18,13,6,0,7,59184.269258,-3.5697642715143516,59191.366438,3.1491413424182664,59173.045444,59215.539637,40.229284294233295,59191.366438,3.1491413424182664,True,True,5,3,2,0,0.6,6,1,5,0,0.8333333333333334,False,False,False,"Diagnostic local-neighborhood measurement summary only. The brightest observed local measurement may be sensitive to cadence, noise, or outliers and is not interpreted as a true peak, physical peak, fitted peak, decline anchor, or model-time origin."
PUBLISHED_ALTERNATIVE,ALT_59188p04,AT2020zso,U,FLUX,59188.04,uniform K-corrected multiband fitted t_peak,Hammerstein et al.,2023,10.3847/1538-4357/aca283,,,0.0563,60.0,18,13,6,0,7,59184.269258,-3.5697642715143516,59191.366438,3.1491413424182664,59173.045444,59215.539637,40.229284294233295,59191.366438,3.1491413424182664,True,True,5,3,2,0,0.6,6,1,5,0,0.8333333333333334,False,False,False,"Diagnostic local-neighborhood measurement summary only. The brightest observed local measurement may be sensitive to cadence, noise, or outliers and is not interpreted as a true peak, physical peak, fitted peak, decline anchor, or model-time origin."
PUBLISHED_ALTERNATIVE,ALT_59188p04,AT2020zso,U,FLUX,59188.04,uniform K-corrected multiband fitted t_peak,Hammerstein et al.,2023,10.3847/1538-4357/aca283,,,0.0563,120.0,18,13,6,0,7,59184.269258,-3.5697642715143516,59191.366438,3.1491413424182664,59173.045444,59215.539637,40.229284294233295,59191.366438,3.1491413424182664,True,True,5,3,2,0,0.6,6,1,5,0,0.8333333333333334,False,False,False,"Diagnostic local-neighborhood measurement summary only. The brightest observed local measurement may be sensitive to cadence, noise, or outliers and is not interpreted as a true peak, physical peak, fitted peak, decline anchor, or model-time origin."
PUBLISHED_ALTERNATIVE,ALT_59188p04,AT2020zso,UVM2,FLUX,59188.04,uniform K-corrected multiband fitted t_peak,Hammerstein et al.,2023,10.3847/1538-4357/aca283,,,0.0563,30.0,17,12,6,0,6,59184.278785,-3.560745053487294,59191.374911,3.157162737856765,59173.053128,59215.54896,40.23083593676088,59184.278785,-3.560745053487294,True,True,5,5,0,0,1.0,5,0,5,0,1.0,False,False,False,"Diagnostic local-neighborhood measurement summary only. The brightest observed local measurement may be sensitive to cadence, noise, or outliers and is not interpreted as a true peak, physical peak, fitted peak, decline anchor, or model-time origin."
PUBLISHED_ALTERNATIVE,ALT_59188p04,AT2020zso,UVM2,FLUX,59188.04,uniform K-corrected multiband fitted t_peak,Hammerstein et al.,2023,10.3847/1538-4357/aca283,,,0.0563,60.0,17,12,6,0,6,59184.278785,-3.560745053487294,59191.374911,3.157162737856765,59173.053128,59215.54896,40.23083593676088,59184.278785,-3.560745053487294,True,True,5,5,0,0,1.0,5,0,5,0,1.0,False,False,False,"Diagnostic local-neighborhood measurement summary only. The brightest observed local measurement may be sensitive to cadence, noise, or outliers and is not interpreted as a true peak, physical peak, fitted peak, decline anchor, or model-time origin."
PUBLISHED_ALTERNATIVE,ALT_59188p04,AT2020zso,UVM2,FLUX,59188.04,uniform K-corrected multiband fitted t_peak,Hammerstein et al.,2023,10.3847/1538-4357/aca283,,,0.0563,120.0,17,12,6,0,6,59184.278785,-3.560745053487294,59191.374911,3.157162737856765,59173.053128,59215.54896,40.23083593676088,59184.278785,-3.560745053487294,True,True,5,5,0,0,1.0,5,0,5,0,1.0,False,False,False,"Diagnostic local-neighborhood measurement summary only. The brightest observed local measurement may be sensitive to cadence, noise, or outliers and is not interpreted as a true peak, physical peak, fitted peak, decline anchor, or model-time origin."
PUBLISHED_ALTERNATIVE,ALT_59188p04,AT2020zso,UVW1,FLUX,59188.04,uniform K-corrected multiband fitted t_peak,Hammerstein et al.,2023,10.3847/1538-4357/aca283,,,0.0563,30.0,18,13,6,0,7,59184.268139,-3.570823629651691,59191.36496,3.147742118714475,59173.044009,59215.537995,40.229088327181024,59191.36496,3.147742118714475,True,True,5,3,2,0,0.6,6,0,6,0,1.0,False,False,False,"Diagnostic local-neighborhood measurement summary only. The brightest observed local measurement may be sensitive to cadence, noise, or outliers and is not interpreted as a true peak, physical peak, fitted peak, decline anchor, or model-time origin."
PUBLISHED_ALTERNATIVE,ALT_59188p04,AT2020zso,UVW1,FLUX,59188.04,uniform K-corrected multiband fitted t_peak,Hammerstein et al.,2023,10.3847/1538-4357/aca283,,,0.0563,60.0,18,13,6,0,7,59184.268139,-3.570823629651691,59191.36496,3.147742118714475,59173.044009,59215.537995,40.229088327181024,59191.36496,3.147742118714475,True,True,5,3,2,0,0.6,6,0,6,0,1.0,False,False,False,"Diagnostic local-neighborhood measurement summary only. The brightest observed local measurement may be sensitive to cadence, noise, or outliers and is not interpreted as a true peak, physical peak, fitted peak, decline anchor, or model-time origin."
PUBLISHED_ALTERNATIVE,ALT_59188p04,AT2020zso,UVW1,FLUX,59188.04,uniform K-corrected multiband fitted t_peak,Hammerstein et al.,2023,10.3847/1538-4357/aca283,,,0.0563,120.0,18,13,6,0,7,59184.268139,-3.570823629651691,59191.36496,3.147742118714475,59173.044009,59215.537995,40.229088327181024,59191.36496,3.147742118714475,True,True,5,3,2,0,0.6,6,0,6,0,1.0,False,False,False,"Diagnostic local-neighborhood measurement summary only. The brightest observed local measurement may be sensitive to cadence, noise, or outliers and is not interpreted as a true peak, physical peak, fitted peak, decline anchor, or model-time origin."
PUBLISHED_ALTERNATIVE,ALT_59188p04,AT2020zso,UVW2,FLUX,59188.04,uniform K-corrected multiband fitted t_peak,Hammerstein et al.,2023,10.3847/1538-4357/aca283,,,0.0563,30.0,18,13,6,0,7,59184.272864,-3.5663504686189627,59191.369426,3.1519700842531493,59173.048803,59215.542937,40.22922843889093,59184.272864,-3.5663504686189627,True,True,5,3,2,0,0.6,6,0,6,0,1.0,False,False,False,"Diagnostic local-neighborhood measurement summary only. The brightest observed local measurement may be sensitive to cadence, noise, or outliers and is not interpreted as a true peak, physical peak, fitted peak, decline anchor, or model-time origin."
PUBLISHED_ALTERNATIVE,ALT_59188p04,AT2020zso,UVW2,FLUX,59188.04,uniform K-corrected multiband fitted t_peak,Hammerstein et al.,2023,10.3847/1538-4357/aca283,,,0.0563,60.0,18,13,6,0,7,59184.272864,-3.5663504686189627,59191.369426,3.1519700842531493,59173.048803,59215.542937,40.22922843889093,59184.272864,-3.5663504686189627,True,True,5,3,2,0,0.6,6,0,6,0,1.0,False,False,False,"Diagnostic local-neighborhood measurement summary only. The brightest observed local measurement may be sensitive to cadence, noise, or outliers and is not interpreted as a true peak, physical peak, fitted peak, decline anchor, or model-time origin."
PUBLISHED_ALTERNATIVE,ALT_59188p04,AT2020zso,UVW2,FLUX,59188.04,uniform K-corrected multiband fitted t_peak,Hammerstein et al.,2023,10.3847/1538-4357/aca283,,,0.0563,120.0,18,13,6,0,7,59184.272864,-3.5663504686189627,59191.369426,3.1519700842531493,59173.048803,59215.542937,40.22922843889093,59184.272864,-3.5663504686189627,True,True,5,3,2,0,0.6,6,0,6,0,1.0,False,False,False,"Diagnostic local-neighborhood measurement summary only. The brightest observed local measurement may be sensitive to cadence, noise, or outliers and is not interpreted as a true peak, physical peak, fitted peak, decline anchor, or model-time origin."
PUBLISHED_ALTERNATIVE,ALT_59188p04,AT2020zso,W1,FLUX,59188.04,uniform K-corrected multiband fitted t_peak,Hammerstein et al.,2023,10.3847/1538-4357/aca283,,,0.0563,30.0,21,1,1,0,0,59158.45764373,-28.005638805266017,,,59158.45764373,59158.45764373,0,59158.45764373,-28.005638805266017,False,False,0,0,0,0,,0,0,0,0,,False,False,False,"Diagnostic local-neighborhood measurement summary only. The brightest observed local measurement may be sensitive to cadence, noise, or outliers and is not interpreted as a true peak, physical peak, fitted peak, decline anchor, or model-time origin."
PUBLISHED_ALTERNATIVE,ALT_59188p04,AT2020zso,W1,FLUX,59188.04,uniform K-corrected multiband fitted t_peak,Hammerstein et al.,2023,10.3847/1538-4357/aca283,,,0.0563,60.0,21,1,1,0,0,59158.45764373,-28.005638805266017,,,59158.45764373,59158.45764373,0,59158.45764373,-28.005638805266017,False,False,0,0,0,0,,0,0,0,0,,False,False,False,"Diagnostic local-neighborhood measurement summary only. The brightest observed local measurement may be sensitive to cadence, noise, or outliers and is not interpreted as a true peak, physical peak, fitted peak, decline anchor, or model-time origin."
PUBLISHED_ALTERNATIVE,ALT_59188p04,AT2020zso,W1,FLUX,59188.04,uniform K-corrected multiband fitted t_peak,Hammerstein et al.,2023,10.3847/1538-4357/aca283,,,0.0563,120.0,21,1,1,0,0,59158.45764373,-28.005638805266017,,,59158.45764373,59158.45764373,0,59158.45764373,-28.005638805266017,False,False,0,0,0,0,,0,0,0,0,,False,False,False,"Diagnostic local-neighborhood measurement summary only. The brightest observed local measurement may be sensitive to cadence, noise, or outliers and is not interpreted as a true peak, physical peak, fitted peak, decline anchor, or model-time origin."
PUBLISHED_ALTERNATIVE,ALT_59188p04,AT2020zso,W2,FLUX,59188.04,uniform K-corrected multiband fitted t_peak,Hammerstein et al.,2023,10.3847/1538-4357/aca283,,,0.0563,30.0,21,1,1,0,0,59158.45764373,-28.005638805266017,,,59158.45764373,59158.45764373,0,59158.45764373,-28.005638805266017,False,False,0,0,0,0,,0,0,0,0,,False,False,False,"Diagnostic local-neighborhood measurement summary only. The brightest observed local measurement may be sensitive to cadence, noise, or outliers and is not interpreted as a true peak, physical peak, fitted peak, decline anchor, or model-time origin."
PUBLISHED_ALTERNATIVE,ALT_59188p04,AT2020zso,W2,FLUX,59188.04,uniform K-corrected multiband fitted t_peak,Hammerstein et al.,2023,10.3847/1538-4357/aca283,,,0.0563,60.0,21,1,1,0,0,59158.45764373,-28.005638805266017,,,59158.45764373,59158.45764373,0,59158.45764373,-28.005638805266017,False,False,0,0,0,0,,0,0,0,0,,False,False,False,"Diagnostic local-neighborhood measurement summary only. The brightest observed local measurement may be sensitive to cadence, noise, or outliers and is not interpreted as a true peak, physical peak, fitted peak, decline anchor, or model-time origin."
PUBLISHED_ALTERNATIVE,ALT_59188p04,AT2020zso,W2,FLUX,59188.04,uniform K-corrected multiband fitted t_peak,Hammerstein et al.,2023,10.3847/1538-4357/aca283,,,0.0563,120.0,21,1,1,0,0,59158.45764373,-28.005638805266017,,,59158.45764373,59158.45764373,0,59158.45764373,-28.005638805266017,False,False,0,0,0,0,,0,0,0,0,,False,False,False,"Diagnostic local-neighborhood measurement summary only. The brightest observed local measurement may be sensitive to cadence, noise, or outliers and is not interpreted as a true peak, physical peak, fitted peak, decline anchor, or model-time origin."
PUBLISHED_ALTERNATIVE,ALT_59188p04,AT2020zso,g,FLUX,59188.04,uniform K-corrected multiband fitted t_peak,Hammerstein et al.,2023,10.3847/1538-4357/aca283,,,0.0563,30.0,269,19,14,0,5,59185.125173599925,-2.759468332931914,59189.1103356001,1.0132875131078853,59158.1493286998,59205.12414349988,44.47109230339857,59189.111273100134,1.014175045094303,True,True,13,11,2,0,0.8461538461538461,4,1,3,0,0.75,False,False,False,"Diagnostic local-neighborhood measurement summary only. The brightest observed local measurement may be sensitive to cadence, noise, or outliers and is not interpreted as a true peak, physical peak, fitted peak, decline anchor, or model-time origin."
PUBLISHED_ALTERNATIVE,ALT_59188p04,AT2020zso,g,FLUX,59188.04,uniform K-corrected multiband fitted t_peak,Hammerstein et al.,2023,10.3847/1538-4357/aca283,,,0.0563,60.0,269,40,35,0,5,59185.125173599925,-2.759468332931914,59189.1103356001,1.0132875131078853,59125.210208300035,59205.12414349988,75.65458222081377,59189.111273100134,1.014175045094303,True,True,34,23,11,0,0.6764705882352942,4,1,3,0,0.75,False,False,False,"Diagnostic local-neighborhood measurement summary only. The brightest observed local measurement may be sensitive to cadence, noise, or outliers and is not interpreted as a true peak, physical peak, fitted peak, decline anchor, or model-time origin."
PUBLISHED_ALTERNATIVE,ALT_59188p04,AT2020zso,g,FLUX,59188.04,uniform K-corrected multiband fitted t_peak,Hammerstein et al.,2023,10.3847/1538-4357/aca283,,,0.0563,120.0,269,51,46,0,5,59185.125173599925,-2.759468332931914,59189.1103356001,1.0132875131078853,59063.420624999795,59205.12414349988,134.15082694318463,59189.111273100134,1.014175045094303,True,True,45,27,18,0,0.6,4,1,3,0,0.75,False,False,False,"Diagnostic local-neighborhood measurement summary only. The brightest observed local measurement may be sensitive to cadence, noise, or outliers and is not interpreted as a true peak, physical peak, fitted peak, decline anchor, or model-time origin."
PUBLISHED_ALTERNATIVE,ALT_59188p04,AT2020zso,i,FLUX,59188.04,uniform K-corrected multiband fitted t_peak,Hammerstein et al.,2023,10.3847/1538-4357/aca283,,,0.0563,30.0,64,0,0,0,0,,,,,,,,,,,,0,0,0,0,,0,0,0,0,,False,False,False,"Diagnostic local-neighborhood measurement summary only. The brightest observed local measurement may be sensitive to cadence, noise, or outliers and is not interpreted as a true peak, physical peak, fitted peak, decline anchor, or model-time origin."
PUBLISHED_ALTERNATIVE,ALT_59188p04,AT2020zso,i,FLUX,59188.04,uniform K-corrected multiband fitted t_peak,Hammerstein et al.,2023,10.3847/1538-4357/aca283,,,0.0563,60.0,64,0,0,0,0,,,,,,,,,,,,0,0,0,0,,0,0,0,0,,False,False,False,"Diagnostic local-neighborhood measurement summary only. The brightest observed local measurement may be sensitive to cadence, noise, or outliers and is not interpreted as a true peak, physical peak, fitted peak, decline anchor, or model-time origin."
PUBLISHED_ALTERNATIVE,ALT_59188p04,AT2020zso,i,FLUX,59188.04,uniform K-corrected multiband fitted t_peak,Hammerstein et al.,2023,10.3847/1538-4357/aca283,,,0.0563,120.0,64,0,0,0,0,,,,,,,,,,,,0,0,0,0,,0,0,0,0,,False,False,False,"Diagnostic local-neighborhood measurement summary only. The brightest observed local measurement may be sensitive to cadence, noise, or outliers and is not interpreted as a true peak, physical peak, fitted peak, decline anchor, or model-time origin."
PUBLISHED_ALTERNATIVE,ALT_59188p04,AT2020zso,r,FLUX,59188.04,uniform K-corrected multiband fitted t_peak,Hammerstein et al.,2023,10.3847/1538-4357/aca283,,,0.0563,30.0,324,28,15,0,13,59187.16989579983,-0.8237282970465939,59188.1083217999,0.0646802990587753,59157.21366900019,59219.09916670015,58.58704695631671,59189.171423600055,1.0711195683559636,True,True,14,9,5,0,0.6428571428571429,12,5,7,0,0.5833333333333334,False,False,False,"Diagnostic local-neighborhood measurement summary only. The brightest observed local measurement may be sensitive to cadence, noise, or outliers and is not interpreted as a true peak, physical peak, fitted peak, decline anchor, or model-time origin."
PUBLISHED_ALTERNATIVE,ALT_59188p04,AT2020zso,r,FLUX,59188.04,uniform K-corrected multiband fitted t_peak,Hammerstein et al.,2023,10.3847/1538-4357/aca283,,,0.0563,60.0,324,76,36,0,40,59187.16989579983,-0.8237282970465939,59188.1083217999,0.0646802990587753,59128.232523099985,59227.0928588002,93.59115374440397,59189.171423600055,1.0711195683559636,True,True,35,23,12,0,0.6571428571428571,39,19,20,0,0.5128205128205128,False,False,False,"Diagnostic local-neighborhood measurement summary only. The brightest observed local measurement may be sensitive to cadence, noise, or outliers and is not interpreted as a true peak, physical peak, fitted peak, decline anchor, or model-time origin."
PUBLISHED_ALTERNATIVE,ALT_59188p04,AT2020zso,r,FLUX,59188.04,uniform K-corrected multiband fitted t_peak,Hammerstein et al.,2023,10.3847/1538-4357/aca283,,,0.0563,120.0,324,89,49,0,40,59187.16989579983,-0.8237282970465939,59188.1083217999,0.0646802990587753,59061.36199070001,59227.0928588002,156.89753677950267,59189.171423600055,1.0711195683559636,True,True,48,31,17,0,0.6458333333333334,39,19,20,0,0.5128205128205128,False,False,False,"Diagnostic local-neighborhood measurement summary only. The brightest observed local measurement may be sensitive to cadence, noise, or outliers and is not interpreted as a true peak, physical peak, fitted peak, decline anchor, or model-time origin."
PUBLISHED_ALTERNATIVE,ALT_59195p0,AT2020zso,B,FLUX,59195.0,optical-light-curve inferred peak,Wichern et al.,2026,, ,,0.0563,30.0,18,13,7,0,6,59191.367207,-3.4391678500397957,59195.752614,0.7125002366725983,59173.046423,59215.540486,40.22916122313573,59195.752614,0.7125002366725983,True,True,6,2,4,0,0.3333333333333333,5,2,3,0,0.6,False,False,False,"Diagnostic local-neighborhood measurement summary only. The brightest observed local measurement may be sensitive to cadence, noise, or outliers and is not interpreted as a true peak, physical peak, fitted peak, decline anchor, or model-time origin."
PUBLISHED_ALTERNATIVE,ALT_59195p0,AT2020zso,B,FLUX,59195.0,optical-light-curve inferred peak,Wichern et al.,2026,, ,,0.0563,60.0,18,13,7,0,6,59191.367207,-3.4391678500397957,59195.752614,0.7125002366725983,59173.046423,59215.540486,40.22916122313573,59195.752614,0.7125002366725983,True,True,6,2,4,0,0.3333333333333333,5,2,3,0,0.6,False,False,False,"Diagnostic local-neighborhood measurement summary only. The brightest observed local measurement may be sensitive to cadence, noise, or outliers and is not interpreted as a true peak, physical peak, fitted peak, decline anchor, or model-time origin."
PUBLISHED_ALTERNATIVE,ALT_59195p0,AT2020zso,B,FLUX,59195.0,optical-light-curve inferred peak,Wichern et al.,2026,, ,,0.0563,120.0,18,14,7,0,7,59191.367207,-3.4391678500397957,59195.752614,0.7125002366725983,59173.046423,59321.217669,140.27382940452338,59195.752614,0.7125002366725983,True,True,6,2,4,0,0.3333333333333333,6,2,4,0,0.6666666666666666,False,False,False,"Diagnostic local-neighborhood measurement summary only. The brightest observed local measurement may be sensitive to cadence, noise, or outliers and is not interpreted as a true peak, physical peak, fitted peak, decline anchor, or model-time origin."
PUBLISHED_ALTERNATIVE,ALT_59195p0,AT2020zso,U,FLUX,59195.0,optical-light-curve inferred peak,Wichern et al.,2026,, ,,0.0563,30.0,18,13,7,0,6,59191.366438,-3.439895862920299,59195.751765,0.7116964877410651,59173.045444,59215.539637,40.229284294233295,59191.366438,-3.439895862920299,True,True,6,4,2,0,0.6666666666666666,5,1,4,0,0.8,False,False,False,"Diagnostic local-neighborhood measurement summary only. The brightest observed local measurement may be sensitive to cadence, noise, or outliers and is not interpreted as a true peak, physical peak, fitted peak, decline anchor, or model-time origin."
PUBLISHED_ALTERNATIVE,ALT_59195p0,AT2020zso,U,FLUX,59195.0,optical-light-curve inferred peak,Wichern et al.,2026,, ,,0.0563,60.0,18,13,7,0,6,59191.366438,-3.439895862920299,59195.751765,0.7116964877410651,59173.045444,59215.539637,40.229284294233295,59191.366438,-3.439895862920299,True,True,6,4,2,0,0.6666666666666666,5,1,4,0,0.8,False,False,False,"Diagnostic local-neighborhood measurement summary only. The brightest observed local measurement may be sensitive to cadence, noise, or outliers and is not interpreted as a true peak, physical peak, fitted peak, decline anchor, or model-time origin."
PUBLISHED_ALTERNATIVE,ALT_59195p0,AT2020zso,U,FLUX,59195.0,optical-light-curve inferred peak,Wichern et al.,2026,, ,,0.0563,120.0,18,14,7,0,7,59191.366438,-3.439895862920299,59195.751765,0.7116964877410651,59173.045444,59321.216703,140.27384171163038,59191.366438,-3.439895862920299,True,True,6,4,2,0,0.6666666666666666,6,2,4,0,0.6666666666666666,False,False,False,"Diagnostic local-neighborhood measurement summary only. The brightest observed local measurement may be sensitive to cadence, noise, or outliers and is not interpreted as a true peak, physical peak, fitted peak, decline anchor, or model-time origin."
PUBLISHED_ALTERNATIVE,ALT_59195p0,AT2020zso,UVM2,FLUX,59195.0,optical-light-curve inferred peak,Wichern et al.,2026,, ,,0.0563,30.0,17,12,7,0,5,59191.374911,-3.4318744674818005,59195.760921,0.7203644797888502,59173.053128,59215.54896,40.23083593676088,59184.278785,-10.149782258825859,True,True,6,5,1,0,0.8333333333333334,4,0,4,0,1.0,False,False,False,"Diagnostic local-neighborhood measurement summary only. The brightest observed local measurement may be sensitive to cadence, noise, or outliers and is not interpreted as a true peak, physical peak, fitted peak, decline anchor, or model-time origin."
PUBLISHED_ALTERNATIVE,ALT_59195p0,AT2020zso,UVM2,FLUX,59195.0,optical-light-curve inferred peak,Wichern et al.,2026,, ,,0.0563,60.0,17,12,7,0,5,59191.374911,-3.4318744674818005,59195.760921,0.7203644797888502,59173.053128,59215.54896,40.23083593676088,59184.278785,-10.149782258825859,True,True,6,5,1,0,0.8333333333333334,4,0,4,0,1.0,False,False,False,"Diagnostic local-neighborhood measurement summary only. The brightest observed local measurement may be sensitive to cadence, noise, or outliers and is not interpreted as a true peak, physical peak, fitted peak, decline anchor, or model-time origin."
PUBLISHED_ALTERNATIVE,ALT_59195p0,AT2020zso,UVM2,FLUX,59195.0,optical-light-curve inferred peak,Wichern et al.,2026,, ,,0.0563,120.0,17,13,7,0,6,59191.374911,-3.4318744674818005,59195.760921,0.7203644797888502,59173.053128,59321.22429,140.2737498816612,59184.278785,-10.149782258825859,True,True,6,5,1,0,0.8333333333333334,5,0,5,0,1.0,False,False,False,"Diagnostic local-neighborhood measurement summary only. The brightest observed local measurement may be sensitive to cadence, noise, or outliers and is not interpreted as a true peak, physical peak, fitted peak, decline anchor, or model-time origin."
PUBLISHED_ALTERNATIVE,ALT_59195p0,AT2020zso,UVW1,FLUX,59195.0,optical-light-curve inferred peak,Wichern et al.,2026,, ,,0.0563,30.0,18,13,7,0,6,59191.36496,-3.4412950866240903,59195.750124,0.710142951811344,59173.044009,59215.537995,40.229088327181024,59191.36496,-3.4412950866240903,True,True,6,4,2,0,0.6666666666666666,5,0,5,0,1.0,False,False,False,"Diagnostic local-neighborhood measurement summary only. The brightest observed local measurement may be sensitive to cadence, noise, or outliers and is not interpreted as a true peak, physical peak, fitted peak, decline anchor, or model-time origin."
PUBLISHED_ALTERNATIVE,ALT_59195p0,AT2020zso,UVW1,FLUX,59195.0,optical-light-curve inferred peak,Wichern et al.,2026,, ,,0.0563,60.0,18,13,7,0,6,59191.36496,-3.4412950866240903,59195.750124,0.710142951811344,59173.044009,59215.537995,40.229088327181024,59191.36496,-3.4412950866240903,True,True,6,4,2,0,0.6666666666666666,5,0,5,0,1.0,False,False,False,"Diagnostic local-neighborhood measurement summary only. The brightest observed local measurement may be sensitive to cadence, noise, or outliers and is not interpreted as a true peak, physical peak, fitted peak, decline anchor, or model-time origin."
PUBLISHED_ALTERNATIVE,ALT_59195p0,AT2020zso,UVW1,FLUX,59195.0,optical-light-curve inferred peak,Wichern et al.,2026,, ,,0.0563,120.0,18,14,7,0,7,59191.36496,-3.4412950866240903,59195.750124,0.710142951811344,59173.044009,59321.215284,140.2738568588475,59191.36496,-3.4412950866240903,True,True,6,4,2,0,0.6666666666666666,6,0,6,0,1.0,False,False,False,"Diagnostic local-neighborhood measurement summary only. The brightest observed local measurement may be sensitive to cadence, noise, or outliers and is not interpreted as a true peak, physical peak, fitted peak, decline anchor, or model-time origin."
PUBLISHED_ALTERNATIVE,ALT_59195p0,AT2020zso,UVW2,FLUX,59195.0,optical-light-curve inferred peak,Wichern et al.,2026,, ,,0.0563,30.0,18,13,7,0,6,59191.369426,-3.4370671210854162,59195.75506,0.7148158667075082,59173.048803,59215.542937,40.22922843889093,59184.272864,-10.155387673957529,True,True,6,3,3,0,0.5,5,0,5,0,1.0,False,False,False,"Diagnostic local-neighborhood measurement summary only. The brightest observed local measurement may be sensitive to cadence, noise, or outliers and is not interpreted as a true peak, physical peak, fitted peak, decline anchor, or model-time origin."
PUBLISHED_ALTERNATIVE,ALT_59195p0,AT2020zso,UVW2,FLUX,59195.0,optical-light-curve inferred peak,Wichern et al.,2026,, ,,0.0563,60.0,18,13,7,0,6,59191.369426,-3.4370671210854162,59195.75506,0.7148158667075082,59173.048803,59215.542937,40.22922843889093,59184.272864,-10.155387673957529,True,True,6,3,3,0,0.5,5,0,5,0,1.0,False,False,False,"Diagnostic local-neighborhood measurement summary only. The brightest observed local measurement may be sensitive to cadence, noise, or outliers and is not interpreted as a true peak, physical peak, fitted peak, decline anchor, or model-time origin."
PUBLISHED_ALTERNATIVE,ALT_59195p0,AT2020zso,UVW2,FLUX,59195.0,optical-light-curve inferred peak,Wichern et al.,2026,, ,,0.0563,120.0,18,14,7,0,7,59191.369426,-3.4370671210854162,59195.75506,0.7148158667075082,59173.048803,59321.220023,140.27380479030938,59184.272864,-10.155387673957529,True,True,6,3,3,0,0.5,6,0,6,0,1.0,False,False,False,"Diagnostic local-neighborhood measurement summary only. The brightest observed local measurement may be sensitive to cadence, noise, or outliers and is not interpreted as a true peak, physical peak, fitted peak, decline anchor, or model-time origin."
PUBLISHED_ALTERNATIVE,ALT_59195p0,AT2020zso,W1,FLUX,59195.0,optical-light-curve inferred peak,Wichern et al.,2026,, ,,0.0563,30.0,21,0,0,0,0,,,,,,,,,,,,0,0,0,0,,0,0,0,0,,False,False,False,"Diagnostic local-neighborhood measurement summary only. The brightest observed local measurement may be sensitive to cadence, noise, or outliers and is not interpreted as a true peak, physical peak, fitted peak, decline anchor, or model-time origin."
PUBLISHED_ALTERNATIVE,ALT_59195p0,AT2020zso,W1,FLUX,59195.0,optical-light-curve inferred peak,Wichern et al.,2026,, ,,0.0563,60.0,21,1,1,0,0,59158.45764373,-34.59467601060458,,,59158.45764373,59158.45764373,0,59158.45764373,-34.59467601060458,False,False,0,0,0,0,,0,0,0,0,,False,False,False,"Diagnostic local-neighborhood measurement summary only. The brightest observed local measurement may be sensitive to cadence, noise, or outliers and is not interpreted as a true peak, physical peak, fitted peak, decline anchor, or model-time origin."
PUBLISHED_ALTERNATIVE,ALT_59195p0,AT2020zso,W1,FLUX,59195.0,optical-light-curve inferred peak,Wichern et al.,2026,, ,,0.0563,120.0,21,1,1,0,0,59158.45764373,-34.59467601060458,,,59158.45764373,59158.45764373,0,59158.45764373,-34.59467601060458,False,False,0,0,0,0,,0,0,0,0,,False,False,False,"Diagnostic local-neighborhood measurement summary only. The brightest observed local measurement may be sensitive to cadence, noise, or outliers and is not interpreted as a true peak, physical peak, fitted peak, decline anchor, or model-time origin."
PUBLISHED_ALTERNATIVE,ALT_59195p0,AT2020zso,W2,FLUX,59195.0,optical-light-curve inferred peak,Wichern et al.,2026,, ,,0.0563,30.0,21,0,0,0,0,,,,,,,,,,,,0,0,0,0,,0,0,0,0,,False,False,False,"Diagnostic local-neighborhood measurement summary only. The brightest observed local measurement may be sensitive to cadence, noise, or outliers and is not interpreted as a true peak, physical peak, fitted peak, decline anchor, or model-time origin."
PUBLISHED_ALTERNATIVE,ALT_59195p0,AT2020zso,W2,FLUX,59195.0,optical-light-curve inferred peak,Wichern et al.,2026,, ,,0.0563,60.0,21,1,1,0,0,59158.45764373,-34.59467601060458,,,59158.45764373,59158.45764373,0,59158.45764373,-34.59467601060458,False,False,0,0,0,0,,0,0,0,0,,False,False,False,"Diagnostic local-neighborhood measurement summary only. The brightest observed local measurement may be sensitive to cadence, noise, or outliers and is not interpreted as a true peak, physical peak, fitted peak, decline anchor, or model-time origin."
PUBLISHED_ALTERNATIVE,ALT_59195p0,AT2020zso,W2,FLUX,59195.0,optical-light-curve inferred peak,Wichern et al.,2026,, ,,0.0563,120.0,21,1,1,0,0,59158.45764373,-34.59467601060458,,,59158.45764373,59158.45764373,0,59158.45764373,-34.59467601060458,False,False,0,0,0,0,,0,0,0,0,,False,False,False,"Diagnostic local-neighborhood measurement summary only. The brightest observed local measurement may be sensitive to cadence, noise, or outliers and is not interpreted as a true peak, physical peak, fitted peak, decline anchor, or model-time origin."
PUBLISHED_ALTERNATIVE,ALT_59195p0,AT2020zso,g,FLUX,59195.0,optical-light-curve inferred peak,Wichern et al.,2026,, ,,0.0563,30.0,269,17,14,0,3,59189.111273100134,-5.574862160244263,59200.1486343001,4.874215942536731,59165.149120400194,59205.12414349988,37.84438426553721,59189.111273100134,-5.574862160244263,True,True,13,12,1,0,0.9230769230769231,2,0,2,0,1.0,False,False,False,"Diagnostic local-neighborhood measurement summary only. The brightest observed local measurement may be sensitive to cadence, noise, or outliers and is not interpreted as a true peak, physical peak, fitted peak, decline anchor, or model-time origin."
PUBLISHED_ALTERNATIVE,ALT_59195p0,AT2020zso,g,FLUX,59195.0,optical-light-curve inferred peak,Wichern et al.,2026,, ,,0.0563,60.0,269,33,30,0,3,59189.111273100134,-5.574862160244263,59200.1486343001,4.874215942536731,59134.228414400015,59205.12414349988,67.11703976130455,59189.111273100134,-5.574862160244263,True,True,29,21,8,0,0.7241379310344828,2,0,2,0,1.0,False,False,False,"Diagnostic local-neighborhood measurement summary only. The brightest observed local measurement may be sensitive to cadence, noise, or outliers and is not interpreted as a true peak, physical peak, fitted peak, decline anchor, or model-time origin."
PUBLISHED_ALTERNATIVE,ALT_59195p0,AT2020zso,g,FLUX,59195.0,optical-light-curve inferred peak,Wichern et al.,2026,, ,,0.0563,120.0,269,50,47,0,3,59189.111273100134,-5.574862160244263,59200.1486343001,4.874215942536731,59069.355127300136,59205.12414349988,128.53262917707588,59189.111273100134,-5.574862160244263,True,True,46,29,17,0,0.6304347826086957,2,0,2,0,1.0,False,False,False,"Diagnostic local-neighborhood measurement summary only. The brightest observed local measurement may be sensitive to cadence, noise, or outliers and is not interpreted as a true peak, physical peak, fitted peak, decline anchor, or model-time origin."
PUBLISHED_ALTERNATIVE,ALT_59195p0,AT2020zso,i,FLUX,59195.0,optical-light-curve inferred peak,Wichern et al.,2026,, ,,0.0563,30.0,64,0,0,0,0,,,,,,,,,,,,0,0,0,0,,0,0,0,0,,False,False,False,"Diagnostic local-neighborhood measurement summary only. The brightest observed local measurement may be sensitive to cadence, noise, or outliers and is not interpreted as a true peak, physical peak, fitted peak, decline anchor, or model-time origin."
PUBLISHED_ALTERNATIVE,ALT_59195p0,AT2020zso,i,FLUX,59195.0,optical-light-curve inferred peak,Wichern et al.,2026,, ,,0.0563,60.0,64,0,0,0,0,,,,,,,,,,,,0,0,0,0,,0,0,0,0,,False,False,False,"Diagnostic local-neighborhood measurement summary only. The brightest observed local measurement may be sensitive to cadence, noise, or outliers and is not interpreted as a true peak, physical peak, fitted peak, decline anchor, or model-time origin."
PUBLISHED_ALTERNATIVE,ALT_59195p0,AT2020zso,i,FLUX,59195.0,optical-light-curve inferred peak,Wichern et al.,2026,, ,,0.0563,120.0,64,0,0,0,0,,,,,,,,,,,,0,0,0,0,,0,0,0,0,,False,False,False,"Diagnostic local-neighborhood measurement summary only. The brightest observed local measurement may be sensitive to cadence, noise, or outliers and is not interpreted as a true peak, physical peak, fitted peak, decline anchor, or model-time origin."
PUBLISHED_ALTERNATIVE,ALT_59195p0,AT2020zso,r,FLUX,59195.0,optical-light-curve inferred peak,Wichern et al.,2026,, ,,0.0563,30.0,324,46,13,0,33,59189.171423600055,-5.517917636982602,59198.13516200008,2.968060210242079,59164.147766199894,59226.089884299785,58.64064953127961,59189.171423600055,-5.517917636982602,True,True,12,8,4,0,0.6666666666666666,32,15,17,0,0.53125,False,False,False,"Diagnostic local-neighborhood measurement summary only. The brightest observed local measurement may be sensitive to cadence, noise, or outliers and is not interpreted as a true peak, physical peak, fitted peak, decline anchor, or model-time origin."
PUBLISHED_ALTERNATIVE,ALT_59195p0,AT2020zso,r,FLUX,59195.0,optical-light-curve inferred peak,Wichern et al.,2026,, ,,0.0563,60.0,324,71,33,0,38,59189.171423600055,-5.517917636982602,59198.13516200008,2.968060210242079,59134.19143520016,59227.0928588002,87.94984720253399,59189.171423600055,-5.517917636982602,True,True,32,21,11,0,0.65625,37,18,19,0,0.5135135135135135,False,False,False,"Diagnostic local-neighborhood measurement summary only. The brightest observed local measurement may be sensitive to cadence, noise, or outliers and is not interpreted as a true peak, physical peak, fitted peak, decline anchor, or model-time origin."
PUBLISHED_ALTERNATIVE,ALT_59195p0,AT2020zso,r,FLUX,59195.0,optical-light-curve inferred peak,Wichern et al.,2026,, ,,0.0563,120.0,324,87,49,0,38,59189.171423600055,-5.517917636982602,59198.13516200008,2.968060210242079,59069.40163190011,59227.0928588002,149.2864024425727,59189.171423600055,-5.517917636982602,True,True,48,30,18,0,0.625,37,18,19,0,0.5135135135135135,False,False,False,"Diagnostic local-neighborhood measurement summary only. The brightest observed local measurement may be sensitive to cadence, noise, or outliers and is not interpreted as a true peak, physical peak, fitted peak, decline anchor, or model-time origin."
