event,band,mjd,measurement_mode,flux,flux_err,magnitude,magnitude_error,upper_limit,source_raw_file,source_row_index,eligibility_rule,eligible,notes
AT2020ysg,r,58426.54271990014,FLUX,1.0961481892804836e-07,4.16504203845277e-06,,,,AT2020ysg.json,2,finite(flux) AND finite(flux_err) AND flux_err > 0,True,Measurement-level observation eligible under DEC-006; no temporal fitting window applied.
AT2020ysg,r,58432.55340280011,FLUX,3.643738303903867e-06,5.349946307321605e-06,,,,AT2020ysg.json,5,finite(flux) AND finite(flux_err) AND flux_err > 0,True,Measurement-level observation eligible under DEC-006; no temporal fitting window applied.
AT2020ysg,r,58438.5561573999,FLUX,2.8576299400680334e-06,3.930138617591211e-06,,,,AT2020ysg.json,9,finite(flux) AND finite(flux_err) AND flux_err > 0,True,Measurement-level observation eligible under DEC-006; no temporal fitting window applied.
AT2020ysg,r,58438.55707179988,FLUX,-1.7272581523648738e-06,4.242019691781699e-06,,,,AT2020ysg.json,10,finite(flux) AND finite(flux_err) AND flux_err > 0,True,Measurement-level observation eligible under DEC-006; no temporal fitting window applied.
AT2020ysg,r,58440.52420140011,FLUX,-5.343650978605856e-07,2.3919529052962365e-06,,,,AT2020ysg.json,11,finite(flux) AND finite(flux_err) AND flux_err > 0,True,Measurement-level observation eligible under DEC-006; no temporal fitting window applied.
AT2020ysg,r,58442.52731479984,FLUX,1.3393688623815468e-06,2.6612624718516795e-06,,,,AT2020ysg.json,14,finite(flux) AND finite(flux_err) AND flux_err > 0,True,Measurement-level observation eligible under DEC-006; no temporal fitting window applied.
AT2020ysg,r,58443.47712960001,FLUX,-6.405153809198868e-06,4.499875906967643e-06,,,,AT2020ysg.json,15,finite(flux) AND finite(flux_err) AND flux_err > 0,True,Measurement-level observation eligible under DEC-006; no temporal fitting window applied.
AT2020ysg,r,58447.489131900016,FLUX,-5.584464003380523e-06,5.790717858849789e-06,,,,AT2020ysg.json,16,finite(flux) AND finite(flux_err) AND flux_err > 0,True,Measurement-level observation eligible under DEC-006; no temporal fitting window applied.
AT2020ysg,r,58447.490046299994,FLUX,-1.1458825808374571e-05,5.744686292182499e-06,,,,AT2020ysg.json,17,finite(flux) AND finite(flux_err) AND flux_err > 0,True,Measurement-level observation eligible under DEC-006; no temporal fitting window applied.
AT2020ysg,r,58448.50211809995,FLUX,3.2264115729167215e-06,5.206167009978005e-06,,,,AT2020ysg.json,18,finite(flux) AND finite(flux_err) AND flux_err > 0,True,Measurement-level observation eligible under DEC-006; no temporal fitting window applied.
AT2020ysg,r,58448.545856500044,FLUX,-3.2309447999818495e-06,4.766167160666718e-06,,,,AT2020ysg.json,19,finite(flux) AND finite(flux_err) AND flux_err > 0,True,Measurement-level observation eligible under DEC-006; no temporal fitting window applied.
AT2020ysg,r,58449.52436339995,FLUX,9.394631046272144e-06,4.316341778292748e-06,,,,AT2020ysg.json,20,finite(flux) AND finite(flux_err) AND flux_err > 0,True,Measurement-level observation eligible under DEC-006; no temporal fitting window applied.
AT2020ysg,r,58450.543819400016,FLUX,-1.9002306013813806e-07,3.7078163341496073e-06,,,,AT2020ysg.json,23,finite(flux) AND finite(flux_err) AND flux_err > 0,True,Measurement-level observation eligible under DEC-006; no temporal fitting window applied.
AT2020ysg,r,58455.46438660007,FLUX,-2.488536059658437e-06,3.2760772509601543e-06,,,,AT2020ysg.json,24,finite(flux) AND finite(flux_err) AND flux_err > 0,True,Measurement-level observation eligible under DEC-006; no temporal fitting window applied.
AT2020ysg,r,58461.537835599855,FLUX,3.4015171125318094e-06,3.090877547904421e-06,,,,AT2020ysg.json,25,finite(flux) AND finite(flux_err) AND flux_err > 0,True,Measurement-level observation eligible under DEC-006; no temporal fitting window applied.
AT2020ysg,r,58461.53885419993,FLUX,5.527503527884959e-07,2.870568478816076e-06,,,,AT2020ysg.json,26,finite(flux) AND finite(flux_err) AND flux_err > 0,True,Measurement-level observation eligible under DEC-006; no temporal fitting window applied.
AT2020ysg,r,58464.5402199002,FLUX,-2.9397691386938444e-06,1.968842388213341e-06,,,,AT2020ysg.json,29,finite(flux) AND finite(flux_err) AND flux_err > 0,True,Measurement-level observation eligible under DEC-006; no temporal fitting window applied.
AT2020ysg,r,58464.54634260014,FLUX,3.545094632765277e-08,2.390753956286818e-06,,,,AT2020ysg.json,30,finite(flux) AND finite(flux_err) AND flux_err > 0,True,Measurement-level observation eligible under DEC-006; no temporal fitting window applied.
AT2020ysg,r,58465.50512730004,FLUX,2.1705025634258135e-08,2.5474682470887566e-06,,,,AT2020ysg.json,31,finite(flux) AND finite(flux_err) AND flux_err > 0,True,Measurement-level observation eligible under DEC-006; no temporal fitting window applied.
AT2020ysg,r,58468.51650460018,FLUX,3.156565131407321e-06,2.391270318660295e-06,,,,AT2020ysg.json,33,finite(flux) AND finite(flux_err) AND flux_err > 0,True,Measurement-level observation eligible under DEC-006; no temporal fitting window applied.
AT2020ysg,r,58471.541631899774,FLUX,2.7483017330619328e-06,2.9561712514575814e-06,,,,AT2020ysg.json,34,finite(flux) AND finite(flux_err) AND flux_err > 0,True,Measurement-level observation eligible under DEC-006; no temporal fitting window applied.
AT2020ysg,r,58474.49887729995,FLUX,2.2777883581301656e-06,5.210968366585222e-06,,,,AT2020ysg.json,37,finite(flux) AND finite(flux_err) AND flux_err > 0,True,Measurement-level observation eligible under DEC-006; no temporal fitting window applied.
AT2020ysg,r,58476.5040972,FLUX,3.0888150488276722e-06,4.4183232006239795e-06,,,,AT2020ysg.json,38,finite(flux) AND finite(flux_err) AND flux_err > 0,True,Measurement-level observation eligible under DEC-006; no temporal fitting window applied.
AT2020ysg,r,58486.483981499914,FLUX,-2.5999745782602754e-06,2.319478979681968e-06,,,,AT2020ysg.json,41,finite(flux) AND finite(flux_err) AND flux_err > 0,True,Measurement-level observation eligible under DEC-006; no temporal fitting window applied.
AT2020ysg,r,58491.52835649997,FLUX,3.3089215418246314e-06,3.886078437219022e-06,,,,AT2020ysg.json,44,finite(flux) AND finite(flux_err) AND flux_err > 0,True,Measurement-level observation eligible under DEC-006; no temporal fitting window applied.
AT2020ysg,r,58494.45313660009,FLUX,-1.240514266520436e-06,1.943093913745538e-06,,,,AT2020ysg.json,45,finite(flux) AND finite(flux_err) AND flux_err > 0,True,Measurement-level observation eligible under DEC-006; no temporal fitting window applied.
AT2020ysg,r,58502.52737270016,FLUX,0,6.087344144357116e-06,,,,AT2020ysg.json,48,finite(flux) AND finite(flux_err) AND flux_err > 0,True,Measurement-level observation eligible under DEC-006; no temporal fitting window applied.
AT2020ysg,r,58505.52718750015,FLUX,9.393936939585478e-06,1.0706141729144456e-05,,,,AT2020ysg.json,50,finite(flux) AND finite(flux_err) AND flux_err > 0,True,Measurement-level observation eligible under DEC-006; no temporal fitting window applied.
AT2020ysg,r,58508.47998839989,FLUX,9.208692230934878e-07,6.382100662240505e-06,,,,AT2020ysg.json,51,finite(flux) AND finite(flux_err) AND flux_err > 0,True,Measurement-level observation eligible under DEC-006; no temporal fitting window applied.
AT2020ysg,r,58511.38068290008,FLUX,-2.518005910698255e-07,2.846149613205397e-06,,,,AT2020ysg.json,53,finite(flux) AND finite(flux_err) AND flux_err > 0,True,Measurement-level observation eligible under DEC-006; no temporal fitting window applied.
AT2020ysg,r,58556.282627299894,FLUX,-3.927586976142123e-06,3.092204305980355e-06,,,,AT2020ysg.json,57,finite(flux) AND finite(flux_err) AND flux_err > 0,True,Measurement-level observation eligible under DEC-006; no temporal fitting window applied.
AT2020ysg,r,58559.25415509986,FLUX,6.305285215728703e-06,4.447767941240129e-06,,,,AT2020ysg.json,58,finite(flux) AND finite(flux_err) AND flux_err > 0,True,Measurement-level observation eligible under DEC-006; no temporal fitting window applied.
AT2020ysg,r,58567.235173599795,FLUX,-1.0840100049773748e-06,1.943476764484273e-06,,,,AT2020ysg.json,59,finite(flux) AND finite(flux_err) AND flux_err > 0,True,Measurement-level observation eligible under DEC-006; no temporal fitting window applied.
AT2020ysg,r,58580.22549769981,FLUX,4.5685039116930416e-07,2.3943737717198536e-06,,,,AT2020ysg.json,62,finite(flux) AND finite(flux_err) AND flux_err > 0,True,Measurement-level observation eligible under DEC-006; no temporal fitting window applied.
AT2020ysg,r,58583.25554399984,FLUX,-1.5741662283334067e-08,2.914328678061562e-06,,,,AT2020ysg.json,65,finite(flux) AND finite(flux_err) AND flux_err > 0,True,Measurement-level observation eligible under DEC-006; no temporal fitting window applied.
AT2020ysg,r,58586.19040510012,FLUX,-3.149941518175696e-06,3.917073117570233e-06,,,,AT2020ysg.json,67,finite(flux) AND finite(flux_err) AND flux_err > 0,True,Measurement-level observation eligible under DEC-006; no temporal fitting window applied.
AT2020ysg,r,58594.31835650001,FLUX,-1.1955482478228698e-05,6.734517182785979e-06,,,,AT2020ysg.json,69,finite(flux) AND finite(flux_err) AND flux_err > 0,True,Measurement-level observation eligible under DEC-006; no temporal fitting window applied.
AT2020ysg,r,58597.32902779989,FLUX,-2.5461692579174587e-06,3.6868906639967167e-06,,,,AT2020ysg.json,71,finite(flux) AND finite(flux_err) AND flux_err > 0,True,Measurement-level observation eligible under DEC-006; no temporal fitting window applied.
AT2020ysg,r,58608.23451389978,FLUX,-3.486456742200463e-07,2.3212820336324774e-06,,,,AT2020ysg.json,74,finite(flux) AND finite(flux_err) AND flux_err > 0,True,Measurement-level observation eligible under DEC-006; no temporal fitting window applied.
AT2020ysg,r,58612.19252309995,FLUX,3.093372137642983e-06,2.221516245814937e-06,,,,AT2020ysg.json,77,finite(flux) AND finite(flux_err) AND flux_err > 0,True,Measurement-level observation eligible under DEC-006; no temporal fitting window applied.
AT2020ysg,r,58618.3035995001,FLUX,-7.751361086594326e-06,8.383854978967487e-06,,,,AT2020ysg.json,78,finite(flux) AND finite(flux_err) AND flux_err > 0,True,Measurement-level observation eligible under DEC-006; no temporal fitting window applied.
AT2020ysg,r,58633.16947920015,FLUX,6.28690135590322e-06,2.627186449426073e-06,,,,AT2020ysg.json,81,finite(flux) AND finite(flux_err) AND flux_err > 0,True,Measurement-level observation eligible under DEC-006; no temporal fitting window applied.
AT2020ysg,r,58633.18561339984,FLUX,2.617924280958e-06,2.3544993513526282e-06,,,,AT2020ysg.json,82,finite(flux) AND finite(flux_err) AND flux_err > 0,True,Measurement-level observation eligible under DEC-006; no temporal fitting window applied.
AT2020ysg,r,58634.18458329979,FLUX,2.7460569817357066e-07,2.3329701394720414e-06,,,,AT2020ysg.json,85,finite(flux) AND finite(flux_err) AND flux_err > 0,True,Measurement-level observation eligible under DEC-006; no temporal fitting window applied.
AT2020ysg,r,58635.23943290021,FLUX,4.369800424022551e-06,2.0488412903974912e-06,,,,AT2020ysg.json,88,finite(flux) AND finite(flux_err) AND flux_err > 0,True,Measurement-level observation eligible under DEC-006; no temporal fitting window applied.
AT2020ysg,r,58637.17906250013,FLUX,-4.687631077573858e-06,2.3848590311761324e-06,,,,AT2020ysg.json,91,finite(flux) AND finite(flux_err) AND flux_err > 0,True,Measurement-level observation eligible under DEC-006; no temporal fitting window applied.
AT2020ysg,r,58639.17903940007,FLUX,-1.2248929765984945e-06,2.379662609170546e-06,,,,AT2020ysg.json,93,finite(flux) AND finite(flux_err) AND flux_err > 0,True,Measurement-level observation eligible under DEC-006; no temporal fitting window applied.
AT2020ysg,r,58642.22240740014,FLUX,-1.7090640323698394e-06,2.89999377995478e-06,,,,AT2020ysg.json,96,finite(flux) AND finite(flux_err) AND flux_err > 0,True,Measurement-level observation eligible under DEC-006; no temporal fitting window applied.
AT2020ysg,r,58648.19657409983,FLUX,2.6039236149193027e-06,6.785759495209022e-06,,,,AT2020ysg.json,99,finite(flux) AND finite(flux_err) AND flux_err > 0,True,Measurement-level observation eligible under DEC-006; no temporal fitting window applied.
AT2020ysg,r,58651.23653940018,FLUX,-1.5091533775725587e-05,7.263010662878302e-06,,,,AT2020ysg.json,100,finite(flux) AND finite(flux_err) AND flux_err > 0,True,Measurement-level observation eligible under DEC-006; no temporal fitting window applied.
AT2020ysg,r,58654.17538189981,FLUX,1.828008333655551e-06,4.14279465039389e-06,,,,AT2020ysg.json,101,finite(flux) AND finite(flux_err) AND flux_err > 0,True,Measurement-level observation eligible under DEC-006; no temporal fitting window applied.
AT2020ysg,r,58658.18180559995,FLUX,5.82093966264126e-07,3.0346075644696163e-06,,,,AT2020ysg.json,102,finite(flux) AND finite(flux_err) AND flux_err > 0,True,Measurement-level observation eligible under DEC-006; no temporal fitting window applied.
AT2020ysg,r,58662.178738399874,FLUX,-3.9430697523026186e-06,5.49160345453859e-06,,,,AT2020ysg.json,104,finite(flux) AND finite(flux_err) AND flux_err > 0,True,Measurement-level observation eligible under DEC-006; no temporal fitting window applied.
AT2020ysg,r,58667.226331000216,FLUX,-2.2285178005151207e-06,4.437805282266549e-06,,,,AT2020ysg.json,107,finite(flux) AND finite(flux_err) AND flux_err > 0,True,Measurement-level observation eligible under DEC-006; no temporal fitting window applied.
AT2020ysg,r,58672.19766200008,FLUX,-1.2642873488669896e-06,5.264866237605388e-06,,,,AT2020ysg.json,108,finite(flux) AND finite(flux_err) AND flux_err > 0,True,Measurement-level observation eligible under DEC-006; no temporal fitting window applied.
AT2020ysg,r,58679.20106479991,FLUX,-2.8257450018772995e-06,7.403567934927001e-06,,,,AT2020ysg.json,109,finite(flux) AND finite(flux_err) AND flux_err > 0,True,Measurement-level observation eligible under DEC-006; no temporal fitting window applied.
AT2020ysg,r,58769.5269559999,FLUX,2.651732240823986e-06,1.0003216696705219e-05,,,,AT2020ysg.json,110,finite(flux) AND finite(flux_err) AND flux_err > 0,True,Measurement-level observation eligible under DEC-006; no temporal fitting window applied.
AT2020ysg,r,58769.5318287001,FLUX,1.1309463600705557e-05,1.0844743963434836e-05,,,,AT2020ysg.json,111,finite(flux) AND finite(flux_err) AND flux_err > 0,True,Measurement-level observation eligible under DEC-006; no temporal fitting window applied.
AT2020ysg,r,58773.53111110022,FLUX,4.419657852505141e-06,7.240684244289038e-06,,,,AT2020ysg.json,112,finite(flux) AND finite(flux_err) AND flux_err > 0,True,Measurement-level observation eligible under DEC-006; no temporal fitting window applied.
AT2020ysg,r,58773.53611110011,FLUX,2.2313727434396582e-06,8.140326631246359e-06,,,,AT2020ysg.json,113,finite(flux) AND finite(flux_err) AND flux_err > 0,True,Measurement-level observation eligible under DEC-006; no temporal fitting window applied.
AT2020ysg,r,58777.52828700002,FLUX,-1.13141260687575e-06,6.218149434190662e-06,,,,AT2020ysg.json,114,finite(flux) AND finite(flux_err) AND flux_err > 0,True,Measurement-level observation eligible under DEC-006; no temporal fitting window applied.
AT2020ysg,r,58777.53307869984,FLUX,-5.3201798997795316e-06,6.762033929802356e-06,,,,AT2020ysg.json,115,finite(flux) AND finite(flux_err) AND flux_err > 0,True,Measurement-level observation eligible under DEC-006; no temporal fitting window applied.
AT2020ysg,r,58777.53784719994,FLUX,-7.285873044809424e-06,9.302294769245057e-06,,,,AT2020ysg.json,116,finite(flux) AND finite(flux_err) AND flux_err > 0,True,Measurement-level observation eligible under DEC-006; no temporal fitting window applied.
AT2020ysg,r,58785.512083299924,FLUX,-1.0219869666245052e-07,4.225587996586799e-06,,,,AT2020ysg.json,117,finite(flux) AND finite(flux_err) AND flux_err > 0,True,Measurement-level observation eligible under DEC-006; no temporal fitting window applied.
AT2020ysg,r,58792.50931710005,FLUX,2.0487431362964486e-06,4.628824451709312e-06,,,,AT2020ysg.json,118,finite(flux) AND finite(flux_err) AND flux_err > 0,True,Measurement-level observation eligible under DEC-006; no temporal fitting window applied.
AT2020ysg,r,58799.487939800136,FLUX,-5.799415665832965e-06,7.310849743781365e-06,,,,AT2020ysg.json,120,finite(flux) AND finite(flux_err) AND flux_err > 0,True,Measurement-level observation eligible under DEC-006; no temporal fitting window applied.
AT2020ysg,r,58812.553460599855,FLUX,-1.0192201174470049e-07,3.3048078835406798e-06,,,,AT2020ysg.json,131,finite(flux) AND finite(flux_err) AND flux_err > 0,True,Measurement-level observation eligible under DEC-006; no temporal fitting window applied.
AT2020ysg,r,58828.4235069002,FLUX,-5.004523665067671e-06,5.797235255675671e-06,,,,AT2020ysg.json,132,finite(flux) AND finite(flux_err) AND flux_err > 0,True,Measurement-level observation eligible under DEC-006; no temporal fitting window applied.
AT2020ysg,r,58833.47740740003,FLUX,-1.646525539109967e-06,7.419014700897181e-06,,,,AT2020ysg.json,135,finite(flux) AND finite(flux_err) AND flux_err > 0,True,Measurement-level observation eligible under DEC-006; no temporal fitting window applied.
AT2020ysg,r,58836.50592589984,FLUX,2.6943852362953784e-06,3.155429960881371e-06,,,,AT2020ysg.json,136,finite(flux) AND finite(flux_err) AND flux_err > 0,True,Measurement-level observation eligible under DEC-006; no temporal fitting window applied.
AT2020ysg,r,58846.46328700008,FLUX,-4.685948439791977e-06,2.5134856835090037e-06,,,,AT2020ysg.json,138,finite(flux) AND finite(flux_err) AND flux_err > 0,True,Measurement-level observation eligible under DEC-006; no temporal fitting window applied.
AT2020ysg,r,58849.45123839984,FLUX,-6.715569935109695e-07,2.760164983205998e-06,,,,AT2020ysg.json,140,finite(flux) AND finite(flux_err) AND flux_err > 0,True,Measurement-level observation eligible under DEC-006; no temporal fitting window applied.
AT2020ysg,r,58851.47313660011,FLUX,5.6041696124023877e-08,2.940613260866821e-06,,,,AT2020ysg.json,141,finite(flux) AND finite(flux_err) AND flux_err > 0,True,Measurement-level observation eligible under DEC-006; no temporal fitting window applied.
AT2020ysg,r,58852.442847200204,FLUX,4.267461644623077e-06,2.2703855002609325e-06,,,,AT2020ysg.json,142,finite(flux) AND finite(flux_err) AND flux_err > 0,True,Measurement-level observation eligible under DEC-006; no temporal fitting window applied.
AT2020ysg,r,58855.53725690022,FLUX,4.094930917613615e-06,4.320366868651969e-06,,,,AT2020ysg.json,146,finite(flux) AND finite(flux_err) AND flux_err > 0,True,Measurement-level observation eligible under DEC-006; no temporal fitting window applied.
AT2020ysg,r,58855.5381713002,FLUX,-1.8684870002899627e-06,2.7058129123553462e-06,,,,AT2020ysg.json,147,finite(flux) AND finite(flux_err) AND flux_err > 0,True,Measurement-level observation eligible under DEC-006; no temporal fitting window applied.
AT2020ysg,r,58859.36133099999,FLUX,7.963076227340114e-06,7.80335679229692e-06,,,,AT2020ysg.json,148,finite(flux) AND finite(flux_err) AND flux_err > 0,True,Measurement-level observation eligible under DEC-006; no temporal fitting window applied.
AT2020ysg,r,58859.42462959979,FLUX,8.38485978002675e-06,5.7037958488777266e-06,,,,AT2020ysg.json,151,finite(flux) AND finite(flux_err) AND flux_err > 0,True,Measurement-level observation eligible under DEC-006; no temporal fitting window applied.
AT2020ysg,r,58859.44069440011,FLUX,1.4478535671442154e-06,5.4909079633282155e-06,,,,AT2020ysg.json,152,finite(flux) AND finite(flux_err) AND flux_err > 0,True,Measurement-level observation eligible under DEC-006; no temporal fitting window applied.
AT2020ysg,r,58860.374548600055,FLUX,-5.783295749129897e-06,7.987366511215352e-06,,,,AT2020ysg.json,156,finite(flux) AND finite(flux_err) AND flux_err > 0,True,Measurement-level observation eligible under DEC-006; no temporal fitting window applied.
AT2020ysg,r,58860.39475690015,FLUX,-2.472618189748597e-06,6.517984820195587e-06,,,,AT2020ysg.json,157,finite(flux) AND finite(flux_err) AND flux_err > 0,True,Measurement-level observation eligible under DEC-006; no temporal fitting window applied.
AT2020ysg,r,58861.32017360022,FLUX,-1.275242897524544e-05,1.1220745645725094e-05,,,,AT2020ysg.json,158,finite(flux) AND finite(flux_err) AND flux_err > 0,True,Measurement-level observation eligible under DEC-006; no temporal fitting window applied.
AT2020ysg,r,58863.54525459977,FLUX,-2.913654225375494e-06,4.0697358618461365e-06,,,,AT2020ysg.json,160,finite(flux) AND finite(flux_err) AND flux_err > 0,True,Measurement-level observation eligible under DEC-006; no temporal fitting window applied.
AT2020ysg,r,58864.32582180016,FLUX,2.547467642837841e-06,3.6828639036225277e-06,,,,AT2020ysg.json,161,finite(flux) AND finite(flux_err) AND flux_err > 0,True,Measurement-level observation eligible under DEC-006; no temporal fitting window applied.
AT2020ysg,r,58864.34528939985,FLUX,-3.60933201198119e-07,3.3272565875077167e-06,,,,AT2020ysg.json,162,finite(flux) AND finite(flux_err) AND flux_err > 0,True,Measurement-level observation eligible under DEC-006; no temporal fitting window applied.
AT2020ysg,r,58866.355405100156,FLUX,-2.0654983212335797e-07,2.9940553127640364e-06,,,,AT2020ysg.json,165,finite(flux) AND finite(flux_err) AND flux_err > 0,True,Measurement-level observation eligible under DEC-006; no temporal fitting window applied.
AT2020ysg,r,58866.356307900045,FLUX,3.1164263530354366e-06,2.7365944286051427e-06,,,,AT2020ysg.json,166,finite(flux) AND finite(flux_err) AND flux_err > 0,True,Measurement-level observation eligible under DEC-006; no temporal fitting window applied.
AT2020ysg,r,58866.50568290008,FLUX,-3.691744254210048e-06,2.787494043779893e-06,,,,AT2020ysg.json,169,finite(flux) AND finite(flux_err) AND flux_err > 0,True,Measurement-level observation eligible under DEC-006; no temporal fitting window applied.
AT2020ysg,r,58867.35678240005,FLUX,3.212030176941567e-06,3.294172806386114e-06,,,,AT2020ysg.json,171,finite(flux) AND finite(flux_err) AND flux_err > 0,True,Measurement-level observation eligible under DEC-006; no temporal fitting window applied.
AT2020ysg,r,58867.46679400001,FLUX,7.138749285947266e-09,3.172717454121889e-06,,,,AT2020ysg.json,174,finite(flux) AND finite(flux_err) AND flux_err > 0,True,Measurement-level observation eligible under DEC-006; no temporal fitting window applied.
AT2020ysg,r,58871.486817100085,FLUX,-4.202987883596034e-06,3.334838242958936e-06,,,,AT2020ysg.json,177,finite(flux) AND finite(flux_err) AND flux_err > 0,True,Measurement-level observation eligible under DEC-006; no temporal fitting window applied.
AT2020ysg,r,58871.48773150006,FLUX,3.6490413251883047e-06,3.4765446996536512e-06,,,,AT2020ysg.json,178,finite(flux) AND finite(flux_err) AND flux_err > 0,True,Measurement-level observation eligible under DEC-006; no temporal fitting window applied.
AT2020ysg,r,58871.50590279978,FLUX,-6.145257636608361e-07,3.306333176690178e-06,,,,AT2020ysg.json,179,finite(flux) AND finite(flux_err) AND flux_err > 0,True,Measurement-level observation eligible under DEC-006; no temporal fitting window applied.
AT2020ysg,r,58873.291134300176,FLUX,4.185130815518762e-06,2.5420086175504386e-06,,,,AT2020ysg.json,180,finite(flux) AND finite(flux_err) AND flux_err > 0,True,Measurement-level observation eligible under DEC-006; no temporal fitting window applied.
AT2020ysg,r,58874.33038190007,FLUX,3.1711399752418576e-07,1.943092837438989e-06,,,,AT2020ysg.json,183,finite(flux) AND finite(flux_err) AND flux_err > 0,True,Measurement-level observation eligible under DEC-006; no temporal fitting window applied.
AT2020ysg,r,58875.291759300046,FLUX,-2.0773481947336154e-06,2.9050159314990223e-06,,,,AT2020ysg.json,185,finite(flux) AND finite(flux_err) AND flux_err > 0,True,Measurement-level observation eligible under DEC-006; no temporal fitting window applied.
AT2020ysg,r,58875.311481500044,FLUX,5.02502285066356e-06,3.6973584987837096e-06,,,,AT2020ysg.json,186,finite(flux) AND finite(flux_err) AND flux_err > 0,True,Measurement-level observation eligible under DEC-006; no temporal fitting window applied.
AT2020ysg,r,58876.296134300064,FLUX,1.638149184184284e-06,2.5732955756382e-06,,,,AT2020ysg.json,187,finite(flux) AND finite(flux_err) AND flux_err > 0,True,Measurement-level observation eligible under DEC-006; no temporal fitting window applied.
AT2020ysg,r,58877.48461809987,FLUX,-2.0240441583740306e-06,2.4261679986486455e-06,,,,AT2020ysg.json,192,finite(flux) AND finite(flux_err) AND flux_err > 0,True,Measurement-level observation eligible under DEC-006; no temporal fitting window applied.
AT2020ysg,r,58877.48554399982,FLUX,-3.090274167300858e-06,2.599137725474791e-06,,,,AT2020ysg.json,193,finite(flux) AND finite(flux_err) AND flux_err > 0,True,Measurement-level observation eligible under DEC-006; no temporal fitting window applied.
AT2020ysg,r,58878.35016199993,FLUX,2.2410296892140743e-06,3.453684344828831e-06,,,,AT2020ysg.json,194,finite(flux) AND finite(flux_err) AND flux_err > 0,True,Measurement-level observation eligible under DEC-006; no temporal fitting window applied.
AT2020ysg,r,58878.35959490016,FLUX,-8.842518786564614e-07,3.118688538375517e-06,,,,AT2020ysg.json,195,finite(flux) AND finite(flux_err) AND flux_err > 0,True,Measurement-level observation eligible under DEC-006; no temporal fitting window applied.
AT2020ysg,r,58880.30442130007,FLUX,1.3328920812914276e-06,3.539297094724423e-06,,,,AT2020ysg.json,199,finite(flux) AND finite(flux_err) AND flux_err > 0,True,Measurement-level observation eligible under DEC-006; no temporal fitting window applied.
AT2020ysg,r,58880.34192130016,FLUX,-4.560746377817857e-06,3.0496615272473278e-06,,,,AT2020ysg.json,200,finite(flux) AND finite(flux_err) AND flux_err > 0,True,Measurement-level observation eligible under DEC-006; no temporal fitting window applied.
AT2020ysg,r,58880.51802079985,FLUX,-1.139603184373338e-06,2.7676796371563266e-06,,,,AT2020ysg.json,204,finite(flux) AND finite(flux_err) AND flux_err > 0,True,Measurement-level observation eligible under DEC-006; no temporal fitting window applied.
AT2020ysg,r,58881.318669000175,FLUX,1.429895203216683e-06,2.59351262868983e-06,,,,AT2020ysg.json,205,finite(flux) AND finite(flux_err) AND flux_err > 0,True,Measurement-level observation eligible under DEC-006; no temporal fitting window applied.
AT2020ysg,r,58881.35928239999,FLUX,2.9952374217348636e-06,2.191426543835775e-06,,,,AT2020ysg.json,206,finite(flux) AND finite(flux_err) AND flux_err > 0,True,Measurement-level observation eligible under DEC-006; no temporal fitting window applied.
AT2020ysg,r,58883.28474539984,FLUX,-1.0629485248509166e-05,5.711735529470568e-06,,,,AT2020ysg.json,209,finite(flux) AND finite(flux_err) AND flux_err > 0,True,Measurement-level observation eligible under DEC-006; no temporal fitting window applied.
AT2020ysg,r,58883.50541670015,FLUX,-3.0035056921547195e-06,4.883499929848461e-06,,,,AT2020ysg.json,211,finite(flux) AND finite(flux_err) AND flux_err > 0,True,Measurement-level observation eligible under DEC-006; no temporal fitting window applied.
AT2020ysg,r,58883.517847199924,FLUX,-8.725496538761413e-07,4.593086987515556e-06,,,,AT2020ysg.json,212,finite(flux) AND finite(flux_err) AND flux_err > 0,True,Measurement-level observation eligible under DEC-006; no temporal fitting window applied.
AT2020ysg,r,58884.49265050003,FLUX,4.124874076384875e-06,4.9668617970458084e-06,,,,AT2020ysg.json,214,finite(flux) AND finite(flux_err) AND flux_err > 0,True,Measurement-level observation eligible under DEC-006; no temporal fitting window applied.
AT2020ysg,r,58884.5139583,FLUX,-3.346869129389758e-07,4.161796316775028e-06,,,,AT2020ysg.json,215,finite(flux) AND finite(flux_err) AND flux_err > 0,True,Measurement-level observation eligible under DEC-006; no temporal fitting window applied.
AT2020ysg,r,58885.22537040012,FLUX,-7.093401262141654e-06,1.1050354829944194e-05,,,,AT2020ysg.json,216,finite(flux) AND finite(flux_err) AND flux_err > 0,True,Measurement-level observation eligible under DEC-006; no temporal fitting window applied.
AT2020ysg,r,58885.23413190013,FLUX,2.2112938940935984e-06,1.0016912509426255e-05,,,,AT2020ysg.json,217,finite(flux) AND finite(flux_err) AND flux_err > 0,True,Measurement-level observation eligible under DEC-006; no temporal fitting window applied.
AT2020ysg,r,58886.29167820001,FLUX,-4.508373286389935e-06,5.788648083742699e-06,,,,AT2020ysg.json,220,finite(flux) AND finite(flux_err) AND flux_err > 0,True,Measurement-level observation eligible under DEC-006; no temporal fitting window applied.
AT2020ysg,r,58886.30979169998,FLUX,3.021175399222057e-06,6.292709328035832e-06,,,,AT2020ysg.json,221,finite(flux) AND finite(flux_err) AND flux_err > 0,True,Measurement-level observation eligible under DEC-006; no temporal fitting window applied.
AT2020ysg,r,58886.51008100016,FLUX,8.079269473209265e-06,4.891985713939177e-06,,,,AT2020ysg.json,224,finite(flux) AND finite(flux_err) AND flux_err > 0,True,Measurement-level observation eligible under DEC-006; no temporal fitting window applied.
AT2020ysg,r,58891.320706000086,FLUX,3.7839632772920525e-06,5.6790636866957005e-06,,,,AT2020ysg.json,225,finite(flux) AND finite(flux_err) AND flux_err > 0,True,Measurement-level observation eligible under DEC-006; no temporal fitting window applied.
AT2020ysg,r,58891.494930599816,FLUX,3.548029147972158e-06,4.70748514619429e-06,,,,AT2020ysg.json,229,finite(flux) AND finite(flux_err) AND flux_err > 0,True,Measurement-level observation eligible under DEC-006; no temporal fitting window applied.
AT2020ysg,r,58891.49584490014,FLUX,3.4706818890726834e-06,4.646871521334759e-06,,,,AT2020ysg.json,230,finite(flux) AND finite(flux_err) AND flux_err > 0,True,Measurement-level observation eligible under DEC-006; no temporal fitting window applied.
AT2020ysg,r,58892.29498839984,FLUX,-3.7541108427971947e-06,5.223122446577084e-06,,,,AT2020ysg.json,231,finite(flux) AND finite(flux_err) AND flux_err > 0,True,Measurement-level observation eligible under DEC-006; no temporal fitting window applied.
AT2020ysg,r,58892.33024309995,FLUX,-1.2803380466687926e-06,4.341376398966901e-06,,,,AT2020ysg.json,232,finite(flux) AND finite(flux_err) AND flux_err > 0,True,Measurement-level observation eligible under DEC-006; no temporal fitting window applied.
AT2020ysg,r,58893.31071759993,FLUX,2.519554436787013e-06,3.0805963609805225e-06,,,,AT2020ysg.json,235,finite(flux) AND finite(flux_err) AND flux_err > 0,True,Measurement-level observation eligible under DEC-006; no temporal fitting window applied.
AT2020ysg,r,58893.31405089982,FLUX,7.629717922680236e-07,3.008915309082396e-06,,,,AT2020ysg.json,236,finite(flux) AND finite(flux_err) AND flux_err > 0,True,Measurement-level observation eligible under DEC-006; no temporal fitting window applied.
AT2020ysg,r,58894.4692592998,FLUX,-4.952336969364575e-07,2.8184717878948412e-06,,,,AT2020ysg.json,242,finite(flux) AND finite(flux_err) AND flux_err > 0,True,Measurement-level observation eligible under DEC-006; no temporal fitting window applied.
AT2020ysg,r,58894.47017360013,FLUX,4.242552431123345e-06,2.7774931567387735e-06,,,,AT2020ysg.json,243,finite(flux) AND finite(flux_err) AND flux_err > 0,True,Measurement-level observation eligible under DEC-006; no temporal fitting window applied.
AT2020ysg,r,58894.48848380009,FLUX,2.790944047738083e-06,2.998928745383952e-06,,,,AT2020ysg.json,244,finite(flux) AND finite(flux_err) AND flux_err > 0,True,Measurement-level observation eligible under DEC-006; no temporal fitting window applied.
AT2020ysg,r,58895.42622689996,FLUX,4.2190932997483534e-07,2.844838342264061e-06,,,,AT2020ysg.json,247,finite(flux) AND finite(flux_err) AND flux_err > 0,True,Measurement-level observation eligible under DEC-006; no temporal fitting window applied.
AT2020ysg,r,58895.478715300094,FLUX,-2.550444395117916e-06,3.208594627319395e-06,,,,AT2020ysg.json,248,finite(flux) AND finite(flux_err) AND flux_err > 0,True,Measurement-level observation eligible under DEC-006; no temporal fitting window applied.
AT2020ysg,r,58896.27245370019,FLUX,1.7440419502047966e-06,2.4533805068838394e-06,,,,AT2020ysg.json,249,finite(flux) AND finite(flux_err) AND flux_err > 0,True,Measurement-level observation eligible under DEC-006; no temporal fitting window applied.
AT2020ysg,r,58896.29400460003,FLUX,1.517639818461479e-06,2.539164758703169e-06,,,,AT2020ysg.json,250,finite(flux) AND finite(flux_err) AND flux_err > 0,True,Measurement-level observation eligible under DEC-006; no temporal fitting window applied.
AT2020ysg,r,58898.34091439983,FLUX,-2.1554733381535434e-06,2.024614956211802e-06,,,,AT2020ysg.json,251,finite(flux) AND finite(flux_err) AND flux_err > 0,True,Measurement-level observation eligible under DEC-006; no temporal fitting window applied.
AT2020ysg,r,58898.35299770022,FLUX,6.074586548232353e-06,2.0859537171807112e-06,,,,AT2020ysg.json,252,finite(flux) AND finite(flux_err) AND flux_err > 0,True,Measurement-level observation eligible under DEC-006; no temporal fitting window applied.
AT2020ysg,r,58898.37479169993,FLUX,2.2421415241105903e-06,2.0439382969371624e-06,,,,AT2020ysg.json,253,finite(flux) AND finite(flux_err) AND flux_err > 0,True,Measurement-level observation eligible under DEC-006; no temporal fitting window applied.
AT2020ysg,r,58899.32987269992,FLUX,-2.616063587121765e-06,2.001529793565291e-06,,,,AT2020ysg.json,258,finite(flux) AND finite(flux_err) AND flux_err > 0,True,Measurement-level observation eligible under DEC-006; no temporal fitting window applied.
AT2020ysg,r,58899.33678240003,FLUX,1.7011196562446484e-07,1.9310574632048824e-06,,,,AT2020ysg.json,259,finite(flux) AND finite(flux_err) AND flux_err > 0,True,Measurement-level observation eligible under DEC-006; no temporal fitting window applied.
AT2020ysg,r,58899.353483799845,FLUX,1.175379739967128e-06,2.2746747124221775e-06,,,,AT2020ysg.json,260,finite(flux) AND finite(flux_err) AND flux_err > 0,True,Measurement-level observation eligible under DEC-006; no temporal fitting window applied.
AT2020ysg,r,58899.445162000135,FLUX,-4.943721925093628e-06,2.320247348125056e-06,,,,AT2020ysg.json,265,finite(flux) AND finite(flux_err) AND flux_err > 0,True,Measurement-level observation eligible under DEC-006; no temporal fitting window applied.
AT2020ysg,r,58900.40034720022,FLUX,8.342649277183345e-07,2.99886156678279e-06,,,,AT2020ysg.json,270,finite(flux) AND finite(flux_err) AND flux_err > 0,True,Measurement-level observation eligible under DEC-006; no temporal fitting window applied.
AT2020ysg,r,58900.403125000186,FLUX,-1.1143344140836432e-06,2.698561315564413e-06,,,,AT2020ysg.json,271,finite(flux) AND finite(flux_err) AND flux_err > 0,True,Measurement-level observation eligible under DEC-006; no temporal fitting window applied.
AT2020ysg,r,58900.42072919989,FLUX,5.236499512365707e-06,2.4947215309416944e-06,,,,AT2020ysg.json,272,finite(flux) AND finite(flux_err) AND flux_err > 0,True,Measurement-level observation eligible under DEC-006; no temporal fitting window applied.
AT2020ysg,r,58901.37878469983,FLUX,-1.2136734312410357e-06,2.268460432981888e-06,,,,AT2020ysg.json,273,finite(flux) AND finite(flux_err) AND flux_err > 0,True,Measurement-level observation eligible under DEC-006; no temporal fitting window applied.
AT2020ysg,r,58901.379687500186,FLUX,-2.033249679895737e-06,2.701473117024842e-06,,,,AT2020ysg.json,274,finite(flux) AND finite(flux_err) AND flux_err > 0,True,Measurement-level observation eligible under DEC-006; no temporal fitting window applied.
AT2020ysg,r,58901.40221060021,FLUX,5.144670019551416e-06,2.2725341784138674e-06,,,,AT2020ysg.json,275,finite(flux) AND finite(flux_err) AND flux_err > 0,True,Measurement-level observation eligible under DEC-006; no temporal fitting window applied.
AT2020ysg,r,58901.4229282001,FLUX,1.2155661341874376e-06,2.1953079918649645e-06,,,,AT2020ysg.json,276,finite(flux) AND finite(flux_err) AND flux_err > 0,True,Measurement-level observation eligible under DEC-006; no temporal fitting window applied.
AT2020ysg,r,58901.44439810002,FLUX,3.447449866842098e-06,3.443632381146193e-06,,,,AT2020ysg.json,277,finite(flux) AND finite(flux_err) AND flux_err > 0,True,Measurement-level observation eligible under DEC-006; no temporal fitting window applied.
AT2020ysg,r,58901.46379629988,FLUX,-2.2983854720610576e-06,3.001287435185412e-06,,,,AT2020ysg.json,278,finite(flux) AND finite(flux_err) AND flux_err > 0,True,Measurement-level observation eligible under DEC-006; no temporal fitting window applied.
AT2020ysg,r,58903.39898149995,FLUX,2.5374020209668692e-06,2.2727587649295433e-06,,,,AT2020ysg.json,283,finite(flux) AND finite(flux_err) AND flux_err > 0,True,Measurement-level observation eligible under DEC-006; no temporal fitting window applied.
AT2020ysg,r,58903.43425930012,FLUX,-1.2343230367216178e-06,2.1426925626066333e-06,,,,AT2020ysg.json,284,finite(flux) AND finite(flux_err) AND flux_err > 0,True,Measurement-level observation eligible under DEC-006; no temporal fitting window applied.
AT2020ysg,r,58903.44439810002,FLUX,-2.3000880419335903e-06,2.2994457408037024e-06,,,,AT2020ysg.json,285,finite(flux) AND finite(flux_err) AND flux_err > 0,True,Measurement-level observation eligible under DEC-006; no temporal fitting window applied.
AT2020ysg,r,58903.4736227002,FLUX,-1.9089590864213823e-06,2.2049600920008772e-06,,,,AT2020ysg.json,286,finite(flux) AND finite(flux_err) AND flux_err > 0,True,Measurement-level observation eligible under DEC-006; no temporal fitting window applied.
AT2020ysg,r,58903.486550900154,FLUX,4.759872941488797e-06,2.282335266325617e-06,,,,AT2020ysg.json,287,finite(flux) AND finite(flux_err) AND flux_err > 0,True,Measurement-level observation eligible under DEC-006; no temporal fitting window applied.
AT2020ysg,r,58904.22599539999,FLUX,7.175547832538462e-06,2.976620757034326e-06,,,,AT2020ysg.json,288,finite(flux) AND finite(flux_err) AND flux_err > 0,True,Measurement-level observation eligible under DEC-006; no temporal fitting window applied.
AT2020ysg,r,58904.24427080015,FLUX,-5.946707751031468e-07,2.4330870804446e-06,,,,AT2020ysg.json,289,finite(flux) AND finite(flux_err) AND flux_err > 0,True,Measurement-level observation eligible under DEC-006; no temporal fitting window applied.
AT2020ysg,r,58904.245185200125,FLUX,-6.682103979712994e-07,2.5680542826899947e-06,,,,AT2020ysg.json,290,finite(flux) AND finite(flux_err) AND flux_err > 0,True,Measurement-level observation eligible under DEC-006; no temporal fitting window applied.
AT2020ysg,r,58905.22505789995,FLUX,6.227946035769662e-06,3.5315755549707894e-06,,,,AT2020ysg.json,294,finite(flux) AND finite(flux_err) AND flux_err > 0,True,Measurement-level observation eligible under DEC-006; no temporal fitting window applied.
AT2020ysg,r,58905.24627309991,FLUX,1.7441181872489713e-06,3.632153119151372e-06,,,,AT2020ysg.json,295,finite(flux) AND finite(flux_err) AND flux_err > 0,True,Measurement-level observation eligible under DEC-006; no temporal fitting window applied.
AT2020ysg,r,58906.24719909998,FLUX,-5.622920816019823e-07,4.282988323708992e-06,,,,AT2020ysg.json,299,finite(flux) AND finite(flux_err) AND flux_err > 0,True,Measurement-level observation eligible under DEC-006; no temporal fitting window applied.
AT2020ysg,r,58906.44913189998,FLUX,2.903483355564753e-06,4.247706318212145e-06,,,,AT2020ysg.json,303,finite(flux) AND finite(flux_err) AND flux_err > 0,True,Measurement-level observation eligible under DEC-006; no temporal fitting window applied.
AT2020ysg,r,58906.45004629996,FLUX,2.448410684069835e-07,3.2807319165598417e-06,,,,AT2020ysg.json,304,finite(flux) AND finite(flux_err) AND flux_err > 0,True,Measurement-level observation eligible under DEC-006; no temporal fitting window applied.
AT2020ysg,r,58909.32035879977,FLUX,-1.050412796135808e-06,2.2779535211501407e-06,,,,AT2020ysg.json,307,finite(flux) AND finite(flux_err) AND flux_err > 0,True,Measurement-level observation eligible under DEC-006; no temporal fitting window applied.
AT2020ysg,r,58911.21714119986,FLUX,7.892783263554974e-06,5.212313548263546e-06,,,,AT2020ysg.json,308,finite(flux) AND finite(flux_err) AND flux_err > 0,True,Measurement-level observation eligible under DEC-006; no temporal fitting window applied.
AT2020ysg,r,58911.2364236,FLUX,-2.2577865579136517e-06,5.092386206216945e-06,,,,AT2020ysg.json,309,finite(flux) AND finite(flux_err) AND flux_err > 0,True,Measurement-level observation eligible under DEC-006; no temporal fitting window applied.
AT2020ysg,r,58911.24762730021,FLUX,-3.1131207827024276e-07,5.374571783931775e-06,,,,AT2020ysg.json,310,finite(flux) AND finite(flux_err) AND flux_err > 0,True,Measurement-level observation eligible under DEC-006; no temporal fitting window applied.
AT2020ysg,r,58912.40185189992,FLUX,8.68087356266038e-06,3.608117671358607e-06,,,,AT2020ysg.json,317,finite(flux) AND finite(flux_err) AND flux_err > 0,True,Measurement-level observation eligible under DEC-006; no temporal fitting window applied.
AT2020ysg,r,58912.42243060004,FLUX,-1.7061483587556084e-06,2.6182452372263736e-06,,,,AT2020ysg.json,318,finite(flux) AND finite(flux_err) AND flux_err > 0,True,Measurement-level observation eligible under DEC-006; no temporal fitting window applied.
AT2020ysg,r,58912.4233448999,FLUX,2.5405443905789635e-06,2.8152962212135117e-06,,,,AT2020ysg.json,319,finite(flux) AND finite(flux_err) AND flux_err > 0,True,Measurement-level observation eligible under DEC-006; no temporal fitting window applied.
AT2020ysg,r,58913.220972199924,FLUX,-1.6702452007917147e-06,4.916450809021609e-06,,,,AT2020ysg.json,320,finite(flux) AND finite(flux_err) AND flux_err > 0,True,Measurement-level observation eligible under DEC-006; no temporal fitting window applied.
AT2020ysg,r,58913.24644679995,FLUX,-1.2057672528418124e-06,4.21983452429408e-06,,,,AT2020ysg.json,321,finite(flux) AND finite(flux_err) AND flux_err > 0,True,Measurement-level observation eligible under DEC-006; no temporal fitting window applied.
AT2020ysg,r,58913.43023149995,FLUX,-4.397303948039548e-06,4.665979719422704e-06,,,,AT2020ysg.json,325,finite(flux) AND finite(flux_err) AND flux_err > 0,True,Measurement-level observation eligible under DEC-006; no temporal fitting window applied.
AT2020ysg,r,58914.352661999874,FLUX,-1.6477186640017085e-06,4.7515340253779e-06,,,,AT2020ysg.json,326,finite(flux) AND finite(flux_err) AND flux_err > 0,True,Measurement-level observation eligible under DEC-006; no temporal fitting window applied.
AT2020ysg,r,58914.35356480023,FLUX,7.095303423472719e-06,4.617129504132792e-06,,,,AT2020ysg.json,327,finite(flux) AND finite(flux_err) AND flux_err > 0,True,Measurement-level observation eligible under DEC-006; no temporal fitting window applied.
AT2020ysg,r,58914.3582870001,FLUX,3.5132921170612055e-07,4.451056925885794e-06,,,,AT2020ysg.json,328,finite(flux) AND finite(flux_err) AND flux_err > 0,True,Measurement-level observation eligible under DEC-006; no temporal fitting window applied.
AT2020ysg,r,58915.38002309995,FLUX,-3.3869971657442295e-06,6.094132219224654e-06,,,,AT2020ysg.json,331,finite(flux) AND finite(flux_err) AND flux_err > 0,True,Measurement-level observation eligible under DEC-006; no temporal fitting window applied.
AT2020ysg,r,58915.40505790012,FLUX,-8.781618825456126e-06,8.314461179366624e-06,,,,AT2020ysg.json,332,finite(flux) AND finite(flux_err) AND flux_err > 0,True,Measurement-level observation eligible under DEC-006; no temporal fitting window applied.
AT2020ysg,r,58941.22685190011,FLUX,9.514086532955072e-07,4.144719204239216e-06,,,,AT2020ysg.json,335,finite(flux) AND finite(flux_err) AND flux_err > 0,True,Measurement-level observation eligible under DEC-006; no temporal fitting window applied.
AT2020ysg,r,58954.231331000105,FLUX,-7.354508450474961e-08,2.3897146445434287e-06,,,,AT2020ysg.json,338,finite(flux) AND finite(flux_err) AND flux_err > 0,True,Measurement-level observation eligible under DEC-006; no temporal fitting window applied.
AT2020ysg,r,58955.233645800035,FLUX,9.088676454281858e-07,2.148448387805462e-06,,,,AT2020ysg.json,340,finite(flux) AND finite(flux_err) AND flux_err > 0,True,Measurement-level observation eligible under DEC-006; no temporal fitting window applied.
AT2020ysg,r,58955.25399310002,FLUX,-2.8481383967676315e-06,2.3020231471462584e-06,,,,AT2020ysg.json,341,finite(flux) AND finite(flux_err) AND flux_err > 0,True,Measurement-level observation eligible under DEC-006; no temporal fitting window applied.
AT2020ysg,r,58962.26611110009,FLUX,6.184545281163301e-07,2.616946486433817e-06,,,,AT2020ysg.json,346,finite(flux) AND finite(flux_err) AND flux_err > 0,True,Measurement-level observation eligible under DEC-006; no temporal fitting window applied.
AT2020ysg,r,58965.28300930001,FLUX,-9.81719494824086e-07,2.32323338753062e-06,,,,AT2020ysg.json,348,finite(flux) AND finite(flux_err) AND flux_err > 0,True,Measurement-level observation eligible under DEC-006; no temporal fitting window applied.
AT2020ysg,r,58968.20553239994,FLUX,-7.136394064819679e-07,2.421424141268623e-06,,,,AT2020ysg.json,350,finite(flux) AND finite(flux_err) AND flux_err > 0,True,Measurement-level observation eligible under DEC-006; no temporal fitting window applied.
AT2020ysg,r,58971.18910880014,FLUX,-5.5891731938663346e-06,4.255307874310463e-06,,,,AT2020ysg.json,353,finite(flux) AND finite(flux_err) AND flux_err > 0,True,Measurement-level observation eligible under DEC-006; no temporal fitting window applied.
AT2020ysg,r,58974.231886600144,FLUX,2.610529455559978e-06,5.595678155626982e-06,,,,AT2020ysg.json,356,finite(flux) AND finite(flux_err) AND flux_err > 0,True,Measurement-level observation eligible under DEC-006; no temporal fitting window applied.
AT2020ysg,r,58980.24769680016,FLUX,1.9924142912504825e-06,1.911077849559944e-06,,,,AT2020ysg.json,358,finite(flux) AND finite(flux_err) AND flux_err > 0,True,Measurement-level observation eligible under DEC-006; no temporal fitting window applied.
AT2020ysg,r,58985.21050930023,FLUX,4.061364473638193e-06,2.4611949988769596e-06,,,,AT2020ysg.json,360,finite(flux) AND finite(flux_err) AND flux_err > 0,True,Measurement-level observation eligible under DEC-006; no temporal fitting window applied.
AT2020ysg,r,58991.2039005002,FLUX,1.2722282733740515e-06,2.310367835011533e-06,,,,AT2020ysg.json,363,finite(flux) AND finite(flux_err) AND flux_err > 0,True,Measurement-level observation eligible under DEC-006; no temporal fitting window applied.
AT2020ysg,r,58994.1927894,FLUX,8.801612219476511e-06,2.415366889197851e-06,,,,AT2020ysg.json,364,finite(flux) AND finite(flux_err) AND flux_err > 0,True,Measurement-level observation eligible under DEC-006; no temporal fitting window applied.
AT2020ysg,r,58997.23298610002,FLUX,3.0097041358155797e-06,2.9179981748705735e-06,,,,AT2020ysg.json,368,finite(flux) AND finite(flux_err) AND flux_err > 0,True,Measurement-level observation eligible under DEC-006; no temporal fitting window applied.
AT2020ysg,r,59009.1866088002,FLUX,5.138456085596843e-06,3.8510842099119505e-06,,,,AT2020ysg.json,370,finite(flux) AND finite(flux_err) AND flux_err > 0,True,Measurement-level observation eligible under DEC-006; no temporal fitting window applied.
AT2020ysg,r,59014.227661999874,FLUX,-1.970545238804735e-06,2.848655071159515e-06,,,,AT2020ysg.json,373,finite(flux) AND finite(flux_err) AND flux_err > 0,True,Measurement-level observation eligible under DEC-006; no temporal fitting window applied.
AT2020ysg,r,59017.238067099825,FLUX,9.770232501894268e-07,2.8725581091869218e-06,,,,AT2020ysg.json,375,finite(flux) AND finite(flux_err) AND flux_err > 0,True,Measurement-level observation eligible under DEC-006; no temporal fitting window applied.
AT2020ysg,r,59020.23920139996,FLUX,2.20317662422168e-06,3.212090609703848e-06,,,,AT2020ysg.json,377,finite(flux) AND finite(flux_err) AND flux_err > 0,True,Measurement-level observation eligible under DEC-006; no temporal fitting window applied.
AT2020ysg,r,59033.17758100014,FLUX,1.4949694939014542e-05,7.94320779524975e-06,,,,AT2020ysg.json,379,finite(flux) AND finite(flux_err) AND flux_err > 0,True,Measurement-level observation eligible under DEC-006; no temporal fitting window applied.
AT2020ysg,r,59046.17189810006,FLUX,3.4159976913270754e-05,6.456349585381444e-06,,,,AT2020ysg.json,381,finite(flux) AND finite(flux_err) AND flux_err > 0,True,Measurement-level observation eligible under DEC-006; no temporal fitting window applied.
AT2020ysg,r,59046.17682870012,FLUX,3.382866530040209e-05,5.27029081449231e-06,,,,AT2020ysg.json,382,finite(flux) AND finite(flux_err) AND flux_err > 0,True,Measurement-level observation eligible under DEC-006; no temporal fitting window applied.
AT2020ysg,r,59046.18177080015,FLUX,2.7719995242005006e-05,5.312635459148048e-06,,,,AT2020ysg.json,383,finite(flux) AND finite(flux_err) AND flux_err > 0,True,Measurement-level observation eligible under DEC-006; no temporal fitting window applied.
AT2020ysg,r,59046.186701400205,FLUX,3.150768036869001e-05,5.676971674266806e-06,,,,AT2020ysg.json,384,finite(flux) AND finite(flux_err) AND flux_err > 0,True,Measurement-level observation eligible under DEC-006; no temporal fitting window applied.
AT2020ysg,r,59048.16958330013,FLUX,4.712569954329433e-05,6.101411103198114e-06,,,,AT2020ysg.json,385,finite(flux) AND finite(flux_err) AND flux_err > 0,True,Measurement-level observation eligible under DEC-006; no temporal fitting window applied.
AT2020ysg,r,59048.17452549981,FLUX,3.598164306767658e-05,4.7632324476736835e-06,,,,AT2020ysg.json,386,finite(flux) AND finite(flux_err) AND flux_err > 0,True,Measurement-level observation eligible under DEC-006; no temporal fitting window applied.
AT2020ysg,r,59050.17298609996,FLUX,4.212705298385828e-05,6.928439893119546e-06,,,,AT2020ysg.json,387,finite(flux) AND finite(flux_err) AND flux_err > 0,True,Measurement-level observation eligible under DEC-006; no temporal fitting window applied.
AT2020ysg,r,59050.17791670002,FLUX,2.9947631027436077e-05,6.588203320027219e-06,,,,AT2020ysg.json,388,finite(flux) AND finite(flux_err) AND flux_err > 0,True,Measurement-level observation eligible under DEC-006; no temporal fitting window applied.
AT2020ysg,r,59050.18284719996,FLUX,3.8171356643232895e-05,5.943944760249878e-06,,,,AT2020ysg.json,389,finite(flux) AND finite(flux_err) AND flux_err > 0,True,Measurement-level observation eligible under DEC-006; no temporal fitting window applied.
AT2020ysg,r,59052.16657410003,FLUX,3.0326096378461195e-05,9.152040006277862e-06,,,,AT2020ysg.json,390,finite(flux) AND finite(flux_err) AND flux_err > 0,True,Measurement-level observation eligible under DEC-006; no temporal fitting window applied.
AT2020ysg,r,59052.179212999996,FLUX,3.616185758536995e-05,5.4463190329268915e-06,,,,AT2020ysg.json,391,finite(flux) AND finite(flux_err) AND flux_err > 0,True,Measurement-level observation eligible under DEC-006; no temporal fitting window applied.
AT2020ysg,r,59052.18405089993,FLUX,2.2027634898634007e-05,5.855350126919461e-06,,,,AT2020ysg.json,392,finite(flux) AND finite(flux_err) AND flux_err > 0,True,Measurement-level observation eligible under DEC-006; no temporal fitting window applied.
AT2020ysg,r,59052.18888889998,FLUX,4.053988748299463e-05,5.298245055608017e-06,,,,AT2020ysg.json,393,finite(flux) AND finite(flux_err) AND flux_err > 0,True,Measurement-level observation eligible under DEC-006; no temporal fitting window applied.
AT2020ysg,r,59056.1710994998,FLUX,4.3395124298182614e-05,6.868646967936389e-06,,,,AT2020ysg.json,394,finite(flux) AND finite(flux_err) AND flux_err > 0,True,Measurement-level observation eligible under DEC-006; no temporal fitting window applied.
AT2020ysg,r,59056.17598380009,FLUX,4.22380308404294e-05,6.627058882050893e-06,,,,AT2020ysg.json,395,finite(flux) AND finite(flux_err) AND flux_err > 0,True,Measurement-level observation eligible under DEC-006; no temporal fitting window applied.
AT2020ysg,r,59056.18086809991,FLUX,3.924151877783058e-05,6.820821985303261e-06,,,,AT2020ysg.json,396,finite(flux) AND finite(flux_err) AND flux_err > 0,True,Measurement-level observation eligible under DEC-006; no temporal fitting window applied.
AT2020ysg,r,59137.53096059989,FLUX,9.584897579737988e-05,5.806760074297152e-06,,,,AT2020ysg.json,397,finite(flux) AND finite(flux_err) AND flux_err > 0,True,Measurement-level observation eligible under DEC-006; no temporal fitting window applied.
AT2020ysg,r,59137.53565970017,FLUX,0.00010514842291257776,7.282371799221211e-06,,,,AT2020ysg.json,398,finite(flux) AND finite(flux_err) AND flux_err > 0,True,Measurement-level observation eligible under DEC-006; no temporal fitting window applied.
AT2020ysg,r,59141.522419000044,FLUX,9.548542393518435e-05,3.783192840265828e-06,,,,AT2020ysg.json,399,finite(flux) AND finite(flux_err) AND flux_err > 0,True,Measurement-level observation eligible under DEC-006; no temporal fitting window applied.
AT2020ysg,r,59141.5271528,FLUX,9.916589260346697e-05,4.0917143534200165e-06,,,,AT2020ysg.json,400,finite(flux) AND finite(flux_err) AND flux_err > 0,True,Measurement-level observation eligible under DEC-006; no temporal fitting window applied.
AT2020ysg,r,59141.53187499987,FLUX,9.303583267530305e-05,3.956748632063713e-06,,,,AT2020ysg.json,401,finite(flux) AND finite(flux_err) AND flux_err > 0,True,Measurement-level observation eligible under DEC-006; no temporal fitting window applied.
AT2020ysg,r,59141.536597200204,FLUX,9.673127586222528e-05,5.169116538794789e-06,,,,AT2020ysg.json,402,finite(flux) AND finite(flux_err) AND flux_err > 0,True,Measurement-level observation eligible under DEC-006; no temporal fitting window applied.
AT2020ysg,r,59141.54133100016,FLUX,8.623524850834719e-05,7.318500058893234e-06,,,,AT2020ysg.json,403,finite(flux) AND finite(flux_err) AND flux_err > 0,True,Measurement-level observation eligible under DEC-006; no temporal fitting window applied.
AT2020ysg,r,59143.52491899999,FLUX,9.104070718967957e-05,3.3768767892947452e-06,,,,AT2020ysg.json,404,finite(flux) AND finite(flux_err) AND flux_err > 0,True,Measurement-level observation eligible under DEC-006; no temporal fitting window applied.
AT2020ysg,r,59143.5295833,FLUX,9.34238009475168e-05,3.6348965214913004e-06,,,,AT2020ysg.json,405,finite(flux) AND finite(flux_err) AND flux_err > 0,True,Measurement-level observation eligible under DEC-006; no temporal fitting window applied.
AT2020ysg,r,59143.53425930021,FLUX,9.761832863231351e-05,4.1392159733042605e-06,,,,AT2020ysg.json,406,finite(flux) AND finite(flux_err) AND flux_err > 0,True,Measurement-level observation eligible under DEC-006; no temporal fitting window applied.
AT2020ysg,r,59143.538935199846,FLUX,8.599893213762711e-05,5.093634974243398e-06,,,,AT2020ysg.json,407,finite(flux) AND finite(flux_err) AND flux_err > 0,True,Measurement-level observation eligible under DEC-006; no temporal fitting window applied.
AT2020ysg,r,59145.523333299905,FLUX,9.044477650257336e-05,3.762483995346227e-06,,,,AT2020ysg.json,408,finite(flux) AND finite(flux_err) AND flux_err > 0,True,Measurement-level observation eligible under DEC-006; no temporal fitting window applied.
AT2020ysg,r,59145.52809030004,FLUX,9.670934302199723e-05,3.829368058402898e-06,,,,AT2020ysg.json,409,finite(flux) AND finite(flux_err) AND flux_err > 0,True,Measurement-level observation eligible under DEC-006; no temporal fitting window applied.
AT2020ysg,r,59145.532847200055,FLUX,8.882957136242058e-05,4.091317822879057e-06,,,,AT2020ysg.json,410,finite(flux) AND finite(flux_err) AND flux_err > 0,True,Measurement-level observation eligible under DEC-006; no temporal fitting window applied.
AT2020ysg,r,59145.53760420019,FLUX,8.997021295011042e-05,4.651231781608829e-06,,,,AT2020ysg.json,411,finite(flux) AND finite(flux_err) AND flux_err > 0,True,Measurement-level observation eligible under DEC-006; no temporal fitting window applied.
AT2020ysg,r,59145.542349500116,FLUX,8.439648834121691e-05,6.97481793245084e-06,,,,AT2020ysg.json,412,finite(flux) AND finite(flux_err) AND flux_err > 0,True,Measurement-level observation eligible under DEC-006; no temporal fitting window applied.
AT2020ysg,r,59150.5454051001,FLUX,7.674520257506078e-05,8.087526539816138e-06,,,,AT2020ysg.json,414,finite(flux) AND finite(flux_err) AND flux_err > 0,True,Measurement-level observation eligible under DEC-006; no temporal fitting window applied.
AT2020ysg,r,59152.49168979982,FLUX,7.098996254430207e-05,8.400752069636479e-06,,,,AT2020ysg.json,415,finite(flux) AND finite(flux_err) AND flux_err > 0,True,Measurement-level observation eligible under DEC-006; no temporal fitting window applied.
AT2020ysg,r,59155.48850690015,FLUX,9.726330024381503e-05,5.991666221736677e-06,,,,AT2020ysg.json,417,finite(flux) AND finite(flux_err) AND flux_err > 0,True,Measurement-level observation eligible under DEC-006; no temporal fitting window applied.
AT2020ysg,r,59157.49416670017,FLUX,7.270679795360093e-05,6.159382765953035e-06,,,,AT2020ysg.json,418,finite(flux) AND finite(flux_err) AND flux_err > 0,True,Measurement-level observation eligible under DEC-006; no temporal fitting window applied.
AT2020ysg,r,59159.49210650008,FLUX,9.311786715996746e-05,5.211211805262722e-06,,,,AT2020ysg.json,419,finite(flux) AND finite(flux_err) AND flux_err > 0,True,Measurement-level observation eligible under DEC-006; no temporal fitting window applied.
AT2020ysg,r,59165.4858448999,FLUX,8.114761236394386e-05,3.4298732662783043e-06,,,,AT2020ysg.json,420,finite(flux) AND finite(flux_err) AND flux_err > 0,True,Measurement-level observation eligible under DEC-006; no temporal fitting window applied.
AT2020ysg,r,59168.53722220007,FLUX,8.305085314164591e-05,3.5938792033011516e-06,,,,AT2020ysg.json,423,finite(flux) AND finite(flux_err) AND flux_err > 0,True,Measurement-level observation eligible under DEC-006; no temporal fitting window applied.
AT2020ysg,r,59170.54777779989,FLUX,8.533643040897797e-05,3.7208097964157246e-06,,,,AT2020ysg.json,425,finite(flux) AND finite(flux_err) AND flux_err > 0,True,Measurement-level observation eligible under DEC-006; no temporal fitting window applied.
AT2020ysg,r,59176.55313660018,FLUX,7.339295654635244e-05,3.3202728887459083e-06,,,,AT2020ysg.json,428,finite(flux) AND finite(flux_err) AND flux_err > 0,True,Measurement-level observation eligible under DEC-006; no temporal fitting window applied.
AT2020ysg,r,59181.493773099966,FLUX,6.131610636608137e-05,5.448678078294363e-06,,,,AT2020ysg.json,430,finite(flux) AND finite(flux_err) AND flux_err > 0,True,Measurement-level observation eligible under DEC-006; no temporal fitting window applied.
AT2020ysg,r,59184.508564800024,FLUX,6.681855745092995e-05,5.417697524629301e-06,,,,AT2020ysg.json,432,finite(flux) AND finite(flux_err) AND flux_err > 0,True,Measurement-level observation eligible under DEC-006; no temporal fitting window applied.
AT2020ysg,r,59184.510011599865,FLUX,6.714459548694668e-05,4.880571207370176e-06,,,,AT2020ysg.json,433,finite(flux) AND finite(flux_err) AND flux_err > 0,True,Measurement-level observation eligible under DEC-006; no temporal fitting window applied.
AT2020ysg,r,59185.52841439983,FLUX,5.378175854183115e-05,4.1622128289003665e-06,,,,AT2020ysg.json,435,finite(flux) AND finite(flux_err) AND flux_err > 0,True,Measurement-level observation eligible under DEC-006; no temporal fitting window applied.
AT2020ysg,r,59187.49072920019,FLUX,6.320034220421794e-05,7.551014180910795e-06,,,,AT2020ysg.json,436,finite(flux) AND finite(flux_err) AND flux_err > 0,True,Measurement-level observation eligible under DEC-006; no temporal fitting window applied.
AT2020ysg,r,59193.53607639996,FLUX,6.708404976989517e-05,2.8187235854077592e-06,,,,AT2020ysg.json,441,finite(flux) AND finite(flux_err) AND flux_err > 0,True,Measurement-level observation eligible under DEC-006; no temporal fitting window applied.
AT2020ysg,r,59194.51751160016,FLUX,5.3590978220566555e-05,2.8284562087724158e-06,,,,AT2020ysg.json,442,finite(flux) AND finite(flux_err) AND flux_err > 0,True,Measurement-level observation eligible under DEC-006; no temporal fitting window applied.
AT2020ysg,r,59198.48612269992,FLUX,6.35764544692248e-05,3.3808824603918264e-06,,,,AT2020ysg.json,444,finite(flux) AND finite(flux_err) AND flux_err > 0,True,Measurement-level observation eligible under DEC-006; no temporal fitting window applied.
AT2020ysg,r,59203.4847569,FLUX,6.041103629505741e-05,3.3135845076621106e-06,,,,AT2020ysg.json,449,finite(flux) AND finite(flux_err) AND flux_err > 0,True,Measurement-level observation eligible under DEC-006; no temporal fitting window applied.
AT2020ysg,r,59215.4440394002,FLUX,5.3568229254508036e-05,7.823151344988936e-06,,,,AT2020ysg.json,450,finite(flux) AND finite(flux_err) AND flux_err > 0,True,Measurement-level observation eligible under DEC-006; no temporal fitting window applied.
AT2020ysg,r,59219.47599539999,FLUX,5.792327531022345e-05,4.230824469574936e-06,,,,AT2020ysg.json,455,finite(flux) AND finite(flux_err) AND flux_err > 0,True,Measurement-level observation eligible under DEC-006; no temporal fitting window applied.
AT2020ysg,r,59221.42689809995,FLUX,5.2895626946795587e-05,3.7589415859638757e-06,,,,AT2020ysg.json,456,finite(flux) AND finite(flux_err) AND flux_err > 0,True,Measurement-level observation eligible under DEC-006; no temporal fitting window applied.
AT2020ysg,r,59223.46938659996,FLUX,5.19121370293439e-05,3.6074578615563225e-06,,,,AT2020ysg.json,459,finite(flux) AND finite(flux_err) AND flux_err > 0,True,Measurement-level observation eligible under DEC-006; no temporal fitting window applied.
AT2020ysg,r,59225.41165510006,FLUX,5.3652283467249044e-05,3.3249540337742224e-06,,,,AT2020ysg.json,460,finite(flux) AND finite(flux_err) AND flux_err > 0,True,Measurement-level observation eligible under DEC-006; no temporal fitting window applied.
AT2020ysg,r,59229.432430599816,FLUX,4.9872702679645854e-05,4.057305120396645e-06,,,,AT2020ysg.json,465,finite(flux) AND finite(flux_err) AND flux_err > 0,True,Measurement-level observation eligible under DEC-006; no temporal fitting window applied.
AT2020ysg,r,59231.46443289984,FLUX,4.5619711829036624e-05,2.4333873902253926e-06,,,,AT2020ysg.json,467,finite(flux) AND finite(flux_err) AND flux_err > 0,True,Measurement-level observation eligible under DEC-006; no temporal fitting window applied.
AT2020ysg,r,59248.42094910005,FLUX,4.5708271330914784e-05,3.224210764814443e-06,,,,AT2020ysg.json,469,finite(flux) AND finite(flux_err) AND flux_err > 0,True,Measurement-level observation eligible under DEC-006; no temporal fitting window applied.
AT2020ysg,r,59250.379247699864,FLUX,4.377379616831526e-05,3.1513511180049767e-06,,,,AT2020ysg.json,472,finite(flux) AND finite(flux_err) AND flux_err > 0,True,Measurement-level observation eligible under DEC-006; no temporal fitting window applied.
AT2020ysg,r,59252.32024310017,FLUX,5.135000363867813e-05,2.5749701932631423e-06,,,,AT2020ysg.json,474,finite(flux) AND finite(flux_err) AND flux_err > 0,True,Measurement-level observation eligible under DEC-006; no temporal fitting window applied.
AT2020ysg,r,59254.399756900035,FLUX,3.658118995751845e-05,2.123809775923292e-06,,,,AT2020ysg.json,477,finite(flux) AND finite(flux_err) AND flux_err > 0,True,Measurement-level observation eligible under DEC-006; no temporal fitting window applied.
AT2020ysg,r,59256.39815969998,FLUX,4.628498770062192e-05,2.3296449390615435e-06,,,,AT2020ysg.json,478,finite(flux) AND finite(flux_err) AND flux_err > 0,True,Measurement-level observation eligible under DEC-006; no temporal fitting window applied.
AT2020ysg,r,59262.346874999814,FLUX,4.00420361908132e-05,2.395413744768399e-06,,,,AT2020ysg.json,480,finite(flux) AND finite(flux_err) AND flux_err > 0,True,Measurement-level observation eligible under DEC-006; no temporal fitting window applied.
AT2020ysg,r,59264.37151619978,FLUX,4.665424931618978e-05,2.371452646381965e-06,,,,AT2020ysg.json,484,finite(flux) AND finite(flux_err) AND flux_err > 0,True,Measurement-level observation eligible under DEC-006; no temporal fitting window applied.
AT2020ysg,r,59266.36163190007,FLUX,4.0883718720642816e-05,4.407180150294941e-06,,,,AT2020ysg.json,485,finite(flux) AND finite(flux_err) AND flux_err > 0,True,Measurement-level observation eligible under DEC-006; no temporal fitting window applied.
AT2020ysg,r,59268.35016199993,FLUX,5.144706576434447e-05,3.7259544774446033e-06,,,,AT2020ysg.json,487,finite(flux) AND finite(flux_err) AND flux_err > 0,True,Measurement-level observation eligible under DEC-006; no temporal fitting window applied.
AT2020ysg,r,59270.34060190013,FLUX,4.3629166116705154e-05,6.606236596168249e-06,,,,AT2020ysg.json,489,finite(flux) AND finite(flux_err) AND flux_err > 0,True,Measurement-level observation eligible under DEC-006; no temporal fitting window applied.
AT2020ysg,r,59275.336458299775,FLUX,4.2832259908816196e-05,5.4402070513470195e-06,,,,AT2020ysg.json,494,finite(flux) AND finite(flux_err) AND flux_err > 0,True,Measurement-level observation eligible under DEC-006; no temporal fitting window applied.
AT2020ysg,r,59275.34518520022,FLUX,4.729153638848635e-05,5.5631149761531286e-06,,,,AT2020ysg.json,495,finite(flux) AND finite(flux_err) AND flux_err > 0,True,Measurement-level observation eligible under DEC-006; no temporal fitting window applied.
AT2020ysg,r,59276.352291699965,FLUX,4.108515036337329e-05,4.115138498656204e-06,,,,AT2020ysg.json,497,finite(flux) AND finite(flux_err) AND flux_err > 0,True,Measurement-level observation eligible under DEC-006; no temporal fitting window applied.
AT2020ysg,r,59276.39995370014,FLUX,3.605214524322333e-05,3.879393265925809e-06,,,,AT2020ysg.json,498,finite(flux) AND finite(flux_err) AND flux_err > 0,True,Measurement-level observation eligible under DEC-006; no temporal fitting window applied.
AT2020ysg,r,59278.29047450004,FLUX,4.0881302094412904e-05,2.972276054104189e-06,,,,AT2020ysg.json,501,finite(flux) AND finite(flux_err) AND flux_err > 0,True,Measurement-level observation eligible under DEC-006; no temporal fitting window applied.
AT2020ysg,r,59278.425567099825,FLUX,5.1283977838479794e-05,3.6621244692255414e-06,,,,AT2020ysg.json,504,finite(flux) AND finite(flux_err) AND flux_err > 0,True,Measurement-level observation eligible under DEC-006; no temporal fitting window applied.
AT2020ysg,r,59278.46091439994,FLUX,4.10124646106702e-05,3.9179691877163406e-06,,,,AT2020ysg.json,505,finite(flux) AND finite(flux_err) AND flux_err > 0,True,Measurement-level observation eligible under DEC-006; no temporal fitting window applied.
AT2020ysg,r,59280.28408560017,FLUX,4.127938433675962e-05,2.1912377314530496e-06,,,,AT2020ysg.json,507,finite(flux) AND finite(flux_err) AND flux_err > 0,True,Measurement-level observation eligible under DEC-006; no temporal fitting window applied.
AT2020ysg,r,59280.29805559991,FLUX,4.1719678118395575e-05,2.7069151889246126e-06,,,,AT2020ysg.json,508,finite(flux) AND finite(flux_err) AND flux_err > 0,True,Measurement-level observation eligible under DEC-006; no temporal fitting window applied.
AT2020ysg,r,59281.24304400012,FLUX,3.9330234523463364e-05,3.053751093342762e-06,,,,AT2020ysg.json,509,finite(flux) AND finite(flux_err) AND flux_err > 0,True,Measurement-level observation eligible under DEC-006; no temporal fitting window applied.
AT2020ysg,r,59281.29017359996,FLUX,4.131876016754453e-05,2.4353430555684284e-06,,,,AT2020ysg.json,510,finite(flux) AND finite(flux_err) AND flux_err > 0,True,Measurement-level observation eligible under DEC-006; no temporal fitting window applied.
AT2020ysg,r,59281.2911111,FLUX,3.7365185241119155e-05,2.497293954778874e-06,,,,AT2020ysg.json,511,finite(flux) AND finite(flux_err) AND flux_err > 0,True,Measurement-level observation eligible under DEC-006; no temporal fitting window applied.
AT2020ysg,r,59290.25666669989,FLUX,4.381428925763128e-05,2.637866011537833e-06,,,,AT2020ysg.json,513,finite(flux) AND finite(flux_err) AND flux_err > 0,True,Measurement-level observation eligible under DEC-006; no temporal fitting window applied.
AT2020ysg,r,59290.34197920002,FLUX,3.815798023989884e-05,2.2791891316174715e-06,,,,AT2020ysg.json,515,finite(flux) AND finite(flux_err) AND flux_err > 0,True,Measurement-level observation eligible under DEC-006; no temporal fitting window applied.
AT2020ysg,r,59291.239756899886,FLUX,4.181016799204708e-05,2.6096070033892075e-06,,,,AT2020ysg.json,517,finite(flux) AND finite(flux_err) AND flux_err > 0,True,Measurement-level observation eligible under DEC-006; no temporal fitting window applied.
AT2020ysg,r,59291.33707180014,FLUX,4.260952702514591e-05,2.5160039739834692e-06,,,,AT2020ysg.json,521,finite(flux) AND finite(flux_err) AND flux_err > 0,True,Measurement-level observation eligible under DEC-006; no temporal fitting window applied.
AT2020ysg,r,59291.356527800206,FLUX,3.639711283577605e-05,2.6701030852311753e-06,,,,AT2020ysg.json,522,finite(flux) AND finite(flux_err) AND flux_err > 0,True,Measurement-level observation eligible under DEC-006; no temporal fitting window applied.
AT2020ysg,r,59292.255636599846,FLUX,3.762229157040011e-05,2.8466434791285113e-06,,,,AT2020ysg.json,523,finite(flux) AND finite(flux_err) AND flux_err > 0,True,Measurement-level observation eligible under DEC-006; no temporal fitting window applied.
AT2020ysg,r,59292.38041670015,FLUX,3.959577496750537e-05,2.5705166709978623e-06,,,,AT2020ysg.json,525,finite(flux) AND finite(flux_err) AND flux_err > 0,True,Measurement-level observation eligible under DEC-006; no temporal fitting window applied.
AT2020ysg,r,59293.23583329981,FLUX,3.67077356601883e-05,2.9304153052693754e-06,,,,AT2020ysg.json,526,finite(flux) AND finite(flux_err) AND flux_err > 0,True,Measurement-level observation eligible under DEC-006; no temporal fitting window applied.
AT2020ysg,r,59293.23677079985,FLUX,3.448137690251166e-05,2.838669107467733e-06,,,,AT2020ysg.json,527,finite(flux) AND finite(flux_err) AND flux_err > 0,True,Measurement-level observation eligible under DEC-006; no temporal fitting window applied.
AT2020ysg,r,59293.270416699816,FLUX,3.820338470514287e-05,2.7519631693498333e-06,,,,AT2020ysg.json,528,finite(flux) AND finite(flux_err) AND flux_err > 0,True,Measurement-level observation eligible under DEC-006; no temporal fitting window applied.
AT2020ysg,r,59294.273321799934,FLUX,3.396707537141049e-05,4.306964112710494e-06,,,,AT2020ysg.json,532,finite(flux) AND finite(flux_err) AND flux_err > 0,True,Measurement-level observation eligible under DEC-006; no temporal fitting window applied.
AT2020ysg,r,59294.31976850005,FLUX,4.814332221078422e-05,3.9282542247755155e-06,,,,AT2020ysg.json,533,finite(flux) AND finite(flux_err) AND flux_err > 0,True,Measurement-level observation eligible under DEC-006; no temporal fitting window applied.
AT2020ysg,r,59295.2651157002,FLUX,3.5965206822920646e-05,4.393553854746885e-06,,,,AT2020ysg.json,534,finite(flux) AND finite(flux_err) AND flux_err > 0,True,Measurement-level observation eligible under DEC-006; no temporal fitting window applied.
AT2020ysg,r,59296.24640050018,FLUX,3.898174613960016e-05,6.433147472413362e-06,,,,AT2020ysg.json,537,finite(flux) AND finite(flux_err) AND flux_err > 0,True,Measurement-level observation eligible under DEC-006; no temporal fitting window applied.
AT2020ysg,r,59296.3601505002,FLUX,4.225970463546637e-05,5.405975149300273e-06,,,,AT2020ysg.json,541,finite(flux) AND finite(flux_err) AND flux_err > 0,True,Measurement-level observation eligible under DEC-006; no temporal fitting window applied.
AT2020ysg,r,59296.36108799977,FLUX,4.072962186117869e-05,6.066333653242711e-06,,,,AT2020ysg.json,542,finite(flux) AND finite(flux_err) AND flux_err > 0,True,Measurement-level observation eligible under DEC-006; no temporal fitting window applied.
AT2020ysg,r,59297.27405089978,FLUX,2.9110900363415393e-05,6.16807536707508e-06,,,,AT2020ysg.json,543,finite(flux) AND finite(flux_err) AND flux_err > 0,True,Measurement-level observation eligible under DEC-006; no temporal fitting window applied.
AT2020ysg,r,59302.21262730006,FLUX,3.772179943515864e-05,7.205925044957476e-06,,,,AT2020ysg.json,544,finite(flux) AND finite(flux_err) AND flux_err > 0,True,Measurement-level observation eligible under DEC-006; no temporal fitting window applied.
AT2020ysg,r,59302.26321760006,FLUX,4.280287221365143e-05,7.0898305667226584e-06,,,,AT2020ysg.json,545,finite(flux) AND finite(flux_err) AND flux_err > 0,True,Measurement-level observation eligible under DEC-006; no temporal fitting window applied.
AT2020ysg,r,59304.277083300054,FLUX,2.4084484682256903e-05,6.039335679947452e-06,,,,AT2020ysg.json,550,finite(flux) AND finite(flux_err) AND flux_err > 0,True,Measurement-level observation eligible under DEC-006; no temporal fitting window applied.
AT2020ysg,r,59304.28763889987,FLUX,2.857221650064694e-05,5.494184037307196e-06,,,,AT2020ysg.json,551,finite(flux) AND finite(flux_err) AND flux_err > 0,True,Measurement-level observation eligible under DEC-006; no temporal fitting window applied.
AT2020ysg,r,59304.363576400094,FLUX,2.815786667281951e-05,7.406458686069058e-06,,,,AT2020ysg.json,552,finite(flux) AND finite(flux_err) AND flux_err > 0,True,Measurement-level observation eligible under DEC-006; no temporal fitting window applied.
AT2020ysg,r,59305.34114579996,FLUX,3.422642251077977e-05,3.916749910674636e-06,,,,AT2020ysg.json,553,finite(flux) AND finite(flux_err) AND flux_err > 0,True,Measurement-level observation eligible under DEC-006; no temporal fitting window applied.
AT2020ysg,r,59307.24543979997,FLUX,3.9481762330244046e-05,2.3122150018483757e-06,,,,AT2020ysg.json,555,finite(flux) AND finite(flux_err) AND flux_err > 0,True,Measurement-level observation eligible under DEC-006; no temporal fitting window applied.
AT2020ysg,r,59309.25422450015,FLUX,3.07053746149103e-05,3.072828474130212e-06,,,,AT2020ysg.json,559,finite(flux) AND finite(flux_err) AND flux_err > 0,True,Measurement-level observation eligible under DEC-006; no temporal fitting window applied.
AT2020ysg,r,59311.17233800003,FLUX,3.2121014209343276e-05,3.067660661086506e-06,,,,AT2020ysg.json,560,finite(flux) AND finite(flux_err) AND flux_err > 0,True,Measurement-level observation eligible under DEC-006; no temporal fitting window applied.
AT2020ysg,r,59311.17328700004,FLUX,3.043108404898119e-05,2.9650689954476036e-06,,,,AT2020ysg.json,561,finite(flux) AND finite(flux_err) AND flux_err > 0,True,Measurement-level observation eligible under DEC-006; no temporal fitting window applied.
AT2020ysg,r,59313.21504630009,FLUX,3.4068451730645227e-05,3.6942042385137175e-06,,,,AT2020ysg.json,566,finite(flux) AND finite(flux_err) AND flux_err > 0,True,Measurement-level observation eligible under DEC-006; no temporal fitting window applied.
AT2020ysg,r,59313.22741900012,FLUX,3.1326099419632775e-05,2.2002780920575335e-06,,,,AT2020ysg.json,567,finite(flux) AND finite(flux_err) AND flux_err > 0,True,Measurement-level observation eligible under DEC-006; no temporal fitting window applied.
AT2020ysg,r,59314.27125000022,FLUX,3.368402747366774e-05,2.7023904723994534e-06,,,,AT2020ysg.json,570,finite(flux) AND finite(flux_err) AND flux_err > 0,True,Measurement-level observation eligible under DEC-006; no temporal fitting window applied.
AT2020ysg,r,59316.29256939981,FLUX,2.6759475540351277e-05,2.487508014782798e-06,,,,AT2020ysg.json,574,finite(flux) AND finite(flux_err) AND flux_err > 0,True,Measurement-level observation eligible under DEC-006; no temporal fitting window applied.
AT2020ysg,r,59317.19501159992,FLUX,2.76385768148454e-05,2.227888520766027e-06,,,,AT2020ysg.json,577,finite(flux) AND finite(flux_err) AND flux_err > 0,True,Measurement-level observation eligible under DEC-006; no temporal fitting window applied.
AT2020ysg,r,59317.19594909996,FLUX,3.0042261440787e-05,2.2259611658505397e-06,,,,AT2020ysg.json,578,finite(flux) AND finite(flux_err) AND flux_err > 0,True,Measurement-level observation eligible under DEC-006; no temporal fitting window applied.
AT2020ysg,r,59321.28943290003,FLUX,3.177354102276413e-05,2.2511845824131457e-06,,,,AT2020ysg.json,581,finite(flux) AND finite(flux_err) AND flux_err > 0,True,Measurement-level observation eligible under DEC-006; no temporal fitting window applied.
AT2020ysg,r,59323.32034720015,FLUX,3.21746771282355e-05,3.2977966715583212e-06,,,,AT2020ysg.json,584,finite(flux) AND finite(flux_err) AND flux_err > 0,True,Measurement-level observation eligible under DEC-006; no temporal fitting window applied.
AT2020ysg,r,59325.258333299775,FLUX,2.0949897354826678e-05,3.673001073687653e-06,,,,AT2020ysg.json,586,finite(flux) AND finite(flux_err) AND flux_err > 0,True,Measurement-level observation eligible under DEC-006; no temporal fitting window applied.
AT2020ysg,r,59329.23531250004,FLUX,2.8577566777914347e-05,6.31690096853005e-06,,,,AT2020ysg.json,588,finite(flux) AND finite(flux_err) AND flux_err > 0,True,Measurement-level observation eligible under DEC-006; no temporal fitting window applied.
AT2020ysg,r,59329.236250000075,FLUX,2.640454226642262e-05,6.4934543565931405e-06,,,,AT2020ysg.json,589,finite(flux) AND finite(flux_err) AND flux_err > 0,True,Measurement-level observation eligible under DEC-006; no temporal fitting window applied.
AT2020ysg,r,59335.20770830009,FLUX,2.9973777611499822e-05,3.4733374352737346e-06,,,,AT2020ysg.json,592,finite(flux) AND finite(flux_err) AND flux_err > 0,True,Measurement-level observation eligible under DEC-006; no temporal fitting window applied.
AT2020ysg,r,59335.20863430016,FLUX,4.0367931479403906e-05,3.4688645235185215e-06,,,,AT2020ysg.json,593,finite(flux) AND finite(flux_err) AND flux_err > 0,True,Measurement-level observation eligible under DEC-006; no temporal fitting window applied.
AT2020ysg,r,59336.30957179982,FLUX,2.1614391764480174e-05,2.4782378219613707e-06,,,,AT2020ysg.json,597,finite(flux) AND finite(flux_err) AND flux_err > 0,True,Measurement-level observation eligible under DEC-006; no temporal fitting window applied.
AT2020ysg,r,59338.23811340006,FLUX,2.5959886573022184e-05,2.7262064891372464e-06,,,,AT2020ysg.json,598,finite(flux) AND finite(flux_err) AND flux_err > 0,True,Measurement-level observation eligible under DEC-006; no temporal fitting window applied.
AT2020ysg,r,59338.23903940013,FLUX,2.8374252762592503e-05,2.4696615555855355e-06,,,,AT2020ysg.json,599,finite(flux) AND finite(flux_err) AND flux_err > 0,True,Measurement-level observation eligible under DEC-006; no temporal fitting window applied.
AT2020ysg,r,59339.25699070003,FLUX,3.114397375910922e-05,2.548926596123273e-06,,,,AT2020ysg.json,604,finite(flux) AND finite(flux_err) AND flux_err > 0,True,Measurement-level observation eligible under DEC-006; no temporal fitting window applied.
AT2020ysg,r,59340.25668979995,FLUX,2.2074812908367962e-05,2.288109143276788e-06,,,,AT2020ysg.json,607,finite(flux) AND finite(flux_err) AND flux_err > 0,True,Measurement-level observation eligible under DEC-006; no temporal fitting window applied.
AT2020ysg,r,59340.2576156999,FLUX,2.542671629208068e-05,2.481884993339399e-06,,,,AT2020ysg.json,608,finite(flux) AND finite(flux_err) AND flux_err > 0,True,Measurement-level observation eligible under DEC-006; no temporal fitting window applied.
AT2020ysg,r,59341.190787000116,FLUX,2.3520613899554355e-05,2.4603671543531884e-06,,,,AT2020ysg.json,609,finite(flux) AND finite(flux_err) AND flux_err > 0,True,Measurement-level observation eligible under DEC-006; no temporal fitting window applied.
AT2020ysg,r,59342.25746530015,FLUX,2.827096275122986e-05,2.413502541130354e-06,,,,AT2020ysg.json,612,finite(flux) AND finite(flux_err) AND flux_err > 0,True,Measurement-level observation eligible under DEC-006; no temporal fitting window applied.
AT2020ysg,r,59343.192847200204,FLUX,2.6981585133983887e-05,2.2529644368777616e-06,,,,AT2020ysg.json,613,finite(flux) AND finite(flux_err) AND flux_err > 0,True,Measurement-level observation eligible under DEC-006; no temporal fitting window applied.
AT2020ysg,r,59344.22274310002,FLUX,2.2896057239167872e-05,2.373849615338238e-06,,,,AT2020ysg.json,615,finite(flux) AND finite(flux_err) AND flux_err > 0,True,Measurement-level observation eligible under DEC-006; no temporal fitting window applied.
AT2020ysg,r,59344.22368060006,FLUX,2.2772525117320813e-05,2.2250576826607527e-06,,,,AT2020ysg.json,616,finite(flux) AND finite(flux_err) AND flux_err > 0,True,Measurement-level observation eligible under DEC-006; no temporal fitting window applied.
AT2020ysg,r,59346.291562499944,FLUX,2.7766582767978285e-05,2.7814921157309118e-06,,,,AT2020ysg.json,619,finite(flux) AND finite(flux_err) AND flux_err > 0,True,Measurement-level observation eligible under DEC-006; no temporal fitting window applied.
AT2020ysg,r,59348.19575229986,FLUX,2.6798062614969467e-05,2.545623900347465e-06,,,,AT2020ysg.json,622,finite(flux) AND finite(flux_err) AND flux_err > 0,True,Measurement-level observation eligible under DEC-006; no temporal fitting window applied.
AT2020ysg,r,59348.20858799992,FLUX,2.358510523724881e-05,2.520235615660655e-06,,,,AT2020ysg.json,623,finite(flux) AND finite(flux_err) AND flux_err > 0,True,Measurement-level observation eligible under DEC-006; no temporal fitting window applied.
AT2020ysg,r,59350.24502310017,FLUX,1.3940629999739992e-05,3.883437188990016e-06,,,,AT2020ysg.json,630,finite(flux) AND finite(flux_err) AND flux_err > 0,True,Measurement-level observation eligible under DEC-006; no temporal fitting window applied.
AT2020ysg,r,59350.24596060021,FLUX,2.566587248302215e-05,3.903205884989879e-06,,,,AT2020ysg.json,631,finite(flux) AND finite(flux_err) AND flux_err > 0,True,Measurement-level observation eligible under DEC-006; no temporal fitting window applied.
AT2020ysg,r,59352.24053240009,FLUX,2.2605327211080264e-05,4.173853772004979e-06,,,,AT2020ysg.json,633,finite(flux) AND finite(flux_err) AND flux_err > 0,True,Measurement-level observation eligible under DEC-006; no temporal fitting window applied.
AT2020ysg,r,59353.17855319986,FLUX,2.6172689969746203e-05,3.5050988079733308e-06,,,,AT2020ysg.json,634,finite(flux) AND finite(flux_err) AND flux_err > 0,True,Measurement-level observation eligible under DEC-006; no temporal fitting window applied.
AT2020ysg,r,59356.25778939994,FLUX,3.232528889859831e-05,6.000041520699196e-06,,,,AT2020ysg.json,638,finite(flux) AND finite(flux_err) AND flux_err > 0,True,Measurement-level observation eligible under DEC-006; no temporal fitting window applied.
AT2020ysg,r,59356.25872689998,FLUX,2.5752048247172293e-05,6.1113358985143945e-06,,,,AT2020ysg.json,639,finite(flux) AND finite(flux_err) AND flux_err > 0,True,Measurement-level observation eligible under DEC-006; no temporal fitting window applied.
AT2020ysg,r,59359.19734949991,FLUX,1.1342253583391692e-05,6.8823839693672855e-06,,,,AT2020ysg.json,642,finite(flux) AND finite(flux_err) AND flux_err > 0,True,Measurement-level observation eligible under DEC-006; no temporal fitting window applied.
AT2020ysg,r,59361.19410880003,FLUX,1.2569910433905933e-05,3.690724951241779e-06,,,,AT2020ysg.json,643,finite(flux) AND finite(flux_err) AND flux_err > 0,True,Measurement-level observation eligible under DEC-006; no temporal fitting window applied.
AT2020ysg,r,59362.24062500009,FLUX,2.7035475865386265e-05,4.354928789995261e-06,,,,AT2020ysg.json,646,finite(flux) AND finite(flux_err) AND flux_err > 0,True,Measurement-level observation eligible under DEC-006; no temporal fitting window applied.
AT2020ysg,r,59362.24156250013,FLUX,2.1277674154782454e-05,4.066840833587959e-06,,,,AT2020ysg.json,647,finite(flux) AND finite(flux_err) AND flux_err > 0,True,Measurement-level observation eligible under DEC-006; no temporal fitting window applied.
AT2020ysg,r,59363.20438659983,FLUX,2.4560821858237138e-05,2.5389632987566234e-06,,,,AT2020ysg.json,648,finite(flux) AND finite(flux_err) AND flux_err > 0,True,Measurement-level observation eligible under DEC-006; no temporal fitting window applied.
AT2020ysg,r,59366.192615699954,FLUX,2.8954363198313924e-05,2.7812899348996206e-06,,,,AT2020ysg.json,651,finite(flux) AND finite(flux_err) AND flux_err > 0,True,Measurement-level observation eligible under DEC-006; no temporal fitting window applied.
AT2020ysg,r,59367.1964004999,FLUX,2.230506361342619e-05,2.773378505729804e-06,,,,AT2020ysg.json,653,finite(flux) AND finite(flux_err) AND flux_err > 0,True,Measurement-level observation eligible under DEC-006; no temporal fitting window applied.
AT2020ysg,r,59369.18571759993,FLUX,1.918218141266626e-05,2.1655869718586415e-06,,,,AT2020ysg.json,655,finite(flux) AND finite(flux_err) AND flux_err > 0,True,Measurement-level observation eligible under DEC-006; no temporal fitting window applied.
AT2020ysg,r,59371.21843749983,FLUX,2.0374960507875176e-05,2.5442952367607953e-06,,,,AT2020ysg.json,658,finite(flux) AND finite(flux_err) AND flux_err > 0,True,Measurement-level observation eligible under DEC-006; no temporal fitting window applied.
AT2020ysg,r,59373.22577549983,FLUX,1.7529563541613972e-05,3.1300261174841376e-06,,,,AT2020ysg.json,661,finite(flux) AND finite(flux_err) AND flux_err > 0,True,Measurement-level observation eligible under DEC-006; no temporal fitting window applied.
AT2020ysg,r,59375.21663190005,FLUX,1.893056880560097e-05,3.5141261353795627e-06,,,,AT2020ysg.json,662,finite(flux) AND finite(flux_err) AND flux_err > 0,True,Measurement-level observation eligible under DEC-006; no temporal fitting window applied.
AT2020ysg,r,59377.21476850007,FLUX,1.954445512542394e-05,2.9298252571232733e-06,,,,AT2020ysg.json,664,finite(flux) AND finite(flux_err) AND flux_err > 0,True,Measurement-level observation eligible under DEC-006; no temporal fitting window applied.
AT2020ysg,r,59379.21521990001,FLUX,2.307726109814027e-05,3.0066150096250716e-06,,,,AT2020ysg.json,666,finite(flux) AND finite(flux_err) AND flux_err > 0,True,Measurement-level observation eligible under DEC-006; no temporal fitting window applied.
AT2020ysg,r,59385.216574099846,FLUX,1.475210562954413e-05,6.858396200768351e-06,,,,AT2020ysg.json,669,finite(flux) AND finite(flux_err) AND flux_err > 0,True,Measurement-level observation eligible under DEC-006; no temporal fitting window applied.
AT2020ysg,r,59387.1982522998,FLUX,1.7985894018273056e-05,6.733542329090869e-06,,,,AT2020ysg.json,671,finite(flux) AND finite(flux_err) AND flux_err > 0,True,Measurement-level observation eligible under DEC-006; no temporal fitting window applied.
AT2020ysg,r,59402.21732639987,FLUX,1.161480333263501e-05,5.177391531456201e-06,,,,AT2020ysg.json,672,finite(flux) AND finite(flux_err) AND flux_err > 0,True,Measurement-level observation eligible under DEC-006; no temporal fitting window applied.
AT2020ysg,r,59415.17767360015,FLUX,1.449039046278751e-05,6.87439424801072e-06,,,,AT2020ysg.json,673,finite(flux) AND finite(flux_err) AND flux_err > 0,True,Measurement-level observation eligible under DEC-006; no temporal fitting window applied.
AT2020ysg,r,59415.17862269981,FLUX,1.7397678009436826e-05,7.304258404981937e-06,,,,AT2020ysg.json,674,finite(flux) AND finite(flux_err) AND flux_err > 0,True,Measurement-level observation eligible under DEC-006; no temporal fitting window applied.
AT2020ysg,r,59415.179560199846,FLUX,2.058873407199736e-05,6.987992437087903e-06,,,,AT2020ysg.json,675,finite(flux) AND finite(flux_err) AND flux_err > 0,True,Measurement-level observation eligible under DEC-006; no temporal fitting window applied.
AT2020ysg,r,59415.18050929997,FLUX,2.4420411944990533e-05,6.913710766090028e-06,,,,AT2020ysg.json,676,finite(flux) AND finite(flux_err) AND flux_err > 0,True,Measurement-level observation eligible under DEC-006; no temporal fitting window applied.
AT2020ysg,r,59415.18144680001,FLUX,9.67611665718743e-06,7.164825022444373e-06,,,,AT2020ysg.json,677,finite(flux) AND finite(flux_err) AND flux_err > 0,True,Measurement-level observation eligible under DEC-006; no temporal fitting window applied.
AT2020ysg,r,59423.165648099966,FLUX,1.9299703421540836e-05,8.839176918372245e-06,,,,AT2020ysg.json,678,finite(flux) AND finite(flux_err) AND flux_err > 0,True,Measurement-level observation eligible under DEC-006; no temporal fitting window applied.
AT2020ysg,r,59423.168009299785,FLUX,1.5184082629547257e-05,9.327681967497087e-06,,,,AT2020ysg.json,679,finite(flux) AND finite(flux_err) AND flux_err > 0,True,Measurement-level observation eligible under DEC-006; no temporal fitting window applied.
AT2020ysg,r,59423.17038189992,FLUX,1.2700152242827822e-05,7.621684161603741e-06,,,,AT2020ysg.json,680,finite(flux) AND finite(flux_err) AND flux_err > 0,True,Measurement-level observation eligible under DEC-006; no temporal fitting window applied.
AT2020ysg,r,59424.16692129988,FLUX,2.3541553361266298e-05,7.770013615621348e-06,,,,AT2020ysg.json,681,finite(flux) AND finite(flux_err) AND flux_err > 0,True,Measurement-level observation eligible under DEC-006; no temporal fitting window applied.
AT2020ysg,r,59424.16929400014,FLUX,1.6801103398816698e-06,7.388798673297961e-06,,,,AT2020ysg.json,682,finite(flux) AND finite(flux_err) AND flux_err > 0,True,Measurement-level observation eligible under DEC-006; no temporal fitting window applied.
AT2020ysg,r,59427.16255789995,FLUX,2.0603733918716984e-05,1.033503400224974e-05,,,,AT2020ysg.json,683,finite(flux) AND finite(flux_err) AND flux_err > 0,True,Measurement-level observation eligible under DEC-006; no temporal fitting window applied.
AT2020ysg,r,59427.16493060021,FLUX,1.4754526835816381e-05,9.835312584313502e-06,,,,AT2020ysg.json,684,finite(flux) AND finite(flux_err) AND flux_err > 0,True,Measurement-level observation eligible under DEC-006; no temporal fitting window applied.
AT2020ysg,r,59427.16729169991,FLUX,3.203555060975389e-05,9.128156821448312e-06,,,,AT2020ysg.json,685,finite(flux) AND finite(flux_err) AND flux_err > 0,True,Measurement-level observation eligible under DEC-006; no temporal fitting window applied.
AT2020ysg,r,59427.169664400164,FLUX,1.9957578839479887e-05,8.108193133974734e-06,,,,AT2020ysg.json,686,finite(flux) AND finite(flux_err) AND flux_err > 0,True,Measurement-level observation eligible under DEC-006; no temporal fitting window applied.
AT2020ysg,r,59428.16660880018,FLUX,9.588373777419903e-06,8.961687977054728e-06,,,,AT2020ysg.json,687,finite(flux) AND finite(flux_err) AND flux_err > 0,True,Measurement-level observation eligible under DEC-006; no temporal fitting window applied.
AT2020ysg,r,59428.16896989988,FLUX,1.551098889591864e-05,9.02905168583868e-06,,,,AT2020ysg.json,688,finite(flux) AND finite(flux_err) AND flux_err > 0,True,Measurement-level observation eligible under DEC-006; no temporal fitting window applied.
AT2020ysg,r,59497.527129599825,FLUX,5.877453593333643e-06,7.591019219698426e-06,,,,AT2020ysg.json,689,finite(flux) AND finite(flux_err) AND flux_err > 0,True,Measurement-level observation eligible under DEC-006; no temporal fitting window applied.
AT2020ysg,r,59498.535370400175,FLUX,2.2535947280419213e-05,1.1904998768858227e-05,,,,AT2020ysg.json,690,finite(flux) AND finite(flux_err) AND flux_err > 0,True,Measurement-level observation eligible under DEC-006; no temporal fitting window applied.
AT2020ysg,r,59500.528761600144,FLUX,1.6033404951408866e-05,4.83476282135366e-06,,,,AT2020ysg.json,691,finite(flux) AND finite(flux_err) AND flux_err > 0,True,Measurement-level observation eligible under DEC-006; no temporal fitting window applied.
AT2020ysg,r,59500.53120370023,FLUX,9.565954860652623e-06,5.4926544828615034e-06,,,,AT2020ysg.json,692,finite(flux) AND finite(flux_err) AND flux_err > 0,True,Measurement-level observation eligible under DEC-006; no temporal fitting window applied.
AT2020ysg,r,59500.53364579985,FLUX,1.4240189866760344e-05,6.737506110402787e-06,,,,AT2020ysg.json,693,finite(flux) AND finite(flux_err) AND flux_err > 0,True,Measurement-level observation eligible under DEC-006; no temporal fitting window applied.
AT2020ysg,r,59500.53607639996,FLUX,2.4298268137245135e-05,7.3376884931023814e-06,,,,AT2020ysg.json,694,finite(flux) AND finite(flux_err) AND flux_err > 0,True,Measurement-level observation eligible under DEC-006; no temporal fitting window applied.
AT2020ysg,r,59501.52898149984,FLUX,1.5122275593047393e-05,5.048823297265269e-06,,,,AT2020ysg.json,695,finite(flux) AND finite(flux_err) AND flux_err > 0,True,Measurement-level observation eligible under DEC-006; no temporal fitting window applied.
AT2020ysg,r,59501.53134260001,FLUX,2.0093028544257577e-05,5.2248295169979914e-06,,,,AT2020ysg.json,696,finite(flux) AND finite(flux_err) AND flux_err > 0,True,Measurement-level observation eligible under DEC-006; no temporal fitting window applied.
AT2020ysg,r,59501.533703700174,FLUX,6.553421882938746e-06,5.44565236626313e-06,,,,AT2020ysg.json,697,finite(flux) AND finite(flux_err) AND flux_err > 0,True,Measurement-level observation eligible under DEC-006; no temporal fitting window applied.
AT2020ysg,r,59501.53607639996,FLUX,1.4425458871041282e-05,7.0638545439075604e-06,,,,AT2020ysg.json,698,finite(flux) AND finite(flux_err) AND flux_err > 0,True,Measurement-level observation eligible under DEC-006; no temporal fitting window applied.
AT2020ysg,r,59502.531365700066,FLUX,6.244668717359678e-06,7.3481259430750715e-06,,,,AT2020ysg.json,699,finite(flux) AND finite(flux_err) AND flux_err > 0,True,Measurement-level observation eligible under DEC-006; no temporal fitting window applied.
AT2020ysg,r,59503.53034720011,FLUX,1.3025455391765558e-05,5.725142990689196e-06,,,,AT2020ysg.json,700,finite(flux) AND finite(flux_err) AND flux_err > 0,True,Measurement-level observation eligible under DEC-006; no temporal fitting window applied.
AT2020ysg,r,59503.53508100007,FLUX,1.3342488506208206e-05,6.431696979493837e-06,,,,AT2020ysg.json,701,finite(flux) AND finite(flux_err) AND flux_err > 0,True,Measurement-level observation eligible under DEC-006; no temporal fitting window applied.
AT2020ysg,r,59503.53745369986,FLUX,-6.227097169353482e-06,9.573024341556914e-06,,,,AT2020ysg.json,702,finite(flux) AND finite(flux_err) AND flux_err > 0,True,Measurement-level observation eligible under DEC-006; no temporal fitting window applied.
AT2020ysg,r,59509.52118059993,FLUX,9.945196440072476e-06,5.936064089435806e-06,,,,AT2020ysg.json,703,finite(flux) AND finite(flux_err) AND flux_err > 0,True,Measurement-level observation eligible under DEC-006; no temporal fitting window applied.
AT2020ysg,r,59509.523668999784,FLUX,1.8382290488037183e-05,6.369266195373523e-06,,,,AT2020ysg.json,704,finite(flux) AND finite(flux_err) AND flux_err > 0,True,Measurement-level observation eligible under DEC-006; no temporal fitting window applied.
AT2020ysg,r,59509.52616900019,FLUX,3.71961085567493e-05,6.450096786799817e-06,,,,AT2020ysg.json,705,finite(flux) AND finite(flux_err) AND flux_err > 0,True,Measurement-level observation eligible under DEC-006; no temporal fitting window applied.
AT2020ysg,r,59509.52865740005,FLUX,1.4333326311056734e-05,6.922379842397095e-06,,,,AT2020ysg.json,706,finite(flux) AND finite(flux_err) AND flux_err > 0,True,Measurement-level observation eligible under DEC-006; no temporal fitting window applied.
AT2020ysg,r,59509.53115739999,FLUX,1.1159142053778547e-05,6.389966481280297e-06,,,,AT2020ysg.json,707,finite(flux) AND finite(flux_err) AND flux_err > 0,True,Measurement-level observation eligible under DEC-006; no temporal fitting window applied.
AT2020ysg,r,59517.5485069002,FLUX,-3.230548296419384e-06,7.646487385266016e-06,,,,AT2020ysg.json,709,finite(flux) AND finite(flux_err) AND flux_err > 0,True,Measurement-level observation eligible under DEC-006; no temporal fitting window applied.
AT2020ysg,r,59522.498680599965,FLUX,1.6155407974324334e-05,2.891005241651594e-06,,,,AT2020ysg.json,710,finite(flux) AND finite(flux_err) AND flux_err > 0,True,Measurement-level observation eligible under DEC-006; no temporal fitting window applied.
AT2020ysg,r,59524.47543979995,FLUX,6.576496306926772e-06,3.179381719988182e-06,,,,AT2020ysg.json,711,finite(flux) AND finite(flux_err) AND flux_err > 0,True,Measurement-level observation eligible under DEC-006; no temporal fitting window applied.
AT2020ysg,r,59526.51980319992,FLUX,7.558902679208367e-06,3.144189762553003e-06,,,,AT2020ysg.json,714,finite(flux) AND finite(flux_err) AND flux_err > 0,True,Measurement-level observation eligible under DEC-006; no temporal fitting window applied.
AT2020ysg,r,59529.50030090008,FLUX,8.333080280785308e-06,4.74582549465485e-06,,,,AT2020ysg.json,715,finite(flux) AND finite(flux_err) AND flux_err > 0,True,Measurement-level observation eligible under DEC-006; no temporal fitting window applied.
AT2020ysg,r,59531.44953700015,FLUX,5.031594821333746e-06,3.3796525311392347e-06,,,,AT2020ysg.json,716,finite(flux) AND finite(flux_err) AND flux_err > 0,True,Measurement-level observation eligible under DEC-006; no temporal fitting window applied.
AT2020ysg,r,59536.51695600012,FLUX,1.0047500542780376e-05,5.364945239838017e-06,,,,AT2020ysg.json,720,finite(flux) AND finite(flux_err) AND flux_err > 0,True,Measurement-level observation eligible under DEC-006; no temporal fitting window applied.
AT2020ysg,r,59622.398831000086,FLUX,6.322003178703436e-06,3.973883680540758e-06,,,,AT2020ysg.json,724,finite(flux) AND finite(flux_err) AND flux_err > 0,True,Measurement-level observation eligible under DEC-006; no temporal fitting window applied.
AT2020ysg,r,59622.48331019981,FLUX,9.351538352726057e-06,4.357670106275313e-06,,,,AT2020ysg.json,727,finite(flux) AND finite(flux_err) AND flux_err > 0,True,Measurement-level observation eligible under DEC-006; no temporal fitting window applied.
AT2020ysg,r,59622.484270799905,FLUX,1.555400736343337e-06,4.193227599274515e-06,,,,AT2020ysg.json,728,finite(flux) AND finite(flux_err) AND flux_err > 0,True,Measurement-level observation eligible under DEC-006; no temporal fitting window applied.
AT2020ysg,r,59623.27605320001,FLUX,1.4652432274314847e-05,4.335270765470228e-06,,,,AT2020ysg.json,730,finite(flux) AND finite(flux_err) AND flux_err > 0,True,Measurement-level observation eligible under DEC-006; no temporal fitting window applied.
AT2020ysg,r,59623.397708300035,FLUX,1.0219947336090555e-05,4.690572682441557e-06,,,,AT2020ysg.json,731,finite(flux) AND finite(flux_err) AND flux_err > 0,True,Measurement-level observation eligible under DEC-006; no temporal fitting window applied.
AT2020ysg,r,59624.38479170017,FLUX,8.33889977668769e-06,4.3948012438177055e-06,,,,AT2020ysg.json,735,finite(flux) AND finite(flux_err) AND flux_err > 0,True,Measurement-level observation eligible under DEC-006; no temporal fitting window applied.
AT2020ysg,r,59625.25842589978,FLUX,1.1021715438055939e-05,7.2140373873436735e-06,,,,AT2020ysg.json,737,finite(flux) AND finite(flux_err) AND flux_err > 0,True,Measurement-level observation eligible under DEC-006; no temporal fitting window applied.
AT2020ysg,r,59629.46302080015,FLUX,1.2654023538666033e-05,5.579191453749362e-06,,,,AT2020ysg.json,740,finite(flux) AND finite(flux_err) AND flux_err > 0,True,Measurement-level observation eligible under DEC-006; no temporal fitting window applied.
AT2020ysg,r,59629.51686340012,FLUX,1.9336900793822068e-05,7.023347248642083e-06,,,,AT2020ysg.json,741,finite(flux) AND finite(flux_err) AND flux_err > 0,True,Measurement-level observation eligible under DEC-006; no temporal fitting window applied.
AT2020ysg,r,59630.4838657002,FLUX,7.166741499924029e-06,3.7639182435974656e-06,,,,AT2020ysg.json,743,finite(flux) AND finite(flux_err) AND flux_err > 0,True,Measurement-level observation eligible under DEC-006; no temporal fitting window applied.
AT2020ysg,r,59636.3387616002,FLUX,7.226900815664356e-06,2.9628911897249566e-06,,,,AT2020ysg.json,745,finite(flux) AND finite(flux_err) AND flux_err > 0,True,Measurement-level observation eligible under DEC-006; no temporal fitting window applied.
AT2020ysg,r,59636.39964119997,FLUX,9.480673354699141e-06,2.475410363583163e-06,,,,AT2020ysg.json,747,finite(flux) AND finite(flux_err) AND flux_err > 0,True,Measurement-level observation eligible under DEC-006; no temporal fitting window applied.
AT2020ysg,r,59636.41359949997,FLUX,1.409782571017074e-05,2.7018324265357134e-06,,,,AT2020ysg.json,748,finite(flux) AND finite(flux_err) AND flux_err > 0,True,Measurement-level observation eligible under DEC-006; no temporal fitting window applied.
AT2020ysg,r,59637.32175929984,FLUX,1.0037054282080235e-05,3.273248781216005e-06,,,,AT2020ysg.json,752,finite(flux) AND finite(flux_err) AND flux_err > 0,True,Measurement-level observation eligible under DEC-006; no temporal fitting window applied.
AT2020ysg,r,59638.464780100156,FLUX,6.872035803503335e-06,3.155741694443238e-06,,,,AT2020ysg.json,756,finite(flux) AND finite(flux_err) AND flux_err > 0,True,Measurement-level observation eligible under DEC-006; no temporal fitting window applied.
AT2020ysg,r,59639.25690970011,FLUX,7.384534723965562e-06,3.5020019567863214e-06,,,,AT2020ysg.json,757,finite(flux) AND finite(flux_err) AND flux_err > 0,True,Measurement-level observation eligible under DEC-006; no temporal fitting window applied.
AT2020ysg,r,59639.29594910005,FLUX,1.2995735268567036e-05,3.1316046048385757e-06,,,,AT2020ysg.json,760,finite(flux) AND finite(flux_err) AND flux_err > 0,True,Measurement-level observation eligible under DEC-006; no temporal fitting window applied.
AT2020ysg,r,59639.44538189983,FLUX,1.5821553727016492e-05,3.6598412193005614e-06,,,,AT2020ysg.json,762,finite(flux) AND finite(flux_err) AND flux_err > 0,True,Measurement-level observation eligible under DEC-006; no temporal fitting window applied.
AT2020ysg,r,59640.315219900105,FLUX,9.887305679606202e-06,2.583436966400443e-06,,,,AT2020ysg.json,763,finite(flux) AND finite(flux_err) AND flux_err > 0,True,Measurement-level observation eligible under DEC-006; no temporal fitting window applied.
AT2020ysg,r,59640.39893520018,FLUX,1.153311153087276e-05,2.4737347399950927e-06,,,,AT2020ysg.json,764,finite(flux) AND finite(flux_err) AND flux_err > 0,True,Measurement-level observation eligible under DEC-006; no temporal fitting window applied.
AT2020ysg,r,59641.275891200174,FLUX,1.5301408579626107e-05,3.405672292723621e-06,,,,AT2020ysg.json,766,finite(flux) AND finite(flux_err) AND flux_err > 0,True,Measurement-level observation eligible under DEC-006; no temporal fitting window applied.
AT2020ysg,r,59641.29900459992,FLUX,7.33553256432212e-06,2.587931518782971e-06,,,,AT2020ysg.json,767,finite(flux) AND finite(flux_err) AND flux_err > 0,True,Measurement-level observation eligible under DEC-006; no temporal fitting window applied.
AT2020ysg,r,59641.318495399784,FLUX,1.07994396944649e-05,2.7619709366421946e-06,,,,AT2020ysg.json,768,finite(flux) AND finite(flux_err) AND flux_err > 0,True,Measurement-level observation eligible under DEC-006; no temporal fitting window applied.
AT2020ysg,r,59670.36523150001,FLUX,9.237712429928805e-06,2.029420991381626e-06,,,,AT2020ysg.json,770,finite(flux) AND finite(flux_err) AND flux_err > 0,True,Measurement-level observation eligible under DEC-006; no temporal fitting window applied.
AT2020ysg,r,59671.33806709992,FLUX,9.958026986390038e-06,2.235511393871081e-06,,,,AT2020ysg.json,772,finite(flux) AND finite(flux_err) AND flux_err > 0,True,Measurement-level observation eligible under DEC-006; no temporal fitting window applied.
AT2020ysg,r,59674.319907399826,FLUX,9.423953905750218e-06,2.1998837989631232e-06,,,,AT2020ysg.json,774,finite(flux) AND finite(flux_err) AND flux_err > 0,True,Measurement-level observation eligible under DEC-006; no temporal fitting window applied.
AT2020ysg,r,59676.352939799894,FLUX,7.942223012182063e-06,4.021692360314589e-06,,,,AT2020ysg.json,778,finite(flux) AND finite(flux_err) AND flux_err > 0,True,Measurement-level observation eligible under DEC-006; no temporal fitting window applied.
AT2020ysg,r,59678.25577550009,FLUX,8.439364942398356e-06,2.7642031640590104e-06,,,,AT2020ysg.json,780,finite(flux) AND finite(flux_err) AND flux_err > 0,True,Measurement-level observation eligible under DEC-006; no temporal fitting window applied.
AT2020ysg,r,59680.339560199995,FLUX,1.1024345294967611e-05,6.3547606980256415e-06,,,,AT2020ysg.json,783,finite(flux) AND finite(flux_err) AND flux_err > 0,True,Measurement-level observation eligible under DEC-006; no temporal fitting window applied.
AT2020ysg,r,59684.3203125,FLUX,-5.387860412075124e-06,7.849602495550394e-06,,,,AT2020ysg.json,785,finite(flux) AND finite(flux_err) AND flux_err > 0,True,Measurement-level observation eligible under DEC-006; no temporal fitting window applied.
AT2020ysg,r,59687.34733799985,FLUX,2.6436334844995216e-05,6.862460134962533e-06,,,,AT2020ysg.json,787,finite(flux) AND finite(flux_err) AND flux_err > 0,True,Measurement-level observation eligible under DEC-006; no temporal fitting window applied.
AT2020ysg,r,59689.258553199936,FLUX,1.04991317245927e-05,4.401760581078025e-06,,,,AT2020ysg.json,788,finite(flux) AND finite(flux_err) AND flux_err > 0,True,Measurement-level observation eligible under DEC-006; no temporal fitting window applied.
AT2020ysg,r,59695.21299770009,FLUX,1.3640084744551042e-05,2.3746291777904473e-06,,,,AT2020ysg.json,792,finite(flux) AND finite(flux_err) AND flux_err > 0,True,Measurement-level observation eligible under DEC-006; no temporal fitting window applied.
AT2020ysg,r,59697.31108799996,FLUX,1.1949155116120978e-05,2.3093948262661597e-06,,,,AT2020ysg.json,794,finite(flux) AND finite(flux_err) AND flux_err > 0,True,Measurement-level observation eligible under DEC-006; no temporal fitting window applied.
AT2020ysg,r,59699.26362269977,FLUX,1.18013632265197e-05,2.9333135760778072e-06,,,,AT2020ysg.json,796,finite(flux) AND finite(flux_err) AND flux_err > 0,True,Measurement-level observation eligible under DEC-006; no temporal fitting window applied.
AT2020ysg,r,59708.2685647998,FLUX,2.9694815868370833e-06,5.964823008968769e-06,,,,AT2020ysg.json,801,finite(flux) AND finite(flux_err) AND flux_err > 0,True,Measurement-level observation eligible under DEC-006; no temporal fitting window applied.
AT2020ysg,r,59711.258611099795,FLUX,8.539905840085562e-06,6.72813185472527e-06,,,,AT2020ysg.json,803,finite(flux) AND finite(flux_err) AND flux_err > 0,True,Measurement-level observation eligible under DEC-006; no temporal fitting window applied.
AT2020ysg,r,59715.17671300005,FLUX,6.359433688637294e-06,2.6433905952263084e-06,,,,AT2020ysg.json,805,finite(flux) AND finite(flux_err) AND flux_err > 0,True,Measurement-level observation eligible under DEC-006; no temporal fitting window applied.
AT2020ysg,r,59718.20638890006,FLUX,1.2045297756124364e-05,2.7866651852230506e-06,,,,AT2020ysg.json,807,finite(flux) AND finite(flux_err) AND flux_err > 0,True,Measurement-level observation eligible under DEC-006; no temporal fitting window applied.
AT2020ysg,r,59718.26796300011,FLUX,6.869114739798434e-06,3.941234759394819e-06,,,,AT2020ysg.json,808,finite(flux) AND finite(flux_err) AND flux_err > 0,True,Measurement-level observation eligible under DEC-006; no temporal fitting window applied.
AT2020ysg,r,59724.24506939994,FLUX,5.913803265467674e-06,2.6495567448001554e-06,,,,AT2020ysg.json,812,finite(flux) AND finite(flux_err) AND flux_err > 0,True,Measurement-level observation eligible under DEC-006; no temporal fitting window applied.
AT2020ysg,r,59726.20488430001,FLUX,1.3586838695575253e-05,2.405115083440484e-06,,,,AT2020ysg.json,813,finite(flux) AND finite(flux_err) AND flux_err > 0,True,Measurement-level observation eligible under DEC-006; no temporal fitting window applied.
AT2020ysg,r,59731.24962959997,FLUX,1.2967033585001203e-06,3.4931353208318243e-06,,,,AT2020ysg.json,816,finite(flux) AND finite(flux_err) AND flux_err > 0,True,Measurement-level observation eligible under DEC-006; no temporal fitting window applied.
AT2020ysg,r,59733.21565969987,FLUX,6.658186418239193e-06,2.824626015273712e-06,,,,AT2020ysg.json,818,finite(flux) AND finite(flux_err) AND flux_err > 0,True,Measurement-level observation eligible under DEC-006; no temporal fitting window applied.
AT2020ysg,r,59738.24627309991,FLUX,4.273051122400867e-06,5.991870805037221e-06,,,,AT2020ysg.json,820,finite(flux) AND finite(flux_err) AND flux_err > 0,True,Measurement-level observation eligible under DEC-006; no temporal fitting window applied.
AT2020ysg,r,59740.19122690009,FLUX,2.3081299791237795e-06,5.607140340736073e-06,,,,AT2020ysg.json,822,finite(flux) AND finite(flux_err) AND flux_err > 0,True,Measurement-level observation eligible under DEC-006; no temporal fitting window applied.
AT2020ysg,r,59742.23777779983,FLUX,6.047203999860729e-06,8.143055204060232e-06,,,,AT2020ysg.json,825,finite(flux) AND finite(flux_err) AND flux_err > 0,True,Measurement-level observation eligible under DEC-006; no temporal fitting window applied.
AT2020ysg,r,59781.17734949989,FLUX,-5.584000334478521e-06,7.24088004847192e-06,,,,AT2020ysg.json,828,finite(flux) AND finite(flux_err) AND flux_err > 0,True,Measurement-level observation eligible under DEC-006; no temporal fitting window applied.
AT2020ysg,r,59781.17828699993,FLUX,4.0750465875474015e-06,7.090933391922339e-06,,,,AT2020ysg.json,829,finite(flux) AND finite(flux_err) AND flux_err > 0,True,Measurement-level observation eligible under DEC-006; no temporal fitting window applied.
AT2020ysg,r,59781.179236100055,FLUX,1.1789913275625366e-05,7.038926795065571e-06,,,,AT2020ysg.json,830,finite(flux) AND finite(flux_err) AND flux_err > 0,True,Measurement-level observation eligible under DEC-006; no temporal fitting window applied.
AT2020ysg,r,59781.18111110013,FLUX,2.8882353513370494e-06,7.475520163042055e-06,,,,AT2020ysg.json,831,finite(flux) AND finite(flux_err) AND flux_err > 0,True,Measurement-level observation eligible under DEC-006; no temporal fitting window applied.
AT2020ysg,r,59787.16877309978,FLUX,3.758745324842479e-07,1.0959267073336467e-05,,,,AT2020ysg.json,832,finite(flux) AND finite(flux_err) AND flux_err > 0,True,Measurement-level observation eligible under DEC-006; no temporal fitting window applied.
AT2020ysg,r,59789.16590279993,FLUX,7.3552049527551405e-06,8.84078672281327e-06,,,,AT2020ysg.json,833,finite(flux) AND finite(flux_err) AND flux_err > 0,True,Measurement-level observation eligible under DEC-006; no temporal fitting window applied.
AT2020ysg,r,59789.168263900094,FLUX,7.865427271348695e-06,7.602272894477954e-06,,,,AT2020ysg.json,834,finite(flux) AND finite(flux_err) AND flux_err > 0,True,Measurement-level observation eligible under DEC-006; no temporal fitting window applied.
AT2020ysg,r,59789.170624999795,FLUX,1.0779940978935919e-05,7.077337512919565e-06,,,,AT2020ysg.json,835,finite(flux) AND finite(flux_err) AND flux_err > 0,True,Measurement-level observation eligible under DEC-006; no temporal fitting window applied.
AT2020ysg,r,59863.52629629988,FLUX,1.1840682926248157e-05,7.831508870001697e-06,,,,AT2020ysg.json,836,finite(flux) AND finite(flux_err) AND flux_err > 0,True,Measurement-level observation eligible under DEC-006; no temporal fitting window applied.
AT2020ysg,r,59863.5286921002,FLUX,-2.3324140977798324e-06,7.690213539763733e-06,,,,AT2020ysg.json,837,finite(flux) AND finite(flux_err) AND flux_err > 0,True,Measurement-level observation eligible under DEC-006; no temporal fitting window applied.
AT2020ysg,r,59865.52896990022,FLUX,6.614437196238389e-06,6.168036939007761e-06,,,,AT2020ysg.json,838,finite(flux) AND finite(flux_err) AND flux_err > 0,True,Measurement-level observation eligible under DEC-006; no temporal fitting window applied.
AT2020ysg,r,59865.531400499865,FLUX,-5.200423762458989e-06,7.015602158817036e-06,,,,AT2020ysg.json,839,finite(flux) AND finite(flux_err) AND flux_err > 0,True,Measurement-level observation eligible under DEC-006; no temporal fitting window applied.
AT2020ysg,r,59865.53384259995,FLUX,3.7250118435369306e-06,7.675236007631571e-06,,,,AT2020ysg.json,840,finite(flux) AND finite(flux_err) AND flux_err > 0,True,Measurement-level observation eligible under DEC-006; no temporal fitting window applied.
AT2020ysg,r,59866.528773100115,FLUX,5.282041329205306e-06,5.835981479735934e-06,,,,AT2020ysg.json,841,finite(flux) AND finite(flux_err) AND flux_err > 0,True,Measurement-level observation eligible under DEC-006; no temporal fitting window applied.
AT2020ysg,r,59866.531145799905,FLUX,8.051951351984671e-06,6.298945815380805e-06,,,,AT2020ysg.json,842,finite(flux) AND finite(flux_err) AND flux_err > 0,True,Measurement-level observation eligible under DEC-006; no temporal fitting window applied.
AT2020ysg,r,59866.53351850016,FLUX,5.915600994780252e-06,6.929026940954357e-06,,,,AT2020ysg.json,843,finite(flux) AND finite(flux_err) AND flux_err > 0,True,Measurement-level observation eligible under DEC-006; no temporal fitting window applied.
AT2020ysg,r,59866.53587959986,FLUX,-7.594645933124442e-06,7.835039234236696e-06,,,,AT2020ysg.json,844,finite(flux) AND finite(flux_err) AND flux_err > 0,True,Measurement-level observation eligible under DEC-006; no temporal fitting window applied.
AT2020ysg,r,59874.51965280017,FLUX,5.047452538083476e-06,3.57031600396559e-06,,,,AT2020ysg.json,845,finite(flux) AND finite(flux_err) AND flux_err > 0,True,Measurement-level observation eligible under DEC-006; no temporal fitting window applied.
AT2020ysg,r,59874.522141200025,FLUX,-7.355144303240044e-07,3.6919968982523637e-06,,,,AT2020ysg.json,846,finite(flux) AND finite(flux_err) AND flux_err > 0,True,Measurement-level observation eligible under DEC-006; no temporal fitting window applied.
AT2020ysg,r,59874.52464119997,FLUX,4.85846306634455e-06,3.7213622727874514e-06,,,,AT2020ysg.json,847,finite(flux) AND finite(flux_err) AND flux_err > 0,True,Measurement-level observation eligible under DEC-006; no temporal fitting window applied.
AT2020ysg,r,59874.52714119991,FLUX,7.481758126434907e-06,3.825297826613513e-06,,,,AT2020ysg.json,848,finite(flux) AND finite(flux_err) AND flux_err > 0,True,Measurement-level observation eligible under DEC-006; no temporal fitting window applied.
AT2020ysg,r,59874.52964119986,FLUX,3.8072145052383e-06,3.6725514913778865e-06,,,,AT2020ysg.json,849,finite(flux) AND finite(flux_err) AND flux_err > 0,True,Measurement-level observation eligible under DEC-006; no temporal fitting window applied.
AT2020ysg,r,59876.52178240009,FLUX,4.420371444337574e-06,4.343248475754562e-06,,,,AT2020ysg.json,850,finite(flux) AND finite(flux_err) AND flux_err > 0,True,Measurement-level observation eligible under DEC-006; no temporal fitting window applied.
AT2020ysg,r,59876.52425929997,FLUX,1.7467221302334494e-05,5.175661998194015e-06,,,,AT2020ysg.json,851,finite(flux) AND finite(flux_err) AND flux_err > 0,True,Measurement-level observation eligible under DEC-006; no temporal fitting window applied.
AT2020ysg,r,59876.526736100204,FLUX,6.2761486729672205e-06,4.539244676015982e-06,,,,AT2020ysg.json,852,finite(flux) AND finite(flux_err) AND flux_err > 0,True,Measurement-level observation eligible under DEC-006; no temporal fitting window applied.
AT2020ysg,r,59876.52921300009,FLUX,-1.2870426451198767e-06,4.460331072650483e-06,,,,AT2020ysg.json,853,finite(flux) AND finite(flux_err) AND flux_err > 0,True,Measurement-level observation eligible under DEC-006; no temporal fitting window applied.
AT2020ysg,r,59876.53168979986,FLUX,-1.1322440033855067e-06,4.767030624297844e-06,,,,AT2020ysg.json,854,finite(flux) AND finite(flux_err) AND flux_err > 0,True,Measurement-level observation eligible under DEC-006; no temporal fitting window applied.
AT2020ysg,r,59893.49396990007,FLUX,-4.879067788211671e-06,8.072042826479811e-06,,,,AT2020ysg.json,856,finite(flux) AND finite(flux_err) AND flux_err > 0,True,Measurement-level observation eligible under DEC-006; no temporal fitting window applied.
AT2020ysg,r,59902.53123839991,FLUX,4.55545597517354e-06,4.166201832744251e-06,,,,AT2020ysg.json,859,finite(flux) AND finite(flux_err) AND flux_err > 0,True,Measurement-level observation eligible under DEC-006; no temporal fitting window applied.
AT2020ysg,r,59904.476678200066,FLUX,5.40032921302744e-06,3.019896086469448e-06,,,,AT2020ysg.json,860,finite(flux) AND finite(flux_err) AND flux_err > 0,True,Measurement-level observation eligible under DEC-006; no temporal fitting window applied.
AT2020ysg,r,59906.45535880001,FLUX,1.4694012996649166e-05,3.59480792799479e-06,,,,AT2020ysg.json,862,finite(flux) AND finite(flux_err) AND flux_err > 0,True,Measurement-level observation eligible under DEC-006; no temporal fitting window applied.
AT2020ysg,r,59909.452326400205,FLUX,8.867439276184683e-06,3.2526575279946576e-06,,,,AT2020ysg.json,863,finite(flux) AND finite(flux_err) AND flux_err > 0,True,Measurement-level observation eligible under DEC-006; no temporal fitting window applied.
AT2020ysg,r,59913.53120370023,FLUX,5.1553148533105655e-06,3.0154699483751005e-06,,,,AT2020ysg.json,865,finite(flux) AND finite(flux_err) AND flux_err > 0,True,Measurement-level observation eligible under DEC-006; no temporal fitting window applied.
AT2020ysg,r,59923.45565970009,FLUX,1.031091558679078e-06,5.574655282554853e-06,,,,AT2020ysg.json,867,finite(flux) AND finite(flux_err) AND flux_err > 0,True,Measurement-level observation eligible under DEC-006; no temporal fitting window applied.
AT2020ysg,r,59930.42368059978,FLUX,1.4674145972875215e-05,4.080604860859011e-06,,,,AT2020ysg.json,869,finite(flux) AND finite(flux_err) AND flux_err > 0,True,Measurement-level observation eligible under DEC-006; no temporal fitting window applied.
AT2020ysg,r,59932.37837960012,FLUX,6.287889734631905e-06,3.8044121238441517e-06,,,,AT2020ysg.json,873,finite(flux) AND finite(flux_err) AND flux_err > 0,True,Measurement-level observation eligible under DEC-006; no temporal fitting window applied.
AT2020ysg,r,59934.47252310021,FLUX,4.951998651299879e-06,3.973769972324153e-06,,,,AT2020ysg.json,877,finite(flux) AND finite(flux_err) AND flux_err > 0,True,Measurement-level observation eligible under DEC-006; no temporal fitting window applied.
AT2020ysg,r,59935.375,FLUX,1.0838137128980685e-05,2.672814440942438e-06,,,,AT2020ysg.json,879,finite(flux) AND finite(flux_err) AND flux_err > 0,True,Measurement-level observation eligible under DEC-006; no temporal fitting window applied.
AT2020ysg,r,59937.462314799894,FLUX,1.0370049188723218e-05,2.777079361895705e-06,,,,AT2020ysg.json,885,finite(flux) AND finite(flux_err) AND flux_err > 0,True,Measurement-level observation eligible under DEC-006; no temporal fitting window applied.
AT2020ysg,r,59937.46326390002,FLUX,7.225140030576273e-06,2.69417200342687e-06,,,,AT2020ysg.json,886,finite(flux) AND finite(flux_err) AND flux_err > 0,True,Measurement-level observation eligible under DEC-006; no temporal fitting window applied.
AT2020ysg,r,59957.311782400124,FLUX,2.2860770631130577e-06,5.046038447181799e-06,,,,AT2020ysg.json,889,finite(flux) AND finite(flux_err) AND flux_err > 0,True,Measurement-level observation eligible under DEC-006; no temporal fitting window applied.
AT2020ysg,r,59965.42528939992,FLUX,1.2623710577811453e-05,4.445696004477289e-06,,,,AT2020ysg.json,891,finite(flux) AND finite(flux_err) AND flux_err > 0,True,Measurement-level observation eligible under DEC-006; no temporal fitting window applied.
AT2020ysg,r,59968.3830093001,FLUX,1.1422044384422329e-05,3.1627915235499314e-06,,,,AT2020ysg.json,892,finite(flux) AND finite(flux_err) AND flux_err > 0,True,Measurement-level observation eligible under DEC-006; no temporal fitting window applied.
AT2020ysg,r,59971.33584489999,FLUX,1.1532962575336583e-05,3.1402587857764773e-06,,,,AT2020ysg.json,894,finite(flux) AND finite(flux_err) AND flux_err > 0,True,Measurement-level observation eligible under DEC-006; no temporal fitting window applied.
AT2020ysg,r,59971.421469899826,FLUX,2.9863714461812293e-06,3.00538988837603e-06,,,,AT2020ysg.json,896,finite(flux) AND finite(flux_err) AND flux_err > 0,True,Measurement-level observation eligible under DEC-006; no temporal fitting window applied.
AT2020ysg,r,59972.30013890006,FLUX,3.631773467564389e-06,4.227199581507087e-06,,,,AT2020ysg.json,898,finite(flux) AND finite(flux_err) AND flux_err > 0,True,Measurement-level observation eligible under DEC-006; no temporal fitting window applied.
AT2020ysg,r,59972.38188660005,FLUX,5.717749812238952e-06,3.863010020063268e-06,,,,AT2020ysg.json,899,finite(flux) AND finite(flux_err) AND flux_err > 0,True,Measurement-level observation eligible under DEC-006; no temporal fitting window applied.
AT2020ysg,r,59972.46560190013,FLUX,-2.3823804957281505e-06,3.7649229846566327e-06,,,,AT2020ysg.json,901,finite(flux) AND finite(flux_err) AND flux_err > 0,True,Measurement-level observation eligible under DEC-006; no temporal fitting window applied.
AT2020ysg,r,59979.41236109985,FLUX,1.3770922631448196e-05,6.766070467115328e-06,,,,AT2020ysg.json,909,finite(flux) AND finite(flux_err) AND flux_err > 0,True,Measurement-level observation eligible under DEC-006; no temporal fitting window applied.
AT2020ysg,r,59984.42033560015,FLUX,1.4189708159698105e-05,6.232218394002559e-06,,,,AT2020ysg.json,911,finite(flux) AND finite(flux_err) AND flux_err > 0,True,Measurement-level observation eligible under DEC-006; no temporal fitting window applied.
AT2020ysg,r,59987.368553199805,FLUX,1.496611590997694e-07,4.807991006161422e-06,,,,AT2020ysg.json,917,finite(flux) AND finite(flux_err) AND flux_err > 0,True,Measurement-level observation eligible under DEC-006; no temporal fitting window applied.
AT2020ysg,r,59987.484490700066,FLUX,2.992917738189885e-06,3.710993843461575e-06,,,,AT2020ysg.json,918,finite(flux) AND finite(flux_err) AND flux_err > 0,True,Measurement-level observation eligible under DEC-006; no temporal fitting window applied.
AT2020ysg,r,59993.325636600144,FLUX,1.0089762146785696e-05,3.7524586146318617e-06,,,,AT2020ysg.json,919,finite(flux) AND finite(flux_err) AND flux_err > 0,True,Measurement-level observation eligible under DEC-006; no temporal fitting window applied.
AT2020ysg,r,59994.2730208002,FLUX,4.644917825744104e-06,3.5171293180608458e-06,,,,AT2020ysg.json,920,finite(flux) AND finite(flux_err) AND flux_err > 0,True,Measurement-level observation eligible under DEC-006; no temporal fitting window applied.
AT2020ysg,r,59994.35131940013,FLUX,7.961931453050722e-06,2.7854411925482315e-06,,,,AT2020ysg.json,921,finite(flux) AND finite(flux_err) AND flux_err > 0,True,Measurement-level observation eligible under DEC-006; no temporal fitting window applied.
AT2020ysg,r,59996.32815970015,FLUX,1.2186554508260452e-05,2.3695828301074626e-06,,,,AT2020ysg.json,925,finite(flux) AND finite(flux_err) AND flux_err > 0,True,Measurement-level observation eligible under DEC-006; no temporal fitting window applied.
AT2020ysg,r,59996.44789349986,FLUX,6.983373415683228e-06,2.6606682884830107e-06,,,,AT2020ysg.json,927,finite(flux) AND finite(flux_err) AND flux_err > 0,True,Measurement-level observation eligible under DEC-006; no temporal fitting window applied.
AT2020ysg,r,60016.28267360013,FLUX,6.931508792641257e-06,2.5761284033897927e-06,,,,AT2020ysg.json,928,finite(flux) AND finite(flux_err) AND flux_err > 0,True,Measurement-level observation eligible under DEC-006; no temporal fitting window applied.
AT2020ysg,r,60016.422905100044,FLUX,9.566745814776033e-06,4.30331926346267e-06,,,,AT2020ysg.json,929,finite(flux) AND finite(flux_err) AND flux_err > 0,True,Measurement-level observation eligible under DEC-006; no temporal fitting window applied.
AT2020ysg,r,60020.32090280019,FLUX,4.66747457055453e-06,2.3813747588103847e-06,,,,AT2020ysg.json,931,finite(flux) AND finite(flux_err) AND flux_err > 0,True,Measurement-level observation eligible under DEC-006; no temporal fitting window applied.
AT2020ysg,r,60021.233923600055,FLUX,6.088509932074537e-06,3.3186249658977153e-06,,,,AT2020ysg.json,932,finite(flux) AND finite(flux_err) AND flux_err > 0,True,Measurement-level observation eligible under DEC-006; no temporal fitting window applied.
AT2020ysg,r,60021.38373839995,FLUX,4.8149466030202475e-06,3.1918704048126223e-06,,,,AT2020ysg.json,934,finite(flux) AND finite(flux_err) AND flux_err > 0,True,Measurement-level observation eligible under DEC-006; no temporal fitting window applied.
AT2020ysg,r,60030.36043980019,FLUX,1.545164645805221e-05,2.5828552974765516e-06,,,,AT2020ysg.json,935,finite(flux) AND finite(flux_err) AND flux_err > 0,True,Measurement-level observation eligible under DEC-006; no temporal fitting window applied.
AT2020ysg,r,60031.297627300024,FLUX,9.783873117785472e-06,3.02723827950812e-06,,,,AT2020ysg.json,938,finite(flux) AND finite(flux_err) AND flux_err > 0,True,Measurement-level observation eligible under DEC-006; no temporal fitting window applied.
AT2020ysg,r,60032.283993099816,FLUX,5.763220063508249e-06,3.922764804640462e-06,,,,AT2020ysg.json,939,finite(flux) AND finite(flux_err) AND flux_err > 0,True,Measurement-level observation eligible under DEC-006; no temporal fitting window applied.
AT2020ysg,r,60036.23421300016,FLUX,7.701731920437704e-06,5.8980761850327e-06,,,,AT2020ysg.json,941,finite(flux) AND finite(flux_err) AND flux_err > 0,True,Measurement-level observation eligible under DEC-006; no temporal fitting window applied.
AT2020ysg,r,60036.26997689996,FLUX,7.970392538321985e-06,5.651213655796726e-06,,,,AT2020ysg.json,942,finite(flux) AND finite(flux_err) AND flux_err > 0,True,Measurement-level observation eligible under DEC-006; no temporal fitting window applied.
AT2020ysg,r,60036.42313659983,FLUX,1.0837200855411027e-05,7.016971986404984e-06,,,,AT2020ysg.json,946,finite(flux) AND finite(flux_err) AND flux_err > 0,True,Measurement-level observation eligible under DEC-006; no temporal fitting window applied.
AT2020ysg,r,60043.354606499895,FLUX,1.483020773564633e-06,4.184654978291849e-06,,,,AT2020ysg.json,948,finite(flux) AND finite(flux_err) AND flux_err > 0,True,Measurement-level observation eligible under DEC-006; no temporal fitting window applied.
AT2020ysg,r,60045.27089119982,FLUX,2.2112477916634177e-06,2.105664881005437e-06,,,,AT2020ysg.json,950,finite(flux) AND finite(flux_err) AND flux_err > 0,True,Measurement-level observation eligible under DEC-006; no temporal fitting window applied.
AT2020ysg,r,60052.27799770003,FLUX,8.833340883472816e-06,2.4217585093930326e-06,,,,AT2020ysg.json,954,finite(flux) AND finite(flux_err) AND flux_err > 0,True,Measurement-level observation eligible under DEC-006; no temporal fitting window applied.
AT2020ysg,r,60058.21405090019,FLUX,1.315794422922161e-05,2.938065254490747e-06,,,,AT2020ysg.json,958,finite(flux) AND finite(flux_err) AND flux_err > 0,True,Measurement-level observation eligible under DEC-006; no temporal fitting window applied.
AT2020ysg,r,60060.17947919993,FLUX,-2.8131385101851385e-06,4.090774071487981e-06,,,,AT2020ysg.json,960,finite(flux) AND finite(flux_err) AND flux_err > 0,True,Measurement-level observation eligible under DEC-006; no temporal fitting window applied.
AT2020ysg,r,60079.30090280017,FLUX,1.1082360738309682e-05,3.179163852939998e-06,,,,AT2020ysg.json,965,finite(flux) AND finite(flux_err) AND flux_err > 0,True,Measurement-level observation eligible under DEC-006; no temporal fitting window applied.
AT2020ysg,r,60081.23490739986,FLUX,1.0193743484986271e-05,3.2093384095707048e-06,,,,AT2020ysg.json,966,finite(flux) AND finite(flux_err) AND flux_err > 0,True,Measurement-level observation eligible under DEC-006; no temporal fitting window applied.
AT2020ysg,r,60083.2178588002,FLUX,7.3023783780742745e-06,2.350882718466085e-06,,,,AT2020ysg.json,969,finite(flux) AND finite(flux_err) AND flux_err > 0,True,Measurement-level observation eligible under DEC-006; no temporal fitting window applied.
AT2020ysg,r,60089.2360069002,FLUX,1.0594027800174125e-05,3.673624892994992e-06,,,,AT2020ysg.json,972,finite(flux) AND finite(flux_err) AND flux_err > 0,True,Measurement-level observation eligible under DEC-006; no temporal fitting window applied.
AT2020ysg,r,60097.217106500175,FLUX,7.951758118581722e-06,5.635526948140443e-06,,,,AT2020ysg.json,974,finite(flux) AND finite(flux_err) AND flux_err > 0,True,Measurement-level observation eligible under DEC-006; no temporal fitting window applied.
AT2020ysg,r,60099.23716440005,FLUX,1.094049818660255e-05,6.71899556506419e-06,,,,AT2020ysg.json,975,finite(flux) AND finite(flux_err) AND flux_err > 0,True,Measurement-level observation eligible under DEC-006; no temporal fitting window applied.
AT2020ysg,r,60115.21968750004,FLUX,5.945258181150732e-06,4.385173950458627e-06,,,,AT2020ysg.json,979,finite(flux) AND finite(flux_err) AND flux_err > 0,True,Measurement-level observation eligible under DEC-006; no temporal fitting window applied.
AT2020ysg,r,60147.17646990018,FLUX,4.004743677439035e-06,7.141251820804125e-06,,,,AT2020ysg.json,982,finite(flux) AND finite(flux_err) AND flux_err > 0,True,Measurement-level observation eligible under DEC-006; no temporal fitting window applied.
AT2020ysg,r,60147.17741899984,FLUX,5.270437033091774e-06,7.508570372451968e-06,,,,AT2020ysg.json,983,finite(flux) AND finite(flux_err) AND flux_err > 0,True,Measurement-level observation eligible under DEC-006; no temporal fitting window applied.
AT2020ysg,r,60155.17134260014,FLUX,5.143147509181169e-06,9.57104685578836e-06,,,,AT2020ysg.json,984,finite(flux) AND finite(flux_err) AND flux_err > 0,True,Measurement-level observation eligible under DEC-006; no temporal fitting window applied.
AT2020ysg,r,60159.16390050016,FLUX,-6.34308323811452e-07,1.0758395062758206e-05,,,,AT2020ysg.json,985,finite(flux) AND finite(flux_err) AND flux_err > 0,True,Measurement-level observation eligible under DEC-006; no temporal fitting window applied.
AT2020ysg,r,60159.16863430012,FLUX,-5.331069791156517e-06,9.850845351812802e-06,,,,AT2020ysg.json,986,finite(flux) AND finite(flux_err) AND flux_err > 0,True,Measurement-level observation eligible under DEC-006; no temporal fitting window applied.
AT2020ysg,r,60230.53125,FLUX,1.0352415063822321e-06,5.9130672550945624e-06,,,,AT2020ysg.json,987,finite(flux) AND finite(flux_err) AND flux_err > 0,True,Measurement-level observation eligible under DEC-006; no temporal fitting window applied.
AT2020ysg,r,60230.533680600114,FLUX,4.281775358785207e-06,7.171878662138747e-06,,,,AT2020ysg.json,988,finite(flux) AND finite(flux_err) AND flux_err > 0,True,Measurement-level observation eligible under DEC-006; no temporal fitting window applied.
AT2020ysg,r,60230.5361227002,FLUX,1.3484257851269418e-05,9.730853487027323e-06,,,,AT2020ysg.json,989,finite(flux) AND finite(flux_err) AND flux_err > 0,True,Measurement-level observation eligible under DEC-006; no temporal fitting window applied.
AT2020ysg,r,60231.53111110022,FLUX,4.693068208632959e-06,5.79570757710201e-06,,,,AT2020ysg.json,990,finite(flux) AND finite(flux_err) AND flux_err > 0,True,Measurement-level observation eligible under DEC-006; no temporal fitting window applied.
AT2020ysg,r,60231.538379599806,FLUX,1.2734485735945895e-06,9.546717904378346e-06,,,,AT2020ysg.json,991,finite(flux) AND finite(flux_err) AND flux_err > 0,True,Measurement-level observation eligible under DEC-006; no temporal fitting window applied.
AT2020ysg,r,60251.4998031999,FLUX,1.4889306349791265e-06,5.598339058982269e-06,,,,AT2020ysg.json,992,finite(flux) AND finite(flux_err) AND flux_err > 0,True,Measurement-level observation eligible under DEC-006; no temporal fitting window applied.
AT2020ysg,r,60315.38252309989,FLUX,7.065958386433642e-06,3.831594318218913e-06,,,,AT2020ysg.json,998,finite(flux) AND finite(flux_err) AND flux_err > 0,True,Measurement-level observation eligible under DEC-006; no temporal fitting window applied.
AT2020ysg,r,60398.36825230019,FLUX,-6.055135466451599e-08,4.790629873964599e-06,,,,AT2020ysg.json,1008,finite(flux) AND finite(flux_err) AND flux_err > 0,True,Measurement-level observation eligible under DEC-006; no temporal fitting window applied.
