event,band,mjd,measurement_mode,flux,flux_err,magnitude,magnitude_error,upper_limit,source_raw_file,source_row_index,eligibility_rule,eligible,notes
AT2020wey,r,58422.52891199989,FLUX,7.005085040378452e-06,6.0473508567369216e-06,,,,AT2020wey.json,2,finite(flux) AND finite(flux_err) AND flux_err > 0,True,Measurement-level observation eligible under DEC-006; no temporal fitting window applied.
AT2020wey,r,58422.529872700106,FLUX,5.949062610276444e-06,6.032558276688697e-06,,,,AT2020wey.json,3,finite(flux) AND finite(flux_err) AND flux_err > 0,True,Measurement-level observation eligible under DEC-006; no temporal fitting window applied.
AT2020wey,r,58423.509039400145,FLUX,-2.229160521016532e-06,5.66776085675387e-06,,,,AT2020wey.json,5,finite(flux) AND finite(flux_err) AND flux_err > 0,True,Measurement-level observation eligible under DEC-006; no temporal fitting window applied.
AT2020wey,r,58424.533680600114,FLUX,-2.2924533902094657e-07,5.25128046959982e-06,,,,AT2020wey.json,6,finite(flux) AND finite(flux_err) AND flux_err > 0,True,Measurement-level observation eligible under DEC-006; no temporal fitting window applied.
AT2020wey,r,58425.49300929997,FLUX,1.2283751931892044e-05,6.148349983352527e-06,,,,AT2020wey.json,7,finite(flux) AND finite(flux_err) AND flux_err > 0,True,Measurement-level observation eligible under DEC-006; no temporal fitting window applied.
AT2020wey,r,58425.49392359983,FLUX,1.6467134739387335e-06,6.102098136308995e-06,,,,AT2020wey.json,8,finite(flux) AND finite(flux_err) AND flux_err > 0,True,Measurement-level observation eligible under DEC-006; no temporal fitting window applied.
AT2020wey,r,58426.513472199906,FLUX,-7.43173712092762e-06,4.259887879693843e-06,,,,AT2020wey.json,12,finite(flux) AND finite(flux_err) AND flux_err > 0,True,Measurement-level observation eligible under DEC-006; no temporal fitting window applied.
AT2020wey,r,58427.48734949995,FLUX,5.164892700049535e-06,6.205726587058913e-06,,,,AT2020wey.json,13,finite(flux) AND finite(flux_err) AND flux_err > 0,True,Measurement-level observation eligible under DEC-006; no temporal fitting window applied.
AT2020wey,r,58428.51223379979,FLUX,1.5247482738809154e-06,4.349149255665737e-06,,,,AT2020wey.json,15,finite(flux) AND finite(flux_err) AND flux_err > 0,True,Measurement-level observation eligible under DEC-006; no temporal fitting window applied.
AT2020wey,r,58428.513148100115,FLUX,1.3475229981192468e-06,4.158125275896714e-06,,,,AT2020wey.json,16,finite(flux) AND finite(flux_err) AND flux_err > 0,True,Measurement-level observation eligible under DEC-006; no temporal fitting window applied.
AT2020wey,r,58429.41200229991,FLUX,6.185327813784498e-07,4.021962655232337e-06,,,,AT2020wey.json,19,finite(flux) AND finite(flux_err) AND flux_err > 0,True,Measurement-level observation eligible under DEC-006; no temporal fitting window applied.
AT2020wey,r,58430.490046299994,FLUX,1.426048418693433e-06,4.129588641921647e-06,,,,AT2020wey.json,22,finite(flux) AND finite(flux_err) AND flux_err > 0,True,Measurement-level observation eligible under DEC-006; no temporal fitting window applied.
AT2020wey,r,58431.53155090008,FLUX,4.639630956992427e-06,7.170516909953344e-06,,,,AT2020wey.json,26,finite(flux) AND finite(flux_err) AND flux_err > 0,True,Measurement-level observation eligible under DEC-006; no temporal fitting window applied.
AT2020wey,r,58431.53246530006,FLUX,2.01796256043654e-05,8.490127319255531e-06,,,,AT2020wey.json,27,finite(flux) AND finite(flux_err) AND flux_err > 0,True,Measurement-level observation eligible under DEC-006; no temporal fitting window applied.
AT2020wey,r,58432.51379630016,FLUX,3.7121944076751843e-06,4.5633279243200074e-06,,,,AT2020wey.json,29,finite(flux) AND finite(flux_err) AND flux_err > 0,True,Measurement-level observation eligible under DEC-006; no temporal fitting window applied.
AT2020wey,r,58434.4646528,FLUX,2.5893248621606153e-06,6.666359332336878e-06,,,,AT2020wey.json,32,finite(flux) AND finite(flux_err) AND flux_err > 0,True,Measurement-level observation eligible under DEC-006; no temporal fitting window applied.
AT2020wey,r,58434.46556709986,FLUX,1.3178798154507166e-05,7.159192799173115e-06,,,,AT2020wey.json,33,finite(flux) AND finite(flux_err) AND flux_err > 0,True,Measurement-level observation eligible under DEC-006; no temporal fitting window applied.
AT2020wey,r,58437.3879976999,FLUX,3.7989038737378734e-06,6.023298021855084e-06,,,,AT2020wey.json,34,finite(flux) AND finite(flux_err) AND flux_err > 0,True,Measurement-level observation eligible under DEC-006; no temporal fitting window applied.
AT2020wey,r,58437.38986109989,FLUX,-3.031786626512223e-06,5.694192542037595e-06,,,,AT2020wey.json,35,finite(flux) AND finite(flux_err) AND flux_err > 0,True,Measurement-level observation eligible under DEC-006; no temporal fitting window applied.
AT2020wey,r,58438.530023099855,FLUX,5.738914692589759e-06,4.272918182452431e-06,,,,AT2020wey.json,39,finite(flux) AND finite(flux_err) AND flux_err > 0,True,Measurement-level observation eligible under DEC-006; no temporal fitting window applied.
AT2020wey,r,58440.53209490003,FLUX,-5.70971938402236e-06,3.937110973010732e-06,,,,AT2020wey.json,40,finite(flux) AND finite(flux_err) AND flux_err > 0,True,Measurement-level observation eligible under DEC-006; no temporal fitting window applied.
AT2020wey,r,58440.53300930001,FLUX,9.735869640742374e-06,4.354255051045749e-06,,,,AT2020wey.json,41,finite(flux) AND finite(flux_err) AND flux_err > 0,True,Measurement-level observation eligible under DEC-006; no temporal fitting window applied.
AT2020wey,r,58442.53151619993,FLUX,5.0395580201526825e-06,4.477179253800533e-06,,,,AT2020wey.json,43,finite(flux) AND finite(flux_err) AND flux_err > 0,True,Measurement-level observation eligible under DEC-006; no temporal fitting window applied.
AT2020wey,r,58443.4465855998,FLUX,8.688465242183949e-06,6.4532130537171634e-06,,,,AT2020wey.json,44,finite(flux) AND finite(flux_err) AND flux_err > 0,True,Measurement-level observation eligible under DEC-006; no temporal fitting window applied.
AT2020wey,r,58443.44749999978,FLUX,3.3502278511900908e-06,6.086995467752856e-06,,,,AT2020wey.json,45,finite(flux) AND finite(flux_err) AND flux_err > 0,True,Measurement-level observation eligible under DEC-006; no temporal fitting window applied.
AT2020wey,r,58447.430705999956,FLUX,5.809264101883674e-06,8.985790237993643e-06,,,,AT2020wey.json,48,finite(flux) AND finite(flux_err) AND flux_err > 0,True,Measurement-level observation eligible under DEC-006; no temporal fitting window applied.
AT2020wey,r,58447.5119097,FLUX,1.0593117589969112e-05,8.52103034352738e-06,,,,AT2020wey.json,49,finite(flux) AND finite(flux_err) AND flux_err > 0,True,Measurement-level observation eligible under DEC-006; no temporal fitting window applied.
AT2020wey,r,58447.51282409998,FLUX,-1.1191271628674645e-05,9.189086103844101e-06,,,,AT2020wey.json,50,finite(flux) AND finite(flux_err) AND flux_err > 0,True,Measurement-level observation eligible under DEC-006; no temporal fitting window applied.
AT2020wey,r,58448.432407400105,FLUX,1.4169862657205523e-06,6.388428635336409e-06,,,,AT2020wey.json,51,finite(flux) AND finite(flux_err) AND flux_err > 0,True,Measurement-level observation eligible under DEC-006; no temporal fitting window applied.
AT2020wey,r,58448.44303240022,FLUX,6.950918676036206e-06,8.06355314092088e-06,,,,AT2020wey.json,52,finite(flux) AND finite(flux_err) AND flux_err > 0,True,Measurement-level observation eligible under DEC-006; no temporal fitting window applied.
AT2020wey,r,58449.4230324002,FLUX,3.008807553899888e-06,5.157722210097209e-06,,,,AT2020wey.json,53,finite(flux) AND finite(flux_err) AND flux_err > 0,True,Measurement-level observation eligible under DEC-006; no temporal fitting window applied.
AT2020wey,r,58449.5026273001,FLUX,2.205808494128111e-06,6.703394825711113e-06,,,,AT2020wey.json,54,finite(flux) AND finite(flux_err) AND flux_err > 0,True,Measurement-level observation eligible under DEC-006; no temporal fitting window applied.
AT2020wey,r,58455.471793999895,FLUX,-1.9788256274516125e-06,4.8591582698190674e-06,,,,AT2020wey.json,57,finite(flux) AND finite(flux_err) AND flux_err > 0,True,Measurement-level observation eligible under DEC-006; no temporal fitting window applied.
AT2020wey,r,58465.4930786998,FLUX,5.040260168864127e-06,4.577440507792857e-06,,,,AT2020wey.json,60,finite(flux) AND finite(flux_err) AND flux_err > 0,True,Measurement-level observation eligible under DEC-006; no temporal fitting window applied.
AT2020wey,r,58465.493981500156,FLUX,4.3900989133981616e-07,7.089185794100209e-06,,,,AT2020wey.json,61,finite(flux) AND finite(flux_err) AND flux_err > 0,True,Measurement-level observation eligible under DEC-006; no temporal fitting window applied.
AT2020wey,r,58468.484479200095,FLUX,8.879222447067325e-06,4.332266148779894e-06,,,,AT2020wey.json,66,finite(flux) AND finite(flux_err) AND flux_err > 0,True,Measurement-level observation eligible under DEC-006; no temporal fitting window applied.
AT2020wey,r,58468.48637730023,FLUX,3.0808167645338445e-08,3.893728975626135e-06,,,,AT2020wey.json,67,finite(flux) AND finite(flux_err) AND flux_err > 0,True,Measurement-level observation eligible under DEC-006; no temporal fitting window applied.
AT2020wey,r,58472.450555600226,FLUX,-6.696402199055363e-06,6.184189515233336e-06,,,,AT2020wey.json,69,finite(flux) AND finite(flux_err) AND flux_err > 0,True,Measurement-level observation eligible under DEC-006; no temporal fitting window applied.
AT2020wey,r,58472.4514583,FLUX,2.9251509049867825e-06,5.9777882884353635e-06,,,,AT2020wey.json,70,finite(flux) AND finite(flux_err) AND flux_err > 0,True,Measurement-level observation eligible under DEC-006; no temporal fitting window applied.
AT2020wey,r,58476.42886570003,FLUX,1.5445300781253838e-06,7.4066281191983425e-06,,,,AT2020wey.json,75,finite(flux) AND finite(flux_err) AND flux_err > 0,True,Measurement-level observation eligible under DEC-006; no temporal fitting window applied.
AT2020wey,r,58476.43209489994,FLUX,-1.1202331291091835e-05,8.684512003667055e-06,,,,AT2020wey.json,76,finite(flux) AND finite(flux_err) AND flux_err > 0,True,Measurement-level observation eligible under DEC-006; no temporal fitting window applied.
AT2020wey,r,58480.4305786998,FLUX,4.69699506779304e-06,6.84351976639685e-06,,,,AT2020wey.json,77,finite(flux) AND finite(flux_err) AND flux_err > 0,True,Measurement-level observation eligible under DEC-006; no temporal fitting window applied.
AT2020wey,r,58481.45230320003,FLUX,9.832309088273885e-06,4.194790489591252e-06,,,,AT2020wey.json,79,finite(flux) AND finite(flux_err) AND flux_err > 0,True,Measurement-level observation eligible under DEC-006; no temporal fitting window applied.
AT2020wey,r,58486.4635648001,FLUX,-6.0950399444605785e-06,4.6518694490220965e-06,,,,AT2020wey.json,84,finite(flux) AND finite(flux_err) AND flux_err > 0,True,Measurement-level observation eligible under DEC-006; no temporal fitting window applied.
AT2020wey,r,58486.464479200076,FLUX,-5.55519211749957e-07,4.721527805662428e-06,,,,AT2020wey.json,85,finite(flux) AND finite(flux_err) AND flux_err > 0,True,Measurement-level observation eligible under DEC-006; no temporal fitting window applied.
AT2020wey,r,58487.42962960014,FLUX,-2.8295423586864807e-06,5.24000015206565e-06,,,,AT2020wey.json,86,finite(flux) AND finite(flux_err) AND flux_err > 0,True,Measurement-level observation eligible under DEC-006; no temporal fitting window applied.
AT2020wey,r,58491.233067099936,FLUX,7.982508177004962e-07,6.2237192578762066e-06,,,,AT2020wey.json,89,finite(flux) AND finite(flux_err) AND flux_err > 0,True,Measurement-level observation eligible under DEC-006; no temporal fitting window applied.
AT2020wey,r,58491.23503470002,FLUX,9.5299684872821e-06,6.097832448127335e-06,,,,AT2020wey.json,90,finite(flux) AND finite(flux_err) AND flux_err > 0,True,Measurement-level observation eligible under DEC-006; no temporal fitting window applied.
AT2020wey,r,58493.45119210007,FLUX,4.307618635838466e-06,3.609925133665366e-06,,,,AT2020wey.json,91,finite(flux) AND finite(flux_err) AND flux_err > 0,True,Measurement-level observation eligible under DEC-006; no temporal fitting window applied.
AT2020wey,r,58493.48208330013,FLUX,-9.050406459219983e-06,3.930152583380276e-06,,,,AT2020wey.json,92,finite(flux) AND finite(flux_err) AND flux_err > 0,True,Measurement-level observation eligible under DEC-006; no temporal fitting window applied.
AT2020wey,r,58502.50929399999,FLUX,3.9323794362224565e-06,1.2469342853617808e-05,,,,AT2020wey.json,94,finite(flux) AND finite(flux_err) AND flux_err > 0,True,Measurement-level observation eligible under DEC-006; no temporal fitting window applied.
AT2020wey,r,58502.51020829985,FLUX,-2.1247966902074643e-07,1.2515408608735409e-05,,,,AT2020wey.json,95,finite(flux) AND finite(flux_err) AND flux_err > 0,True,Measurement-level observation eligible under DEC-006; no temporal fitting window applied.
AT2020wey,r,58503.46718750009,FLUX,-7.725345694292761e-06,1.5121109121729146e-05,,,,AT2020wey.json,96,finite(flux) AND finite(flux_err) AND flux_err > 0,True,Measurement-level observation eligible under DEC-006; no temporal fitting window applied.
AT2020wey,r,58504.27505790023,FLUX,-1.221308168245332e-05,9.046607488776932e-06,,,,AT2020wey.json,97,finite(flux) AND finite(flux_err) AND flux_err > 0,True,Measurement-level observation eligible under DEC-006; no temporal fitting window applied.
AT2020wey,r,58506.430486099795,FLUX,-8.880595184662687e-07,1.1650378144547439e-05,,,,AT2020wey.json,98,finite(flux) AND finite(flux_err) AND flux_err > 0,True,Measurement-level observation eligible under DEC-006; no temporal fitting window applied.
AT2020wey,r,58507.27460649982,FLUX,4.0452330985069994e-06,6.009878911587982e-06,,,,AT2020wey.json,99,finite(flux) AND finite(flux_err) AND flux_err > 0,True,Measurement-level observation eligible under DEC-006; no temporal fitting window applied.
AT2020wey,r,58508.25111109996,FLUX,1.1119172997648392e-05,6.905837349898241e-06,,,,AT2020wey.json,104,finite(flux) AND finite(flux_err) AND flux_err > 0,True,Measurement-level observation eligible under DEC-006; no temporal fitting window applied.
AT2020wey,r,58508.25209489977,FLUX,-7.65085835114858e-06,5.795367617149981e-06,,,,AT2020wey.json,105,finite(flux) AND finite(flux_err) AND flux_err > 0,True,Measurement-level observation eligible under DEC-006; no temporal fitting window applied.
AT2020wey,r,58509.28287040023,FLUX,5.253729608600377e-07,7.789737347888387e-06,,,,AT2020wey.json,107,finite(flux) AND finite(flux_err) AND flux_err > 0,True,Measurement-level observation eligible under DEC-006; no temporal fitting window applied.
AT2020wey,r,58509.47443290008,FLUX,-7.420887801258283e-06,7.979154548835148e-06,,,,AT2020wey.json,108,finite(flux) AND finite(flux_err) AND flux_err > 0,True,Measurement-level observation eligible under DEC-006; no temporal fitting window applied.
AT2020wey,r,58522.21244210005,FLUX,-6.372355307411348e-06,4.3161406003436065e-06,,,,AT2020wey.json,111,finite(flux) AND finite(flux_err) AND flux_err > 0,True,Measurement-level observation eligible under DEC-006; no temporal fitting window applied.
AT2020wey,r,58523.219502300024,FLUX,1.8543932746797908e-07,3.848218625738804e-06,,,,AT2020wey.json,113,finite(flux) AND finite(flux_err) AND flux_err > 0,True,Measurement-level observation eligible under DEC-006; no temporal fitting window applied.
AT2020wey,r,58523.2204167,FLUX,-2.9247854040449096e-06,3.846046524238347e-06,,,,AT2020wey.json,114,finite(flux) AND finite(flux_err) AND flux_err > 0,True,Measurement-level observation eligible under DEC-006; no temporal fitting window applied.
AT2020wey,r,58524.44410880003,FLUX,-4.661867310725062e-06,5.811097480667769e-06,,,,AT2020wey.json,115,finite(flux) AND finite(flux_err) AND flux_err > 0,True,Measurement-level observation eligible under DEC-006; no temporal fitting window applied.
AT2020wey,r,58526.219444400165,FLUX,-4.8388707025022196e-06,6.015247611359606e-06,,,,AT2020wey.json,116,finite(flux) AND finite(flux_err) AND flux_err > 0,True,Measurement-level observation eligible under DEC-006; no temporal fitting window applied.
AT2020wey,r,58526.2213078998,FLUX,8.82598320175009e-06,5.983692567203955e-06,,,,AT2020wey.json,117,finite(flux) AND finite(flux_err) AND flux_err > 0,True,Measurement-level observation eligible under DEC-006; no temporal fitting window applied.
AT2020wey,r,58534.34369210014,FLUX,-1.6409212589889518e-05,1.4829326475198252e-05,,,,AT2020wey.json,119,finite(flux) AND finite(flux_err) AND flux_err > 0,True,Measurement-level observation eligible under DEC-006; no temporal fitting window applied.
AT2020wey,r,58534.34461810021,FLUX,-2.3674820171622862e-05,1.333745773781621e-05,,,,AT2020wey.json,120,finite(flux) AND finite(flux_err) AND flux_err > 0,True,Measurement-level observation eligible under DEC-006; no temporal fitting window applied.
AT2020wey,r,58540.22858799994,FLUX,-4.017552045284204e-06,2.599208315606577e-06,,,,AT2020wey.json,122,finite(flux) AND finite(flux_err) AND flux_err > 0,True,Measurement-level observation eligible under DEC-006; no temporal fitting window applied.
AT2020wey,r,58540.27258099988,FLUX,-1.19033180968739e-06,4.49736224449626e-06,,,,AT2020wey.json,123,finite(flux) AND finite(flux_err) AND flux_err > 0,True,Measurement-level observation eligible under DEC-006; no temporal fitting window applied.
AT2020wey,r,58546.30439809989,FLUX,-4.845886306777375e-06,5.190179229961935e-06,,,,AT2020wey.json,126,finite(flux) AND finite(flux_err) AND flux_err > 0,True,Measurement-level observation eligible under DEC-006; no temporal fitting window applied.
AT2020wey,r,58546.30531249987,FLUX,-4.3792534097135435e-06,4.5527238432690505e-06,,,,AT2020wey.json,127,finite(flux) AND finite(flux_err) AND flux_err > 0,True,Measurement-level observation eligible under DEC-006; no temporal fitting window applied.
AT2020wey,r,58547.19749999978,FLUX,5.071492054685763e-06,4.260729795403833e-06,,,,AT2020wey.json,128,finite(flux) AND finite(flux_err) AND flux_err > 0,True,Measurement-level observation eligible under DEC-006; no temporal fitting window applied.
AT2020wey,r,58556.19540510001,FLUX,9.21159093796797e-06,7.948226009799118e-06,,,,AT2020wey.json,130,finite(flux) AND finite(flux_err) AND flux_err > 0,True,Measurement-level observation eligible under DEC-006; no temporal fitting window applied.
AT2020wey,r,58556.196307899896,FLUX,-1.1747382118203703e-05,6.8748500396622965e-06,,,,AT2020wey.json,131,finite(flux) AND finite(flux_err) AND flux_err > 0,True,Measurement-level observation eligible under DEC-006; no temporal fitting window applied.
AT2020wey,r,58557.21854169993,FLUX,9.996120100574312e-06,9.174634508217295e-06,,,,AT2020wey.json,132,finite(flux) AND finite(flux_err) AND flux_err > 0,True,Measurement-level observation eligible under DEC-006; no temporal fitting window applied.
AT2020wey,r,58558.19131939998,FLUX,4.919800618592852e-06,7.125489891534427e-06,,,,AT2020wey.json,133,finite(flux) AND finite(flux_err) AND flux_err > 0,True,Measurement-level observation eligible under DEC-006; no temporal fitting window applied.
AT2020wey,r,58558.20916670002,FLUX,-1.0758296050446168e-05,9.297474925804353e-06,,,,AT2020wey.json,134,finite(flux) AND finite(flux_err) AND flux_err > 0,True,Measurement-level observation eligible under DEC-006; no temporal fitting window applied.
AT2020wey,r,58559.21975689987,FLUX,-3.727121503089703e-06,7.212061534221802e-06,,,,AT2020wey.json,136,finite(flux) AND finite(flux_err) AND flux_err > 0,True,Measurement-level observation eligible under DEC-006; no temporal fitting window applied.
AT2020wey,r,58559.22065970022,FLUX,-5.991033936257354e-06,7.792320221339832e-06,,,,AT2020wey.json,137,finite(flux) AND finite(flux_err) AND flux_err > 0,True,Measurement-level observation eligible under DEC-006; no temporal fitting window applied.
AT2020wey,r,58560.32905089995,FLUX,8.069662396576958e-06,7.86985357495873e-06,,,,AT2020wey.json,142,finite(flux) AND finite(flux_err) AND flux_err > 0,True,Measurement-level observation eligible under DEC-006; no temporal fitting window applied.
AT2020wey,r,58562.341527800076,FLUX,-8.723546320245852e-06,1.4457402542114519e-05,,,,AT2020wey.json,145,finite(flux) AND finite(flux_err) AND flux_err > 0,True,Measurement-level observation eligible under DEC-006; no temporal fitting window applied.
AT2020wey,r,58562.342453700025,FLUX,-1.1468852856745725e-05,1.4952553005428922e-05,,,,AT2020wey.json,146,finite(flux) AND finite(flux_err) AND flux_err > 0,True,Measurement-level observation eligible under DEC-006; no temporal fitting window applied.
AT2020wey,r,58567.220104199834,FLUX,3.87935638614026e-06,4.243831125835786e-06,,,,AT2020wey.json,149,finite(flux) AND finite(flux_err) AND flux_err > 0,True,Measurement-level observation eligible under DEC-006; no temporal fitting window applied.
AT2020wey,r,58567.22100690007,FLUX,-2.0985755809077843e-06,4.335853122321184e-06,,,,AT2020wey.json,150,finite(flux) AND finite(flux_err) AND flux_err > 0,True,Measurement-level observation eligible under DEC-006; no temporal fitting window applied.
AT2020wey,r,58573.244629600085,FLUX,-1.7186104032536588e-05,5.584326294705174e-06,,,,AT2020wey.json,152,finite(flux) AND finite(flux_err) AND flux_err > 0,True,Measurement-level observation eligible under DEC-006; no temporal fitting window applied.
AT2020wey,r,58580.318171299994,FLUX,4.046794817751763e-06,7.422357614207556e-06,,,,AT2020wey.json,155,finite(flux) AND finite(flux_err) AND flux_err > 0,True,Measurement-level observation eligible under DEC-006; no temporal fitting window applied.
AT2020wey,r,58580.31939810002,FLUX,-9.521091881214775e-06,6.610681790888345e-06,,,,AT2020wey.json,156,finite(flux) AND finite(flux_err) AND flux_err > 0,True,Measurement-level observation eligible under DEC-006; no temporal fitting window applied.
AT2020wey,r,58581.24130789982,FLUX,4.419592496638746e-08,4.102251984900821e-06,,,,AT2020wey.json,158,finite(flux) AND finite(flux_err) AND flux_err > 0,True,Measurement-level observation eligible under DEC-006; no temporal fitting window applied.
AT2020wey,r,58582.1978356,FLUX,1.8164748506080737e-06,3.1206665662507e-06,,,,AT2020wey.json,159,finite(flux) AND finite(flux_err) AND flux_err > 0,True,Measurement-level observation eligible under DEC-006; no temporal fitting window applied.
AT2020wey,r,58582.2448148001,FLUX,-5.280380994833441e-06,4.1307451711621295e-06,,,,AT2020wey.json,160,finite(flux) AND finite(flux_err) AND flux_err > 0,True,Measurement-level observation eligible under DEC-006; no temporal fitting window applied.
AT2020wey,r,58584.16666670004,FLUX,3.153637676623109e-06,6.279902176063134e-06,,,,AT2020wey.json,162,finite(flux) AND finite(flux_err) AND flux_err > 0,True,Measurement-level observation eligible under DEC-006; no temporal fitting window applied.
AT2020wey,r,58585.144814800005,FLUX,-2.664982239094017e-06,4.405330860701336e-06,,,,AT2020wey.json,165,finite(flux) AND finite(flux_err) AND flux_err > 0,True,Measurement-level observation eligible under DEC-006; no temporal fitting window applied.
AT2020wey,r,58585.163611100055,FLUX,-9.317497750254615e-06,6.243479841237334e-06,,,,AT2020wey.json,166,finite(flux) AND finite(flux_err) AND flux_err > 0,True,Measurement-level observation eligible under DEC-006; no temporal fitting window applied.
AT2020wey,r,58586.22309029987,FLUX,-7.775538312290399e-07,5.870379601573666e-06,,,,AT2020wey.json,170,finite(flux) AND finite(flux_err) AND flux_err > 0,True,Measurement-level observation eligible under DEC-006; no temporal fitting window applied.
AT2020wey,r,58587.29449070012,FLUX,-1.3081946072558832e-06,1.18644164718937e-05,,,,AT2020wey.json,173,finite(flux) AND finite(flux_err) AND flux_err > 0,True,Measurement-level observation eligible under DEC-006; no temporal fitting window applied.
AT2020wey,r,58591.35932870023,FLUX,5.648675928499706e-06,1.3303298028391284e-05,,,,AT2020wey.json,176,finite(flux) AND finite(flux_err) AND flux_err > 0,True,Measurement-level observation eligible under DEC-006; no temporal fitting window applied.
AT2020wey,r,58592.23736110004,FLUX,9.874324243363388e-06,1.0500391428390078e-05,,,,AT2020wey.json,178,finite(flux) AND finite(flux_err) AND flux_err > 0,True,Measurement-level observation eligible under DEC-006; no temporal fitting window applied.
AT2020wey,r,58592.28627309995,FLUX,-6.979296623009136e-06,8.384582341711187e-06,,,,AT2020wey.json,179,finite(flux) AND finite(flux_err) AND flux_err > 0,True,Measurement-level observation eligible under DEC-006; no temporal fitting window applied.
AT2020wey,r,58593.32662039995,FLUX,-1.8061269615716568e-06,8.78963037382029e-06,,,,AT2020wey.json,180,finite(flux) AND finite(flux_err) AND flux_err > 0,True,Measurement-level observation eligible under DEC-006; no temporal fitting window applied.
AT2020wey,r,58594.16340279998,FLUX,-1.06606229738672e-06,4.456936389228167e-06,,,,AT2020wey.json,181,finite(flux) AND finite(flux_err) AND flux_err > 0,True,Measurement-level observation eligible under DEC-006; no temporal fitting window applied.
AT2020wey,r,58594.16430559987,FLUX,-4.268713939241387e-06,4.870651010990941e-06,,,,AT2020wey.json,182,finite(flux) AND finite(flux_err) AND flux_err > 0,True,Measurement-level observation eligible under DEC-006; no temporal fitting window applied.
AT2020wey,r,58599.15993059985,FLUX,-1.7769262909949113e-06,4.371177508364948e-06,,,,AT2020wey.json,188,finite(flux) AND finite(flux_err) AND flux_err > 0,True,Measurement-level observation eligible under DEC-006; no temporal fitting window applied.
AT2020wey,r,58601.265497699846,FLUX,4.884049524765414e-06,4.35025908666837e-06,,,,AT2020wey.json,190,finite(flux) AND finite(flux_err) AND flux_err > 0,True,Measurement-level observation eligible under DEC-006; no temporal fitting window applied.
AT2020wey,r,58601.2664005002,FLUX,5.3395266890085886e-08,4.358037200018763e-06,,,,AT2020wey.json,191,finite(flux) AND finite(flux_err) AND flux_err > 0,True,Measurement-level observation eligible under DEC-006; no temporal fitting window applied.
AT2020wey,r,58606.18033559993,FLUX,-1.2554934662308255e-06,4.563414112052399e-06,,,,AT2020wey.json,195,finite(flux) AND finite(flux_err) AND flux_err > 0,True,Measurement-level observation eligible under DEC-006; no temporal fitting window applied.
AT2020wey,r,58606.18293979997,FLUX,1.6734714411785658e-06,4.189036281857701e-06,,,,AT2020wey.json,196,finite(flux) AND finite(flux_err) AND flux_err > 0,True,Measurement-level observation eligible under DEC-006; no temporal fitting window applied.
AT2020wey,r,58608.22622689977,FLUX,-8.92996920998411e-07,5.067264125665854e-06,,,,AT2020wey.json,198,finite(flux) AND finite(flux_err) AND flux_err > 0,True,Measurement-level observation eligible under DEC-006; no temporal fitting window applied.
AT2020wey,r,58617.22106479993,FLUX,1.9943872137284513e-06,6.9067993130563e-06,,,,AT2020wey.json,201,finite(flux) AND finite(flux_err) AND flux_err > 0,True,Measurement-level observation eligible under DEC-006; no temporal fitting window applied.
AT2020wey,r,58617.222037000116,FLUX,1.1475997784648571e-05,7.147756309404801e-06,,,,AT2020wey.json,202,finite(flux) AND finite(flux_err) AND flux_err > 0,True,Measurement-level observation eligible under DEC-006; no temporal fitting window applied.
AT2020wey,r,58633.17961810017,FLUX,-3.494922169754916e-06,5.5859416728598855e-06,,,,AT2020wey.json,204,finite(flux) AND finite(flux_err) AND flux_err > 0,True,Measurement-level observation eligible under DEC-006; no temporal fitting window applied.
AT2020wey,r,58637.17173610022,FLUX,-6.61772228951678e-08,6.325911171293038e-06,,,,AT2020wey.json,205,finite(flux) AND finite(flux_err) AND flux_err > 0,True,Measurement-level observation eligible under DEC-006; no temporal fitting window applied.
AT2020wey,r,58640.226041700225,FLUX,-1.6548653099859665e-06,6.31368635261895e-06,,,,AT2020wey.json,206,finite(flux) AND finite(flux_err) AND flux_err > 0,True,Measurement-level observation eligible under DEC-006; no temporal fitting window applied.
AT2020wey,r,58646.21579860011,FLUX,-3.080816764533822e-08,8.149469191955502e-06,,,,AT2020wey.json,208,finite(flux) AND finite(flux_err) AND flux_err > 0,True,Measurement-level observation eligible under DEC-006; no temporal fitting window applied.
AT2020wey,r,58649.22307869978,FLUX,-3.887629297236291e-06,1.4175450649482243e-05,,,,AT2020wey.json,209,finite(flux) AND finite(flux_err) AND flux_err > 0,True,Measurement-level observation eligible under DEC-006; no temporal fitting window applied.
AT2020wey,r,58730.519791699946,FLUX,4.1980808642553395e-06,1.5581246645591086e-05,,,,AT2020wey.json,210,finite(flux) AND finite(flux_err) AND flux_err > 0,True,Measurement-level observation eligible under DEC-006; no temporal fitting window applied.
AT2020wey,r,58745.49012729991,FLUX,3.067821842605387e-06,1.0291061953570934e-05,,,,AT2020wey.json,212,finite(flux) AND finite(flux_err) AND flux_err > 0,True,Measurement-level observation eligible under DEC-006; no temporal fitting window applied.
AT2020wey,r,58748.491388900205,FLUX,8.667713540736521e-08,7.41048763581131e-06,,,,AT2020wey.json,214,finite(flux) AND finite(flux_err) AND flux_err > 0,True,Measurement-level observation eligible under DEC-006; no temporal fitting window applied.
AT2020wey,r,58756.53266200004,FLUX,4.427108743547464e-06,1.0524628139358227e-05,,,,AT2020wey.json,217,finite(flux) AND finite(flux_err) AND flux_err > 0,True,Measurement-level observation eligible under DEC-006; no temporal fitting window applied.
AT2020wey,r,58757.44847219996,FLUX,-7.737779849979724e-06,6.124841112280417e-06,,,,AT2020wey.json,218,finite(flux) AND finite(flux_err) AND flux_err > 0,True,Measurement-level observation eligible under DEC-006; no temporal fitting window applied.
AT2020wey,r,58759.514652799815,FLUX,5.313370365543509e-06,5.188588341534025e-06,,,,AT2020wey.json,220,finite(flux) AND finite(flux_err) AND flux_err > 0,True,Measurement-level observation eligible under DEC-006; no temporal fitting window applied.
AT2020wey,r,58766.53299769992,FLUX,2.4402165827493495e-06,7.014063934923871e-06,,,,AT2020wey.json,223,finite(flux) AND finite(flux_err) AND flux_err > 0,True,Measurement-level observation eligible under DEC-006; no temporal fitting window applied.
AT2020wey,r,58769.47190969996,FLUX,1.5570704535056328e-05,9.586207417887832e-06,,,,AT2020wey.json,224,finite(flux) AND finite(flux_err) AND flux_err > 0,True,Measurement-level observation eligible under DEC-006; no temporal fitting window applied.
AT2020wey,r,58776.488541699946,FLUX,-4.217336488278965e-06,6.239160573111505e-06,,,,AT2020wey.json,226,finite(flux) AND finite(flux_err) AND flux_err > 0,True,Measurement-level observation eligible under DEC-006; no temporal fitting window applied.
AT2020wey,r,58776.48899309989,FLUX,-6.2689035438546334e-06,5.874622587657899e-06,,,,AT2020wey.json,227,finite(flux) AND finite(flux_err) AND flux_err > 0,True,Measurement-level observation eligible under DEC-006; no temporal fitting window applied.
AT2020wey,r,58778.495810199995,FLUX,-2.223776153600394e-06,8.44871016621808e-06,,,,AT2020wey.json,228,finite(flux) AND finite(flux_err) AND flux_err > 0,True,Measurement-level observation eligible under DEC-006; no temporal fitting window applied.
AT2020wey,r,58783.516990699805,FLUX,-2.052222887379892e-06,6.161991753265501e-06,,,,AT2020wey.json,230,finite(flux) AND finite(flux_err) AND flux_err > 0,True,Measurement-level observation eligible under DEC-006; no temporal fitting window applied.
AT2020wey,r,58783.51743059978,FLUX,4.091352254218454e-06,6.985774492524867e-06,,,,AT2020wey.json,231,finite(flux) AND finite(flux_err) AND flux_err > 0,True,Measurement-level observation eligible under DEC-006; no temporal fitting window applied.
AT2020wey,r,58788.53988429997,FLUX,-6.23142854464946e-06,5.675874497019129e-06,,,,AT2020wey.json,233,finite(flux) AND finite(flux_err) AND flux_err > 0,True,Measurement-level observation eligible under DEC-006; no temporal fitting window applied.
AT2020wey,r,58791.50956019992,FLUX,-6.8895010258493035e-06,4.610439186407358e-06,,,,AT2020wey.json,234,finite(flux) AND finite(flux_err) AND flux_err > 0,True,Measurement-level observation eligible under DEC-006; no temporal fitting window applied.
AT2020wey,r,58794.53771989979,FLUX,-2.1173614884894435e-06,4.74788941835721e-06,,,,AT2020wey.json,235,finite(flux) AND finite(flux_err) AND flux_err > 0,True,Measurement-level observation eligible under DEC-006; no temporal fitting window applied.
AT2020wey,r,58798.43109950004,FLUX,-5.5175030819118316e-06,1.0890725112990696e-05,,,,AT2020wey.json,236,finite(flux) AND finite(flux_err) AND flux_err > 0,True,Measurement-level observation eligible under DEC-006; no temporal fitting window applied.
AT2020wey,r,58804.53123839991,FLUX,8.518440143937825e-07,1.0443847082284248e-05,,,,AT2020wey.json,239,finite(flux) AND finite(flux_err) AND flux_err > 0,True,Measurement-level observation eligible under DEC-006; no temporal fitting window applied.
AT2020wey,r,58804.53678240022,FLUX,-1.0017806629323483e-05,8.061538466765139e-06,,,,AT2020wey.json,240,finite(flux) AND finite(flux_err) AND flux_err > 0,True,Measurement-level observation eligible under DEC-006; no temporal fitting window applied.
AT2020wey,r,58804.53723380016,FLUX,8.287219920789259e-06,8.564301348903979e-06,,,,AT2020wey.json,241,finite(flux) AND finite(flux_err) AND flux_err > 0,True,Measurement-level observation eligible under DEC-006; no temporal fitting window applied.
AT2020wey,r,58806.54453699989,FLUX,1.0621221184979253e-05,4.724917153722361e-06,,,,AT2020wey.json,244,finite(flux) AND finite(flux_err) AND flux_err > 0,True,Measurement-level observation eligible under DEC-006; no temporal fitting window applied.
AT2020wey,r,58806.54498839984,FLUX,-6.985654057118689e-07,4.553825486051469e-06,,,,AT2020wey.json,245,finite(flux) AND finite(flux_err) AND flux_err > 0,True,Measurement-level observation eligible under DEC-006; no temporal fitting window applied.
AT2020wey,r,58812.5614467999,FLUX,1.403742990336093e-06,6.235741497253752e-06,,,,AT2020wey.json,247,finite(flux) AND finite(flux_err) AND flux_err > 0,True,Measurement-level observation eligible under DEC-006; no temporal fitting window applied.
AT2020wey,r,58827.324178200215,FLUX,-3.991175496924184e-06,9.020658410242124e-06,,,,AT2020wey.json,248,finite(flux) AND finite(flux_err) AND flux_err > 0,True,Measurement-level observation eligible under DEC-006; no temporal fitting window applied.
AT2020wey,r,58827.32462960016,FLUX,6.370225615201629e-06,1.180629352635864e-05,,,,AT2020wey.json,249,finite(flux) AND finite(flux_err) AND flux_err > 0,True,Measurement-level observation eligible under DEC-006; no temporal fitting window applied.
AT2020wey,r,58827.44445599988,FLUX,4.628034430306956e-06,1.0043034211961204e-05,,,,AT2020wey.json,250,finite(flux) AND finite(flux_err) AND flux_err > 0,True,Measurement-level observation eligible under DEC-006; no temporal fitting window applied.
AT2020wey,r,58828.333159700036,FLUX,4.236014590408363e-06,6.73607808818449e-06,,,,AT2020wey.json,251,finite(flux) AND finite(flux_err) AND flux_err > 0,True,Measurement-level observation eligible under DEC-006; no temporal fitting window applied.
AT2020wey,r,58828.33361109998,FLUX,9.80717237708789e-06,6.518225742494461e-06,,,,AT2020wey.json,252,finite(flux) AND finite(flux_err) AND flux_err > 0,True,Measurement-level observation eligible under DEC-006; no temporal fitting window applied.
AT2020wey,r,58830.32987269992,FLUX,-7.556095668885818e-06,7.622202443871742e-06,,,,AT2020wey.json,253,finite(flux) AND finite(flux_err) AND flux_err > 0,True,Measurement-level observation eligible under DEC-006; no temporal fitting window applied.
AT2020wey,r,58830.33031249978,FLUX,5.146678953874534e-06,7.314002948577643e-06,,,,AT2020wey.json,254,finite(flux) AND finite(flux_err) AND flux_err > 0,True,Measurement-level observation eligible under DEC-006; no temporal fitting window applied.
AT2020wey,r,58830.4525462999,FLUX,6.095290139783882e-06,7.734633634910025e-06,,,,AT2020wey.json,255,finite(flux) AND finite(flux_err) AND flux_err > 0,True,Measurement-level observation eligible under DEC-006; no temporal fitting window applied.
AT2020wey,r,58831.42818289995,FLUX,6.985654057118683e-07,6.258543952159447e-06,,,,AT2020wey.json,257,finite(flux) AND finite(flux_err) AND flux_err > 0,True,Measurement-level observation eligible under DEC-006; no temporal fitting window applied.
AT2020wey,r,58831.4286342999,FLUX,4.780869595241039e-07,1.00182635123163e-05,,,,AT2020wey.json,258,finite(flux) AND finite(flux_err) AND flux_err > 0,True,Measurement-level observation eligible under DEC-006; no temporal fitting window applied.
AT2020wey,r,58831.42998840008,FLUX,-4.105553424464471e-06,9.304209397203854e-06,,,,AT2020wey.json,259,finite(flux) AND finite(flux_err) AND flux_err > 0,True,Measurement-level observation eligible under DEC-006; no temporal fitting window applied.
AT2020wey,r,58833.418252300005,FLUX,6.788567160705253e-06,8.010190081759528e-06,,,,AT2020wey.json,260,finite(flux) AND finite(flux_err) AND flux_err > 0,True,Measurement-level observation eligible under DEC-006; no temporal fitting window applied.
AT2020wey,r,58833.41960649984,FLUX,-8.068171982272e-06,1.0158334103975151e-05,,,,AT2020wey.json,261,finite(flux) AND finite(flux_err) AND flux_err > 0,True,Measurement-level observation eligible under DEC-006; no temporal fitting window applied.
AT2020wey,r,58833.420057899784,FLUX,-1.5764986419811678e-05,7.5205643567196234e-06,,,,AT2020wey.json,262,finite(flux) AND finite(flux_err) AND flux_err > 0,True,Measurement-level observation eligible under DEC-006; no temporal fitting window applied.
AT2020wey,r,58833.465983800124,FLUX,-8.274724101783344e-06,1.066809313213648e-05,,,,AT2020wey.json,263,finite(flux) AND finite(flux_err) AND flux_err > 0,True,Measurement-level observation eligible under DEC-006; no temporal fitting window applied.
AT2020wey,r,58833.46700230008,FLUX,3.716540961613731e-06,1.0942452668386464e-05,,,,AT2020wey.json,264,finite(flux) AND finite(flux_err) AND flux_err > 0,True,Measurement-level observation eligible under DEC-006; no temporal fitting window applied.
AT2020wey,r,58835.45740740001,FLUX,1.1337995994549388e-06,7.543987365848339e-06,,,,AT2020wey.json,267,finite(flux) AND finite(flux_err) AND flux_err > 0,True,Measurement-level observation eligible under DEC-006; no temporal fitting window applied.
AT2020wey,r,58835.457870400045,FLUX,-1.9526564661557463e-06,6.9204874622824335e-06,,,,AT2020wey.json,268,finite(flux) AND finite(flux_err) AND flux_err > 0,True,Measurement-level observation eligible under DEC-006; no temporal fitting window applied.
AT2020wey,r,58835.45832179999,FLUX,-8.773471428101858e-06,8.364309414329846e-06,,,,AT2020wey.json,269,finite(flux) AND finite(flux_err) AND flux_err > 0,True,Measurement-level observation eligible under DEC-006; no temporal fitting window applied.
AT2020wey,r,58835.47100690007,FLUX,5.209544050308436e-07,8.139366455891293e-06,,,,AT2020wey.json,270,finite(flux) AND finite(flux_err) AND flux_err > 0,True,Measurement-level observation eligible under DEC-006; no temporal fitting window applied.
AT2020wey,r,58836.48896990018,FLUX,3.316671854393726e-06,4.579906380993697e-06,,,,AT2020wey.json,272,finite(flux) AND finite(flux_err) AND flux_err > 0,True,Measurement-level observation eligible under DEC-006; no temporal fitting window applied.
AT2020wey,r,58836.49077549996,FLUX,-2.6399000000932197e-06,5.126991677239917e-06,,,,AT2020wey.json,273,finite(flux) AND finite(flux_err) AND flux_err > 0,True,Measurement-level observation eligible under DEC-006; no temporal fitting window applied.
AT2020wey,r,58837.42195599992,FLUX,-3.753082957097969e-06,7.914278096161909e-06,,,,AT2020wey.json,274,finite(flux) AND finite(flux_err) AND flux_err > 0,True,Measurement-level observation eligible under DEC-006; no temporal fitting window applied.
AT2020wey,r,58846.47549769981,FLUX,-2.3095976385011394e-06,3.8237476556956056e-06,,,,AT2020wey.json,276,finite(flux) AND finite(flux_err) AND flux_err > 0,True,Measurement-level observation eligible under DEC-006; no temporal fitting window applied.
AT2020wey,r,58846.47646989999,FLUX,-1.8950439327733912e-06,4.173361059974434e-06,,,,AT2020wey.json,277,finite(flux) AND finite(flux_err) AND flux_err > 0,True,Measurement-level observation eligible under DEC-006; no temporal fitting window applied.
AT2020wey,r,58849.437951399945,FLUX,-1.9860976428795324e-06,4.2178255591711554e-06,,,,AT2020wey.json,280,finite(flux) AND finite(flux_err) AND flux_err > 0,True,Measurement-level observation eligible under DEC-006; no temporal fitting window applied.
AT2020wey,r,58850.47417820012,FLUX,-1.180419621421763e-05,7.2314005549335845e-06,,,,AT2020wey.json,284,finite(flux) AND finite(flux_err) AND flux_err > 0,True,Measurement-level observation eligible under DEC-006; no temporal fitting window applied.
AT2020wey,r,58850.47508100001,FLUX,-6.515981680380028e-06,6.5173909872071945e-06,,,,AT2020wey.json,285,finite(flux) AND finite(flux_err) AND flux_err > 0,True,Measurement-level observation eligible under DEC-006; no temporal fitting window applied.
AT2020wey,r,58851.44939809991,FLUX,1.952684940503463e-06,4.971565784750277e-06,,,,AT2020wey.json,286,finite(flux) AND finite(flux_err) AND flux_err > 0,True,Measurement-level observation eligible under DEC-006; no temporal fitting window applied.
AT2020wey,r,58851.48712959979,FLUX,4.41155690355056e-06,5.673425202217764e-06,,,,AT2020wey.json,287,finite(flux) AND finite(flux_err) AND flux_err > 0,True,Measurement-level observation eligible under DEC-006; no temporal fitting window applied.
AT2020wey,r,58851.48804400023,FLUX,-3.8121443494901705e-06,5.015451967967365e-06,,,,AT2020wey.json,288,finite(flux) AND finite(flux_err) AND flux_err > 0,True,Measurement-level observation eligible under DEC-006; no temporal fitting window applied.
AT2020wey,r,58852.421203699894,FLUX,1.2589702275231888e-06,4.023089517767617e-06,,,,AT2020wey.json,289,finite(flux) AND finite(flux_err) AND flux_err > 0,True,Measurement-level observation eligible under DEC-006; no temporal fitting window applied.
AT2020wey,r,58853.435069399886,FLUX,5.684718961395021e-07,3.7599085743697504e-06,,,,AT2020wey.json,291,finite(flux) AND finite(flux_err) AND flux_err > 0,True,Measurement-level observation eligible under DEC-006; no temporal fitting window applied.
AT2020wey,r,58855.34456019988,FLUX,3.0653529956374255e-06,8.152932543912707e-06,,,,AT2020wey.json,293,finite(flux) AND finite(flux_err) AND flux_err > 0,True,Measurement-level observation eligible under DEC-006; no temporal fitting window applied.
AT2020wey,r,58855.34546299977,FLUX,2.073799581058614e-06,9.425287729846194e-06,,,,AT2020wey.json,294,finite(flux) AND finite(flux_err) AND flux_err > 0,True,Measurement-level observation eligible under DEC-006; no temporal fitting window applied.
AT2020wey,r,58856.29913190007,FLUX,-1.990160460866143e-06,5.318083175882545e-06,,,,AT2020wey.json,297,finite(flux) AND finite(flux_err) AND flux_err > 0,True,Measurement-level observation eligible under DEC-006; no temporal fitting window applied.
AT2020wey,r,58856.30003469996,FLUX,-8.847574036296724e-08,6.802777598588992e-06,,,,AT2020wey.json,298,finite(flux) AND finite(flux_err) AND flux_err > 0,True,Measurement-level observation eligible under DEC-006; no temporal fitting window applied.
AT2020wey,r,58859.2567245001,FLUX,1.9591486458833564e-06,1.1510099605959489e-05,,,,AT2020wey.json,299,finite(flux) AND finite(flux_err) AND flux_err > 0,True,Measurement-level observation eligible under DEC-006; no temporal fitting window applied.
AT2020wey,r,58859.35562499985,FLUX,-3.138953640725925e-05,1.5450582795002686e-05,,,,AT2020wey.json,300,finite(flux) AND finite(flux_err) AND flux_err > 0,True,Measurement-level observation eligible under DEC-006; no temporal fitting window applied.
AT2020wey,r,58859.356527800206,FLUX,-6.851135845530134e-07,1.4558998583095865e-05,,,,AT2020wey.json,301,finite(flux) AND finite(flux_err) AND flux_err > 0,True,Measurement-level observation eligible under DEC-006; no temporal fitting window applied.
AT2020wey,r,58860.24843750009,FLUX,-3.2589705347030226e-07,1.342584899976365e-05,,,,AT2020wey.json,304,finite(flux) AND finite(flux_err) AND flux_err > 0,True,Measurement-level observation eligible under DEC-006; no temporal fitting window applied.
AT2020wey,r,58860.361527800094,FLUX,4.25512412754607e-06,9.594229739859227e-06,,,,AT2020wey.json,305,finite(flux) AND finite(flux_err) AND flux_err > 0,True,Measurement-level observation eligible under DEC-006; no temporal fitting window applied.
AT2020wey,r,58860.362430599984,FLUX,-2.257240410204266e-06,1.0642885046872496e-05,,,,AT2020wey.json,306,finite(flux) AND finite(flux_err) AND flux_err > 0,True,Measurement-level observation eligible under DEC-006; no temporal fitting window applied.
AT2020wey,r,58861.306330999825,FLUX,1.587334836792207e-05,1.1141527004369757e-05,,,,AT2020wey.json,307,finite(flux) AND finite(flux_err) AND flux_err > 0,True,Measurement-level observation eligible under DEC-006; no temporal fitting window applied.
AT2020wey,r,58861.30723380018,FLUX,-3.019911523772135e-06,1.1143509347390293e-05,,,,AT2020wey.json,308,finite(flux) AND finite(flux_err) AND flux_err > 0,True,Measurement-level observation eligible under DEC-006; no temporal fitting window applied.
AT2020wey,r,58862.315277799964,FLUX,-3.456777276831721e-06,6.366353747444791e-06,,,,AT2020wey.json,311,finite(flux) AND finite(flux_err) AND flux_err > 0,True,Measurement-level observation eligible under DEC-006; no temporal fitting window applied.
AT2020wey,r,58862.316701400094,FLUX,-8.878357019535659e-07,6.511176309525615e-06,,,,AT2020wey.json,312,finite(flux) AND finite(flux_err) AND flux_err > 0,True,Measurement-level observation eligible under DEC-006; no temporal fitting window applied.
AT2020wey,r,58862.32459490001,FLUX,-4.962544170689804e-06,6.3232755275723765e-06,,,,AT2020wey.json,313,finite(flux) AND finite(flux_err) AND flux_err > 0,True,Measurement-level observation eligible under DEC-006; no temporal fitting window applied.
AT2020wey,r,58864.223495400045,FLUX,1.7878650044258178e-06,4.33053285773993e-06,,,,AT2020wey.json,317,finite(flux) AND finite(flux_err) AND flux_err > 0,True,Measurement-level observation eligible under DEC-006; no temporal fitting window applied.
AT2020wey,r,58864.22450229991,FLUX,3.118593957086812e-06,4.41670303294182e-06,,,,AT2020wey.json,318,finite(flux) AND finite(flux_err) AND flux_err > 0,True,Measurement-level observation eligible under DEC-006; no temporal fitting window applied.
AT2020wey,r,58866.34718749998,FLUX,-5.693989617555256e-06,5.250262162985803e-06,,,,AT2020wey.json,319,finite(flux) AND finite(flux_err) AND flux_err > 0,True,Measurement-level observation eligible under DEC-006; no temporal fitting window applied.
AT2020wey,r,58866.34807869978,FLUX,5.793682706441163e-06,3.94520177811587e-06,,,,AT2020wey.json,320,finite(flux) AND finite(flux_err) AND flux_err > 0,True,Measurement-level observation eligible under DEC-006; no temporal fitting window applied.
AT2020wey,r,58867.35008100001,FLUX,-4.433821670889245e-06,5.19916346129642e-06,,,,AT2020wey.json,322,finite(flux) AND finite(flux_err) AND flux_err > 0,True,Measurement-level observation eligible under DEC-006; no temporal fitting window applied.
AT2020wey,r,58867.3509837999,FLUX,6.8553658764674e-06,4.678391206977689e-06,,,,AT2020wey.json,323,finite(flux) AND finite(flux_err) AND flux_err > 0,True,Measurement-level observation eligible under DEC-006; no temporal fitting window applied.
AT2020wey,r,58871.32040510001,FLUX,2.614715082417085e-07,4.883438194444874e-06,,,,AT2020wey.json,326,finite(flux) AND finite(flux_err) AND flux_err > 0,True,Measurement-level observation eligible under DEC-006; no temporal fitting window applied.
AT2020wey,r,58871.32131939987,FLUX,5.189790380139861e-06,4.636627274433072e-06,,,,AT2020wey.json,327,finite(flux) AND finite(flux_err) AND flux_err > 0,True,Measurement-level observation eligible under DEC-006; no temporal fitting window applied.
AT2020wey,r,58873.265625,FLUX,4.771337866482451e-06,3.7459573238363757e-06,,,,AT2020wey.json,330,finite(flux) AND finite(flux_err) AND flux_err > 0,True,Measurement-level observation eligible under DEC-006; no temporal fitting window applied.
AT2020wey,r,58873.2665161998,FLUX,5.215767217720647e-06,3.921646326182769e-06,,,,AT2020wey.json,331,finite(flux) AND finite(flux_err) AND flux_err > 0,True,Measurement-level observation eligible under DEC-006; no temporal fitting window applied.
AT2020wey,r,58874.25979170017,FLUX,-1.376651945307958e-05,4.979524304823378e-06,,,,AT2020wey.json,334,finite(flux) AND finite(flux_err) AND flux_err > 0,True,Measurement-level observation eligible under DEC-006; no temporal fitting window applied.
AT2020wey,r,58874.26068289997,FLUX,7.114328848849693e-06,5.19895785739208e-06,,,,AT2020wey.json,335,finite(flux) AND finite(flux_err) AND flux_err > 0,True,Measurement-level observation eligible under DEC-006; no temporal fitting window applied.
AT2020wey,r,58875.26079860004,FLUX,4.528872818303135e-06,3.233300125784306e-06,,,,AT2020wey.json,338,finite(flux) AND finite(flux_err) AND flux_err > 0,True,Measurement-level observation eligible under DEC-006; no temporal fitting window applied.
AT2020wey,r,58875.261701399926,FLUX,2.6772665931573305e-06,3.829964684690287e-06,,,,AT2020wey.json,339,finite(flux) AND finite(flux_err) AND flux_err > 0,True,Measurement-level observation eligible under DEC-006; no temporal fitting window applied.
AT2020wey,r,58876.26571760001,FLUX,-1.0784415738087992e-06,4.2087013063367256e-06,,,,AT2020wey.json,344,finite(flux) AND finite(flux_err) AND flux_err > 0,True,Measurement-level observation eligible under DEC-006; no temporal fitting window applied.
AT2020wey,r,58876.266620399896,FLUX,3.87038886763712e-07,3.889717364570444e-06,,,,AT2020wey.json,345,finite(flux) AND finite(flux_err) AND flux_err > 0,True,Measurement-level observation eligible under DEC-006; no temporal fitting window applied.
AT2020wey,r,58877.28082180023,FLUX,-5.231528644753091e-06,5.387684022218878e-06,,,,AT2020wey.json,348,finite(flux) AND finite(flux_err) AND flux_err > 0,True,Measurement-level observation eligible under DEC-006; no temporal fitting window applied.
AT2020wey,r,58877.2818287001,FLUX,-2.0444921502990642e-06,5.1853029136091175e-06,,,,AT2020wey.json,349,finite(flux) AND finite(flux_err) AND flux_err > 0,True,Measurement-level observation eligible under DEC-006; no temporal fitting window applied.
AT2020wey,r,58878.30554400012,FLUX,-2.938357393546194e-06,7.0163200109429895e-06,,,,AT2020wey.json,350,finite(flux) AND finite(flux_err) AND flux_err > 0,True,Measurement-level observation eligible under DEC-006; no temporal fitting window applied.
AT2020wey,r,58878.30643519992,FLUX,6.020442790869498e-06,6.499595100721744e-06,,,,AT2020wey.json,351,finite(flux) AND finite(flux_err) AND flux_err > 0,True,Measurement-level observation eligible under DEC-006; no temporal fitting window applied.
AT2020wey,r,58879.3018633998,FLUX,1.3123326154548088e-06,6.883005320837283e-06,,,,AT2020wey.json,353,finite(flux) AND finite(flux_err) AND flux_err > 0,True,Measurement-level observation eligible under DEC-006; no temporal fitting window applied.
AT2020wey,r,58880.220567100216,FLUX,6.5177194020816524e-06,4.939158697193921e-06,,,,AT2020wey.json,354,finite(flux) AND finite(flux_err) AND flux_err > 0,True,Measurement-level observation eligible under DEC-006; no temporal fitting window applied.
AT2020wey,r,58880.22243059985,FLUX,-9.55867348024368e-06,4.851462099937393e-06,,,,AT2020wey.json,355,finite(flux) AND finite(flux_err) AND flux_err > 0,True,Measurement-level observation eligible under DEC-006; no temporal fitting window applied.
AT2020wey,r,58881.30026620021,FLUX,-7.416128836562606e-06,5.528578281506913e-06,,,,AT2020wey.json,360,finite(flux) AND finite(flux_err) AND flux_err > 0,True,Measurement-level observation eligible under DEC-006; no temporal fitting window applied.
AT2020wey,r,58881.30231480021,FLUX,5.457120174226347e-06,4.831491595850289e-06,,,,AT2020wey.json,361,finite(flux) AND finite(flux_err) AND flux_err > 0,True,Measurement-level observation eligible under DEC-006; no temporal fitting window applied.
AT2020wey,r,58883.23788189981,FLUX,-9.615777031906277e-06,1.115849389510285e-05,,,,AT2020wey.json,362,finite(flux) AND finite(flux_err) AND flux_err > 0,True,Measurement-level observation eligible under DEC-006; no temporal fitting window applied.
AT2020wey,r,58883.23878470017,FLUX,7.385005108471274e-06,9.3718501936871e-06,,,,AT2020wey.json,363,finite(flux) AND finite(flux_err) AND flux_err > 0,True,Measurement-level observation eligible under DEC-006; no temporal fitting window applied.
AT2020wey,r,58884.23937499989,FLUX,-9.202455673919854e-06,1.1564973976986082e-05,,,,AT2020wey.json,366,finite(flux) AND finite(flux_err) AND flux_err > 0,True,Measurement-level observation eligible under DEC-006; no temporal fitting window applied.
AT2020wey,r,58884.24035880016,FLUX,-1.5924107656338405e-05,1.1056141528924245e-05,,,,AT2020wey.json,367,finite(flux) AND finite(flux_err) AND flux_err > 0,True,Measurement-level observation eligible under DEC-006; no temporal fitting window applied.
AT2020wey,r,58885.19438660005,FLUX,1.8351417050094672e-05,1.6140440756191528e-05,,,,AT2020wey.json,370,finite(flux) AND finite(flux_err) AND flux_err > 0,True,Measurement-level observation eligible under DEC-006; no temporal fitting window applied.
AT2020wey,r,58885.19912040001,FLUX,4.484090431963388e-06,1.560531075677216e-05,,,,AT2020wey.json,371,finite(flux) AND finite(flux_err) AND flux_err > 0,True,Measurement-level observation eligible under DEC-006; no temporal fitting window applied.
AT2020wey,r,58886.25818290003,FLUX,-3.548365919953882e-06,7.896321164762435e-06,,,,AT2020wey.json,376,finite(flux) AND finite(flux_err) AND flux_err > 0,True,Measurement-level observation eligible under DEC-006; no temporal fitting window applied.
AT2020wey,r,58886.2610185002,FLUX,-1.556833199184529e-06,8.539653133970231e-06,,,,AT2020wey.json,377,finite(flux) AND finite(flux_err) AND flux_err > 0,True,Measurement-level observation eligible under DEC-006; no temporal fitting window applied.
AT2020wey,r,58887.15423610015,FLUX,3.7253899940988464e-07,9.845749411745969e-06,,,,AT2020wey.json,378,finite(flux) AND finite(flux_err) AND flux_err > 0,True,Measurement-level observation eligible under DEC-006; no temporal fitting window applied.
AT2020wey,r,58890.18195600016,FLUX,1.4308740861835456e-05,1.3430172175761856e-05,,,,AT2020wey.json,381,finite(flux) AND finite(flux_err) AND flux_err > 0,True,Measurement-level observation eligible under DEC-006; no temporal fitting window applied.
AT2020wey,r,58890.18285880005,FLUX,-9.937107161866295e-07,1.0976761516834908e-05,,,,AT2020wey.json,382,finite(flux) AND finite(flux_err) AND flux_err > 0,True,Measurement-level observation eligible under DEC-006; no temporal fitting window applied.
AT2020wey,r,58891.25373840006,FLUX,-1.5984860919415905e-06,5.9010938541639314e-06,,,,AT2020wey.json,387,finite(flux) AND finite(flux_err) AND flux_err > 0,True,Measurement-level observation eligible under DEC-006; no temporal fitting window applied.
AT2020wey,r,58891.25620369986,FLUX,-7.437369285878108e-07,6.261773711681401e-06,,,,AT2020wey.json,388,finite(flux) AND finite(flux_err) AND flux_err > 0,True,Measurement-level observation eligible under DEC-006; no temporal fitting window applied.
AT2020wey,r,58893.289456000086,FLUX,-1.0901677158970323e-07,4.226087196118416e-06,,,,AT2020wey.json,393,finite(flux) AND finite(flux_err) AND flux_err > 0,True,Measurement-level observation eligible under DEC-006; no temporal fitting window applied.
AT2020wey,r,58893.290358799975,FLUX,-3.942833865215792e-06,3.7318062172291847e-06,,,,AT2020wey.json,394,finite(flux) AND finite(flux_err) AND flux_err > 0,True,Measurement-level observation eligible under DEC-006; no temporal fitting window applied.
AT2020wey,r,58894.26281249989,FLUX,-4.501679417187598e-07,3.936972312737114e-06,,,,AT2020wey.json,397,finite(flux) AND finite(flux_err) AND flux_err > 0,True,Measurement-level observation eligible under DEC-006; no temporal fitting window applied.
AT2020wey,r,58894.264907400124,FLUX,-2.8931909657676357e-06,4.01972457327228e-06,,,,AT2020wey.json,398,finite(flux) AND finite(flux_err) AND flux_err > 0,True,Measurement-level observation eligible under DEC-006; no temporal fitting window applied.
AT2020wey,r,58895.26438659988,FLUX,-3.215196929786499e-07,4.66403368227864e-06,,,,AT2020wey.json,401,finite(flux) AND finite(flux_err) AND flux_err > 0,True,Measurement-level observation eligible under DEC-006; no temporal fitting window applied.
AT2020wey,r,58895.26586809987,FLUX,1.8667808250474943e-06,4.735256313288197e-06,,,,AT2020wey.json,402,finite(flux) AND finite(flux_err) AND flux_err > 0,True,Measurement-level observation eligible under DEC-006; no temporal fitting window applied.
AT2020wey,r,58896.2795833,FLUX,-7.651242884599335e-06,3.7571716369085515e-06,,,,AT2020wey.json,405,finite(flux) AND finite(flux_err) AND flux_err > 0,True,Measurement-level observation eligible under DEC-006; no temporal fitting window applied.
AT2020wey,r,58896.280555599835,FLUX,-1.3044932350805895e-05,3.8209390022645385e-06,,,,AT2020wey.json,406,finite(flux) AND finite(flux_err) AND flux_err > 0,True,Measurement-level observation eligible under DEC-006; no temporal fitting window applied.
AT2020wey,r,58898.324259299785,FLUX,-3.9656666475261614e-06,3.5630827768332865e-06,,,,AT2020wey.json,409,finite(flux) AND finite(flux_err) AND flux_err > 0,True,Measurement-level observation eligible under DEC-006; no temporal fitting window applied.
AT2020wey,r,58898.32759260014,FLUX,1.9481160077842756e-06,3.465283841056492e-06,,,,AT2020wey.json,410,finite(flux) AND finite(flux_err) AND flux_err > 0,True,Measurement-level observation eligible under DEC-006; no temporal fitting window applied.
AT2020wey,r,58899.25895830011,FLUX,-9.799401284065691e-06,4.28526251470693e-06,,,,AT2020wey.json,412,finite(flux) AND finite(flux_err) AND flux_err > 0,True,Measurement-level observation eligible under DEC-006; no temporal fitting window applied.
AT2020wey,r,58899.28734950023,FLUX,8.989456569227613e-07,3.935746645473055e-06,,,,AT2020wey.json,413,finite(flux) AND finite(flux_err) AND flux_err > 0,True,Measurement-level observation eligible under DEC-006; no temporal fitting window applied.
AT2020wey,r,58900.2138772998,FLUX,1.4914647215153154e-06,4.509653334231614e-06,,,,AT2020wey.json,414,finite(flux) AND finite(flux_err) AND flux_err > 0,True,Measurement-level observation eligible under DEC-006; no temporal fitting window applied.
AT2020wey,r,58903.19562500017,FLUX,4.378502731976523e-06,4.1933676141386e-06,,,,AT2020wey.json,418,finite(flux) AND finite(flux_err) AND flux_err > 0,True,Measurement-level observation eligible under DEC-006; no temporal fitting window applied.
AT2020wey,r,58903.19704859983,FLUX,7.472405563825143e-06,4.093472861098866e-06,,,,AT2020wey.json,419,finite(flux) AND finite(flux_err) AND flux_err > 0,True,Measurement-level observation eligible under DEC-006; no temporal fitting window applied.
AT2020wey,r,58904.20340280002,FLUX,-5.731078516762519e-06,4.180936153567491e-06,,,,AT2020wey.json,422,finite(flux) AND finite(flux_err) AND flux_err > 0,True,Measurement-level observation eligible under DEC-006; no temporal fitting window applied.
AT2020wey,r,58905.192812500056,FLUX,1.4857926257190167e-05,8.97064522864776e-06,,,,AT2020wey.json,424,finite(flux) AND finite(flux_err) AND flux_err > 0,True,Measurement-level observation eligible under DEC-006; no temporal fitting window applied.
AT2020wey,r,58906.195138900075,FLUX,4.923031423496217e-07,6.398610120719783e-06,,,,AT2020wey.json,426,finite(flux) AND finite(flux_err) AND flux_err > 0,True,Measurement-level observation eligible under DEC-006; no temporal fitting window applied.
AT2020wey,r,58906.19609950017,FLUX,-3.1062886219909764e-06,6.557347839320626e-06,,,,AT2020wey.json,427,finite(flux) AND finite(flux_err) AND flux_err > 0,True,Measurement-level observation eligible under DEC-006; no temporal fitting window applied.
AT2020wey,r,58909.30907410011,FLUX,-8.395788999505578e-06,5.584057577609318e-06,,,,AT2020wey.json,430,finite(flux) AND finite(flux_err) AND flux_err > 0,True,Measurement-level observation eligible under DEC-006; no temporal fitting window applied.
AT2020wey,r,58909.310046299826,FLUX,-1.060626522213246e-06,5.186461476779637e-06,,,,AT2020wey.json,431,finite(flux) AND finite(flux_err) AND flux_err > 0,True,Measurement-level observation eligible under DEC-006; no temporal fitting window applied.
AT2020wey,r,58912.19693290023,FLUX,8.295785766060607e-07,5.638468866245265e-06,,,,AT2020wey.json,434,finite(flux) AND finite(flux_err) AND flux_err > 0,True,Measurement-level observation eligible under DEC-006; no temporal fitting window applied.
AT2020wey,r,58912.204421299975,FLUX,-1.6058342904989206e-06,5.381206876872786e-06,,,,AT2020wey.json,435,finite(flux) AND finite(flux_err) AND flux_err > 0,True,Measurement-level observation eligible under DEC-006; no temporal fitting window applied.
AT2020wey,r,58913.19913189998,FLUX,-8.450236373837157e-06,7.673490072497771e-06,,,,AT2020wey.json,436,finite(flux) AND finite(flux_err) AND flux_err > 0,True,Measurement-level observation eligible under DEC-006; no temporal fitting window applied.
AT2020wey,r,58913.216330999974,FLUX,-1.487373770215577e-06,7.081284715537546e-06,,,,AT2020wey.json,437,finite(flux) AND finite(flux_err) AND flux_err > 0,True,Measurement-level observation eligible under DEC-006; no temporal fitting window applied.
AT2020wey,r,58915.15990740014,FLUX,5.3489905220045055e-06,8.403603174886352e-06,,,,AT2020wey.json,440,finite(flux) AND finite(flux_err) AND flux_err > 0,True,Measurement-level observation eligible under DEC-006; no temporal fitting window applied.
AT2020wey,r,58915.16081020003,FLUX,7.0873886217130495e-06,8.468197257547254e-06,,,,AT2020wey.json,441,finite(flux) AND finite(flux_err) AND flux_err > 0,True,Measurement-level observation eligible under DEC-006; no temporal fitting window applied.
AT2020wey,r,58939.21468750015,FLUX,3.167868373558722e-06,6.408167491434318e-06,,,,AT2020wey.json,444,finite(flux) AND finite(flux_err) AND flux_err > 0,True,Measurement-level observation eligible under DEC-006; no temporal fitting window applied.
AT2020wey,r,58941.216539400164,FLUX,-9.584495540432156e-06,7.3043034265346676e-06,,,,AT2020wey.json,446,finite(flux) AND finite(flux_err) AND flux_err > 0,True,Measurement-level observation eligible under DEC-006; no temporal fitting window applied.
AT2020wey,r,58941.21936339978,FLUX,-7.4815054610829225e-06,6.057515394767952e-06,,,,AT2020wey.json,447,finite(flux) AND finite(flux_err) AND flux_err > 0,True,Measurement-level observation eligible under DEC-006; no temporal fitting window applied.
AT2020wey,r,58944.15886570001,FLUX,-6.2318901215026036e-06,8.351757517644825e-06,,,,AT2020wey.json,450,finite(flux) AND finite(flux_err) AND flux_err > 0,True,Measurement-level observation eligible under DEC-006; no temporal fitting window applied.
AT2020wey,r,58944.16114579979,FLUX,6.671726996147434e-06,8.380473754450889e-06,,,,AT2020wey.json,451,finite(flux) AND finite(flux_err) AND flux_err > 0,True,Measurement-level observation eligible under DEC-006; no temporal fitting window applied.
AT2020wey,r,58954.23925929982,FLUX,-6.324185000470432e-07,5.121068496418763e-06,,,,AT2020wey.json,453,finite(flux) AND finite(flux_err) AND flux_err > 0,True,Measurement-level observation eligible under DEC-006; no temporal fitting window applied.
AT2020wey,r,58955.22364579979,FLUX,5.345710615611244e-06,4.264272562040841e-06,,,,AT2020wey.json,454,finite(flux) AND finite(flux_err) AND flux_err > 0,True,Measurement-level observation eligible under DEC-006; no temporal fitting window applied.
AT2020wey,r,58955.22454860015,FLUX,-4.524936979687762e-06,4.3411195672795964e-06,,,,AT2020wey.json,455,finite(flux) AND finite(flux_err) AND flux_err > 0,True,Measurement-level observation eligible under DEC-006; no temporal fitting window applied.
AT2020wey,r,58956.2546759001,FLUX,-7.817273228568804e-07,4.507731807798315e-06,,,,AT2020wey.json,457,finite(flux) AND finite(flux_err) AND flux_err > 0,True,Measurement-level observation eligible under DEC-006; no temporal fitting window applied.
AT2020wey,r,58962.181006900035,FLUX,-4.4738806507461085e-06,3.956169805496399e-06,,,,AT2020wey.json,458,finite(flux) AND finite(flux_err) AND flux_err > 0,True,Measurement-level observation eligible under DEC-006; no temporal fitting window applied.
AT2020wey,r,58964.21553240018,FLUX,-2.459748135952843e-06,4.464551827966387e-06,,,,AT2020wey.json,465,finite(flux) AND finite(flux_err) AND flux_err > 0,True,Measurement-level observation eligible under DEC-006; no temporal fitting window applied.
AT2020wey,r,58967.17685189983,FLUX,6.161039696544744e-06,4.897806048676095e-06,,,,AT2020wey.json,467,finite(flux) AND finite(flux_err) AND flux_err > 0,True,Measurement-level observation eligible under DEC-006; no temporal fitting window applied.
AT2020wey,r,58968.1759722,FLUX,9.266545566758381e-07,4.227630365238345e-06,,,,AT2020wey.json,469,finite(flux) AND finite(flux_err) AND flux_err > 0,True,Measurement-level observation eligible under DEC-006; no temporal fitting window applied.
AT2020wey,r,58971.17201389978,FLUX,1.2127950862070267e-05,5.855483993383394e-06,,,,AT2020wey.json,472,finite(flux) AND finite(flux_err) AND flux_err > 0,True,Measurement-level observation eligible under DEC-006; no temporal fitting window applied.
AT2020wey,r,58972.183009299915,FLUX,-3.7955575440378415e-06,6.443197008528751e-06,,,,AT2020wey.json,474,finite(flux) AND finite(flux_err) AND flux_err > 0,True,Measurement-level observation eligible under DEC-006; no temporal fitting window applied.
AT2020wey,r,58972.18394679995,FLUX,-2.173864186867705e-06,6.314727909152396e-06,,,,AT2020wey.json,475,finite(flux) AND finite(flux_err) AND flux_err > 0,True,Measurement-level observation eligible under DEC-006; no temporal fitting window applied.
AT2020wey,r,58973.17947919993,FLUX,1.1192373869936686e-06,9.99790222293556e-06,,,,AT2020wey.json,478,finite(flux) AND finite(flux_err) AND flux_err > 0,True,Measurement-level observation eligible under DEC-006; no temporal fitting window applied.
AT2020wey,r,58974.24420139985,FLUX,4.844253375597277e-06,7.448456882815384e-06,,,,AT2020wey.json,479,finite(flux) AND finite(flux_err) AND flux_err > 0,True,Measurement-level observation eligible under DEC-006; no temporal fitting window applied.
AT2020wey,r,58975.18120370014,FLUX,6.933091228633678e-06,9.693125181807516e-06,,,,AT2020wey.json,480,finite(flux) AND finite(flux_err) AND flux_err > 0,True,Measurement-level observation eligible under DEC-006; no temporal fitting window applied.
AT2020wey,r,58975.18313660007,FLUX,5.062518755947657e-06,1.2505144133695442e-05,,,,AT2020wey.json,481,finite(flux) AND finite(flux_err) AND flux_err > 0,True,Measurement-level observation eligible under DEC-006; no temporal fitting window applied.
AT2020wey,r,58976.243205999956,FLUX,-1.3272393608262309e-05,1.028854045574163e-05,,,,AT2020wey.json,484,finite(flux) AND finite(flux_err) AND flux_err > 0,True,Measurement-level observation eligible under DEC-006; no temporal fitting window applied.
AT2020wey,r,58977.224062500056,FLUX,1.858525125982972e-05,1.2212799974214526e-05,,,,AT2020wey.json,485,finite(flux) AND finite(flux_err) AND flux_err > 0,True,Measurement-level observation eligible under DEC-006; no temporal fitting window applied.
AT2020wey,r,58978.26291669998,FLUX,-1.2939762313935564e-05,7.500002070467771e-06,,,,AT2020wey.json,488,finite(flux) AND finite(flux_err) AND flux_err > 0,True,Measurement-level observation eligible under DEC-006; no temporal fitting window applied.
AT2020wey,r,58980.29408559995,FLUX,-1.195606918779214e-05,7.73401962126933e-06,,,,AT2020wey.json,491,finite(flux) AND finite(flux_err) AND flux_err > 0,True,Measurement-level observation eligible under DEC-006; no temporal fitting window applied.
AT2020wey,r,58981.22472220007,FLUX,-3.468769491115512e-06,6.425709892271746e-06,,,,AT2020wey.json,494,finite(flux) AND finite(flux_err) AND flux_err > 0,True,Measurement-level observation eligible under DEC-006; no temporal fitting window applied.
AT2020wey,r,58981.22565970011,FLUX,-5.721848230870958e-07,5.439689937050248e-06,,,,AT2020wey.json,495,finite(flux) AND finite(flux_err) AND flux_err > 0,True,Measurement-level observation eligible under DEC-006; no temporal fitting window applied.
AT2020wey,r,58986.24303240003,FLUX,-1.1275445913230368e-05,4.878971867729111e-06,,,,AT2020wey.json,499,finite(flux) AND finite(flux_err) AND flux_err > 0,True,Measurement-level observation eligible under DEC-006; no temporal fitting window applied.
AT2020wey,r,58986.24395829998,FLUX,-5.533216946293805e-06,5.0968561129380215e-06,,,,AT2020wey.json,500,finite(flux) AND finite(flux_err) AND flux_err > 0,True,Measurement-level observation eligible under DEC-006; no temporal fitting window applied.
AT2020wey,r,58987.17947919993,FLUX,2.1149097861830946e-06,4.111175536414822e-06,,,,AT2020wey.json,501,finite(flux) AND finite(flux_err) AND flux_err > 0,True,Measurement-level observation eligible under DEC-006; no temporal fitting window applied.
AT2020wey,r,58991.20770830009,FLUX,-1.0264806215390831e-05,5.007772309694422e-06,,,,AT2020wey.json,503,finite(flux) AND finite(flux_err) AND flux_err > 0,True,Measurement-level observation eligible under DEC-006; no temporal fitting window applied.
AT2020wey,r,58992.24340280006,FLUX,-3.4275695941325497e-06,4.7559746607982174e-06,,,,AT2020wey.json,505,finite(flux) AND finite(flux_err) AND flux_err > 0,True,Measurement-level observation eligible under DEC-006; no temporal fitting window applied.
AT2020wey,r,58995.2429630002,FLUX,-1.1786428854417692e-06,5.256965045899875e-06,,,,AT2020wey.json,510,finite(flux) AND finite(flux_err) AND flux_err > 0,True,Measurement-level observation eligible under DEC-006; no temporal fitting window applied.
AT2020wey,r,58996.237939800136,FLUX,2.327911065891423e-06,6.199015023996901e-06,,,,AT2020wey.json,513,finite(flux) AND finite(flux_err) AND flux_err > 0,True,Measurement-level observation eligible under DEC-006; no temporal fitting window applied.
AT2020wey,r,58996.24046299979,FLUX,-1.1553619336213277e-05,6.113846479793913e-06,,,,AT2020wey.json,514,finite(flux) AND finite(flux_err) AND flux_err > 0,True,Measurement-level observation eligible under DEC-006; no temporal fitting window applied.
AT2020wey,r,58997.23953700019,FLUX,8.064487887797467e-06,6.284158436567537e-06,,,,AT2020wey.json,516,finite(flux) AND finite(flux_err) AND flux_err > 0,True,Measurement-level observation eligible under DEC-006; no temporal fitting window applied.
AT2020wey,r,58998.24155090004,FLUX,-3.1110544105914066e-06,6.309892080727513e-06,,,,AT2020wey.json,517,finite(flux) AND finite(flux_err) AND flux_err > 0,True,Measurement-level observation eligible under DEC-006; no temporal fitting window applied.
AT2020wey,r,58999.185705999844,FLUX,1.2512919142901002e-07,7.438576583131475e-06,,,,AT2020wey.json,518,finite(flux) AND finite(flux_err) AND flux_err > 0,True,Measurement-level observation eligible under DEC-006; no temporal fitting window applied.
AT2020wey,r,58999.18664349988,FLUX,4.670067190716245e-06,7.944142037976592e-06,,,,AT2020wey.json,519,finite(flux) AND finite(flux_err) AND flux_err > 0,True,Measurement-level observation eligible under DEC-006; no temporal fitting window applied.
AT2020wey,r,59018.18299769983,FLUX,-1.206037852352695e-05,5.226724696974508e-06,,,,AT2020wey.json,524,finite(flux) AND finite(flux_err) AND flux_err > 0,True,Measurement-level observation eligible under DEC-006; no temporal fitting window applied.
AT2020wey,r,59018.18798610009,FLUX,-1.1424742755909904e-06,6.027144057962419e-06,,,,AT2020wey.json,525,finite(flux) AND finite(flux_err) AND flux_err > 0,True,Measurement-level observation eligible under DEC-006; no temporal fitting window applied.
AT2020wey,r,59018.19297449989,FLUX,-6.9300177130137574e-06,5.429973023291775e-06,,,,AT2020wey.json,526,finite(flux) AND finite(flux_err) AND flux_err > 0,True,Measurement-level observation eligible under DEC-006; no temporal fitting window applied.
AT2020wey,r,59020.173194400035,FLUX,-7.734108796798741e-06,9.168866869156206e-06,,,,AT2020wey.json,527,finite(flux) AND finite(flux_err) AND flux_err > 0,True,Measurement-level observation eligible under DEC-006; no temporal fitting window applied.
AT2020wey,r,59020.17834489979,FLUX,-9.514823117191449e-06,6.819933995073149e-06,,,,AT2020wey.json,528,finite(flux) AND finite(flux_err) AND flux_err > 0,True,Measurement-level observation eligible under DEC-006; no temporal fitting window applied.
AT2020wey,r,59020.18347219983,FLUX,-1.5828247415990475e-06,6.347614009356883e-06,,,,AT2020wey.json,529,finite(flux) AND finite(flux_err) AND flux_err > 0,True,Measurement-level observation eligible under DEC-006; no temporal fitting window applied.
AT2020wey,r,59020.188599499874,FLUX,2.859909127782212e-06,5.400915900014846e-06,,,,AT2020wey.json,530,finite(flux) AND finite(flux_err) AND flux_err > 0,True,Measurement-level observation eligible under DEC-006; no temporal fitting window applied.
AT2020wey,r,59022.180636600126,FLUX,-4.034884745413372e-06,6.992218176651838e-06,,,,AT2020wey.json,531,finite(flux) AND finite(flux_err) AND flux_err > 0,True,Measurement-level observation eligible under DEC-006; no temporal fitting window applied.
AT2020wey,r,59022.185578700155,FLUX,-1.627752284150708e-05,6.751593462782868e-06,,,,AT2020wey.json,532,finite(flux) AND finite(flux_err) AND flux_err > 0,True,Measurement-level observation eligible under DEC-006; no temporal fitting window applied.
AT2020wey,r,59022.190520800184,FLUX,-7.35002665722096e-06,6.867373504734427e-06,,,,AT2020wey.json,533,finite(flux) AND finite(flux_err) AND flux_err > 0,True,Measurement-level observation eligible under DEC-006; no temporal fitting window applied.
AT2020wey,r,59022.19547449984,FLUX,-2.916975181811637e-06,6.605752460505349e-06,,,,AT2020wey.json,534,finite(flux) AND finite(flux_err) AND flux_err > 0,True,Measurement-level observation eligible under DEC-006; no temporal fitting window applied.
AT2020wey,r,59024.174999999814,FLUX,3.249749029542387e-06,6.9081711530684615e-06,,,,AT2020wey.json,535,finite(flux) AND finite(flux_err) AND flux_err > 0,True,Measurement-level observation eligible under DEC-006; no temporal fitting window applied.
AT2020wey,r,59024.17989580007,FLUX,3.163919305198779e-06,6.66540102228864e-06,,,,AT2020wey.json,536,finite(flux) AND finite(flux_err) AND flux_err > 0,True,Measurement-level observation eligible under DEC-006; no temporal fitting window applied.
AT2020wey,r,59024.18479169998,FLUX,1.5621367407776848e-06,5.974871262381381e-06,,,,AT2020wey.json,537,finite(flux) AND finite(flux_err) AND flux_err > 0,True,Measurement-level observation eligible under DEC-006; no temporal fitting window applied.
AT2020wey,r,59024.18968749978,FLUX,-4.824249823333103e-06,6.507567651490915e-06,,,,AT2020wey.json,538,finite(flux) AND finite(flux_err) AND flux_err > 0,True,Measurement-level observation eligible under DEC-006; no temporal fitting window applied.
AT2020wey,r,59026.17358799977,FLUX,-8.688444281014905e-06,9.59674731528797e-06,,,,AT2020wey.json,539,finite(flux) AND finite(flux_err) AND flux_err > 0,True,Measurement-level observation eligible under DEC-006; no temporal fitting window applied.
AT2020wey,r,59026.178379599936,FLUX,-1.1419906350575163e-05,7.527436030060298e-06,,,,AT2020wey.json,540,finite(flux) AND finite(flux_err) AND flux_err > 0,True,Measurement-level observation eligible under DEC-006; no temporal fitting window applied.
AT2020wey,r,59026.18318289984,FLUX,9.489243041139053e-06,8.255769140367097e-06,,,,AT2020wey.json,541,finite(flux) AND finite(flux_err) AND flux_err > 0,True,Measurement-level observation eligible under DEC-006; no temporal fitting window applied.
AT2020wey,r,59121.47313660011,FLUX,1.0737904085172565e-05,6.104491661700376e-06,,,,AT2020wey.json,542,finite(flux) AND finite(flux_err) AND flux_err > 0,True,Measurement-level observation eligible under DEC-006; no temporal fitting window applied.
AT2020wey,r,59124.45769680012,FLUX,1.5053235125478916e-05,1.0382332609659375e-05,,,,AT2020wey.json,544,finite(flux) AND finite(flux_err) AND flux_err > 0,True,Measurement-level observation eligible under DEC-006; no temporal fitting window applied.
AT2020wey,r,59124.45863430016,FLUX,1.2806834499030064e-05,1.0983265520596381e-05,,,,AT2020wey.json,545,finite(flux) AND finite(flux_err) AND flux_err > 0,True,Measurement-level observation eligible under DEC-006; no temporal fitting window applied.
AT2020wey,r,59125.50619209977,FLUX,1.4885082511943832e-05,7.330233786361193e-06,,,,AT2020wey.json,549,finite(flux) AND finite(flux_err) AND flux_err > 0,True,Measurement-level observation eligible under DEC-006; no temporal fitting window applied.
AT2020wey,r,59126.51535880007,FLUX,2.583264363551779e-05,7.690099875434345e-06,,,,AT2020wey.json,552,finite(flux) AND finite(flux_err) AND flux_err > 0,True,Measurement-level observation eligible under DEC-006; no temporal fitting window applied.
AT2020wey,r,59126.516296300106,FLUX,1.7774735648700633e-05,6.700617866926259e-06,,,,AT2020wey.json,553,finite(flux) AND finite(flux_err) AND flux_err > 0,True,Measurement-level observation eligible under DEC-006; no temporal fitting window applied.
AT2020wey,r,59128.49245369993,FLUX,1.5720847931042995e-05,8.43355717176955e-06,,,,AT2020wey.json,555,finite(flux) AND finite(flux_err) AND flux_err > 0,True,Measurement-level observation eligible under DEC-006; no temporal fitting window applied.
AT2020wey,r,59128.49339119997,FLUX,3.5382290873541874e-05,8.703976863189732e-06,,,,AT2020wey.json,556,finite(flux) AND finite(flux_err) AND flux_err > 0,True,Measurement-level observation eligible under DEC-006; no temporal fitting window applied.
AT2020wey,r,59129.48112270003,FLUX,2.485344890370706e-05,5.561469187168455e-06,,,,AT2020wey.json,558,finite(flux) AND finite(flux_err) AND flux_err > 0,True,Measurement-level observation eligible under DEC-006; no temporal fitting window applied.
AT2020wey,r,59130.4791898001,FLUX,2.697074906987542e-05,6.028881546925384e-06,,,,AT2020wey.json,559,finite(flux) AND finite(flux_err) AND flux_err > 0,True,Measurement-level observation eligible under DEC-006; no temporal fitting window applied.
AT2020wey,r,59135.50773150008,FLUX,4.691273936788817e-05,4.852773330835542e-06,,,,AT2020wey.json,562,finite(flux) AND finite(flux_err) AND flux_err > 0,True,Measurement-level observation eligible under DEC-006; no temporal fitting window applied.
AT2020wey,r,59137.507083300035,FLUX,7.259286281754033e-05,5.683528240783092e-06,,,,AT2020wey.json,564,finite(flux) AND finite(flux_err) AND flux_err > 0,True,Measurement-level observation eligible under DEC-006; no temporal fitting window applied.
AT2020wey,r,59139.49364579981,FLUX,6.903843073220138e-05,5.953344195246558e-06,,,,AT2020wey.json,565,finite(flux) AND finite(flux_err) AND flux_err > 0,True,Measurement-level observation eligible under DEC-006; no temporal fitting window applied.
AT2020wey,r,59141.48724539997,FLUX,7.046313467055369e-05,5.168380648343133e-06,,,,AT2020wey.json,567,finite(flux) AND finite(flux_err) AND flux_err > 0,True,Measurement-level observation eligible under DEC-006; no temporal fitting window applied.
AT2020wey,r,59143.49215279985,FLUX,0.00010195733628949683,5.117816018955313e-06,,,,AT2020wey.json,569,finite(flux) AND finite(flux_err) AND flux_err > 0,True,Measurement-level observation eligible under DEC-006; no temporal fitting window applied.
AT2020wey,r,59144.43892360013,FLUX,0.00013920193732021364,7.07731668572469e-06,,,,AT2020wey.json,570,finite(flux) AND finite(flux_err) AND flux_err > 0,True,Measurement-level observation eligible under DEC-006; no temporal fitting window applied.
AT2020wey,r,59145.49822920002,FLUX,0.00012883015885341615,6.600139765279453e-06,,,,AT2020wey.json,575,finite(flux) AND finite(flux_err) AND flux_err > 0,True,Measurement-level observation eligible under DEC-006; no temporal fitting window applied.
AT2020wey,r,59149.39069439983,FLUX,0.00016598647107943275,1.094123355260502e-05,,,,AT2020wey.json,576,finite(flux) AND finite(flux_err) AND flux_err > 0,True,Measurement-level observation eligible under DEC-006; no temporal fitting window applied.
AT2020wey,r,59150.49554400006,FLUX,0.00021517075568861698,8.502196642573033e-06,,,,AT2020wey.json,578,finite(flux) AND finite(flux_err) AND flux_err > 0,True,Measurement-level observation eligible under DEC-006; no temporal fitting window applied.
AT2020wey,r,59151.44906250015,FLUX,0.00019207569426759927,1.0903679433006717e-05,,,,AT2020wey.json,581,finite(flux) AND finite(flux_err) AND flux_err > 0,True,Measurement-level observation eligible under DEC-006; no temporal fitting window applied.
AT2020wey,r,59153.49020829983,FLUX,0.00020889501029783465,1.0315560899639786e-05,,,,AT2020wey.json,582,finite(flux) AND finite(flux_err) AND flux_err > 0,True,Measurement-level observation eligible under DEC-006; no temporal fitting window applied.
AT2020wey,r,59155.445787000004,FLUX,0.00018952572687397408,9.370140859728399e-06,,,,AT2020wey.json,585,finite(flux) AND finite(flux_err) AND flux_err > 0,True,Measurement-level observation eligible under DEC-006; no temporal fitting window applied.
AT2020wey,r,59156.531979199965,FLUX,0.00018834720964532186,9.48987765809639e-06,,,,AT2020wey.json,588,finite(flux) AND finite(flux_err) AND flux_err > 0,True,Measurement-level observation eligible under DEC-006; no temporal fitting window applied.
AT2020wey,r,59157.48850690015,FLUX,0.00015417584719653457,9.275070165603239e-06,,,,AT2020wey.json,589,finite(flux) AND finite(flux_err) AND flux_err > 0,True,Measurement-level observation eligible under DEC-006; no temporal fitting window applied.
AT2020wey,r,59158.51400459977,FLUX,0.0001776078454525373,1.1142677809677225e-05,,,,AT2020wey.json,593,finite(flux) AND finite(flux_err) AND flux_err > 0,True,Measurement-level observation eligible under DEC-006; no temporal fitting window applied.
AT2020wey,r,59158.516921299975,FLUX,0.00014988185202655715,1.1220578900783824e-05,,,,AT2020wey.json,594,finite(flux) AND finite(flux_err) AND flux_err > 0,True,Measurement-level observation eligible under DEC-006; no temporal fitting window applied.
AT2020wey,r,59159.48877310008,FLUX,0.00017826426836782698,7.957235524897218e-06,,,,AT2020wey.json,595,finite(flux) AND finite(flux_err) AND flux_err > 0,True,Measurement-level observation eligible under DEC-006; no temporal fitting window applied.
AT2020wey,r,59163.516944400035,FLUX,9.22046274023014e-05,5.887192750251852e-06,,,,AT2020wey.json,600,finite(flux) AND finite(flux_err) AND flux_err > 0,True,Measurement-level observation eligible under DEC-006; no temporal fitting window applied.
AT2020wey,r,59164.53782409988,FLUX,0.0001016877569356559,5.667748604005468e-06,,,,AT2020wey.json,602,finite(flux) AND finite(flux_err) AND flux_err > 0,True,Measurement-level observation eligible under DEC-006; no temporal fitting window applied.
AT2020wey,r,59165.426342600025,FLUX,9.057029525539581e-05,5.03040012893594e-06,,,,AT2020wey.json,605,finite(flux) AND finite(flux_err) AND flux_err > 0,True,Measurement-level observation eligible under DEC-006; no temporal fitting window applied.
AT2020wey,r,59165.42731480021,FLUX,9.730819879341524e-05,5.959923912008204e-06,,,,AT2020wey.json,606,finite(flux) AND finite(flux_err) AND flux_err > 0,True,Measurement-level observation eligible under DEC-006; no temporal fitting window applied.
AT2020wey,r,59166.53293980006,FLUX,7.526782018883057e-05,5.063875027751522e-06,,,,AT2020wey.json,608,finite(flux) AND finite(flux_err) AND flux_err > 0,True,Measurement-level observation eligible under DEC-006; no temporal fitting window applied.
AT2020wey,r,59167.490011599846,FLUX,6.808087894025701e-05,5.8585302331171885e-06,,,,AT2020wey.json,609,finite(flux) AND finite(flux_err) AND flux_err > 0,True,Measurement-level observation eligible under DEC-006; no temporal fitting window applied.
AT2020wey,r,59167.49094909988,FLUX,5.8908559654185936e-05,5.221132963722699e-06,,,,AT2020wey.json,610,finite(flux) AND finite(flux_err) AND flux_err > 0,True,Measurement-level observation eligible under DEC-006; no temporal fitting window applied.
AT2020wey,r,59169.531655100174,FLUX,4.9226176346423825e-05,5.36006229743784e-06,,,,AT2020wey.json,615,finite(flux) AND finite(flux_err) AND flux_err > 0,True,Measurement-level observation eligible under DEC-006; no temporal fitting window applied.
AT2020wey,r,59169.53259260021,FLUX,4.8844057456810396e-05,5.104348115602082e-06,,,,AT2020wey.json,616,finite(flux) AND finite(flux_err) AND flux_err > 0,True,Measurement-level observation eligible under DEC-006; no temporal fitting window applied.
AT2020wey,r,59170.51481480012,FLUX,3.425829896140523e-05,4.948406941905082e-06,,,,AT2020wey.json,618,finite(flux) AND finite(flux_err) AND flux_err > 0,True,Measurement-level observation eligible under DEC-006; no temporal fitting window applied.
AT2020wey,r,59171.466307899915,FLUX,3.481040229598363e-05,4.237942666052647e-06,,,,AT2020wey.json,619,finite(flux) AND finite(flux_err) AND flux_err > 0,True,Measurement-level observation eligible under DEC-006; no temporal fitting window applied.
AT2020wey,r,59171.467442099936,FLUX,2.9672600325256198e-05,4.305803093244299e-06,,,,AT2020wey.json,620,finite(flux) AND finite(flux_err) AND flux_err > 0,True,Measurement-level observation eligible under DEC-006; no temporal fitting window applied.
AT2020wey,r,59176.53450229997,FLUX,3.0412182605317477e-05,4.389207956587477e-06,,,,AT2020wey.json,624,finite(flux) AND finite(flux_err) AND flux_err > 0,True,Measurement-level observation eligible under DEC-006; no temporal fitting window applied.
AT2020wey,r,59176.535439800005,FLUX,2.706459621941402e-05,4.279171453074158e-06,,,,AT2020wey.json,625,finite(flux) AND finite(flux_err) AND flux_err > 0,True,Measurement-level observation eligible under DEC-006; no temporal fitting window applied.
AT2020wey,r,59179.36350690015,FLUX,1.6259485565286815e-05,1.0500165625874047e-05,,,,AT2020wey.json,627,finite(flux) AND finite(flux_err) AND flux_err > 0,True,Measurement-level observation eligible under DEC-006; no temporal fitting window applied.
AT2020wey,r,59179.364444400184,FLUX,3.2785095132151734e-05,9.087144479355813e-06,,,,AT2020wey.json,628,finite(flux) AND finite(flux_err) AND flux_err > 0,True,Measurement-level observation eligible under DEC-006; no temporal fitting window applied.
AT2020wey,r,59181.47156250011,FLUX,2.0979670279429257e-05,8.370337008251402e-06,,,,AT2020wey.json,629,finite(flux) AND finite(flux_err) AND flux_err > 0,True,Measurement-level observation eligible under DEC-006; no temporal fitting window applied.
AT2020wey,r,59181.47248840006,FLUX,3.5723616642955214e-05,7.760690202464308e-06,,,,AT2020wey.json,630,finite(flux) AND finite(flux_err) AND flux_err > 0,True,Measurement-level observation eligible under DEC-006; no temporal fitting window applied.
AT2020wey,r,59182.470046299975,FLUX,0.00010257099529738692,1.4668554306249122e-05,,,,AT2020wey.json,633,finite(flux) AND finite(flux_err) AND flux_err > 0,True,Measurement-level observation eligible under DEC-006; no temporal fitting window applied.
AT2020wey,r,59184.48481479986,FLUX,1.8025101236758117e-05,7.721477941850777e-06,,,,AT2020wey.json,636,finite(flux) AND finite(flux_err) AND flux_err > 0,True,Measurement-level observation eligible under DEC-006; no temporal fitting window applied.
AT2020wey,r,59185.373645800166,FLUX,2.70773411586219e-05,8.880830360283565e-06,,,,AT2020wey.json,637,finite(flux) AND finite(flux_err) AND flux_err > 0,True,Measurement-level observation eligible under DEC-006; no temporal fitting window applied.
AT2020wey,r,59185.3745833002,FLUX,3.9545353782758014e-05,9.114452930095845e-06,,,,AT2020wey.json,638,finite(flux) AND finite(flux_err) AND flux_err > 0,True,Measurement-level observation eligible under DEC-006; no temporal fitting window applied.
AT2020wey,r,59187.46798609989,FLUX,1.0672897641777907e-05,1.0815513699012404e-05,,,,AT2020wey.json,641,finite(flux) AND finite(flux_err) AND flux_err > 0,True,Measurement-level observation eligible under DEC-006; no temporal fitting window applied.
AT2020wey,r,59187.468923599925,FLUX,2.2872945346574304e-05,1.0784908534319545e-05,,,,AT2020wey.json,642,finite(flux) AND finite(flux_err) AND flux_err > 0,True,Measurement-level observation eligible under DEC-006; no temporal fitting window applied.
AT2020wey,r,59188.36534720007,FLUX,2.2051897148765498e-05,6.530650366156329e-06,,,,AT2020wey.json,644,finite(flux) AND finite(flux_err) AND flux_err > 0,True,Measurement-level observation eligible under DEC-006; no temporal fitting window applied.
AT2020wey,r,59193.39460649993,FLUX,1.3356594051349975e-05,4.025937193865341e-06,,,,AT2020wey.json,647,finite(flux) AND finite(flux_err) AND flux_err > 0,True,Measurement-level observation eligible under DEC-006; no temporal fitting window applied.
AT2020wey,r,59193.510555599816,FLUX,1.1000131803217503e-05,3.8706199284172545e-06,,,,AT2020wey.json,649,finite(flux) AND finite(flux_err) AND flux_err > 0,True,Measurement-level observation eligible under DEC-006; no temporal fitting window applied.
AT2020wey,r,59194.47103009978,FLUX,1.2175325101489652e-05,4.470204671744048e-06,,,,AT2020wey.json,652,finite(flux) AND finite(flux_err) AND flux_err > 0,True,Measurement-level observation eligible under DEC-006; no temporal fitting window applied.
AT2020wey,r,59194.47197919991,FLUX,1.4131222098488186e-05,4.880913884512648e-06,,,,AT2020wey.json,653,finite(flux) AND finite(flux_err) AND flux_err > 0,True,Measurement-level observation eligible under DEC-006; no temporal fitting window applied.
AT2020wey,r,59196.470821800176,FLUX,1.5926802794819817e-05,5.919394652737045e-06,,,,AT2020wey.json,654,finite(flux) AND finite(flux_err) AND flux_err > 0,True,Measurement-level observation eligible under DEC-006; no temporal fitting window applied.
AT2020wey,r,59196.47184030013,FLUX,1.1194612945716305e-05,6.082333671399262e-06,,,,AT2020wey.json,655,finite(flux) AND finite(flux_err) AND flux_err > 0,True,Measurement-level observation eligible under DEC-006; no temporal fitting window applied.
AT2020wey,r,59199.3857522998,FLUX,2.015822328434266e-05,5.040456532396227e-06,,,,AT2020wey.json,658,finite(flux) AND finite(flux_err) AND flux_err > 0,True,Measurement-level observation eligible under DEC-006; no temporal fitting window applied.
AT2020wey,r,59199.38668979984,FLUX,1.1585589903400382e-05,5.208353443496172e-06,,,,AT2020wey.json,659,finite(flux) AND finite(flux_err) AND flux_err > 0,True,Measurement-level observation eligible under DEC-006; no temporal fitting window applied.
AT2020wey,r,59202.52899309993,FLUX,1.8673989096190675e-05,6.537029187380175e-06,,,,AT2020wey.json,664,finite(flux) AND finite(flux_err) AND flux_err > 0,True,Measurement-level observation eligible under DEC-006; no temporal fitting window applied.
AT2020wey,r,59202.53041670006,FLUX,1.510568684181368e-05,6.487461407560475e-06,,,,AT2020wey.json,665,finite(flux) AND finite(flux_err) AND flux_err > 0,True,Measurement-level observation eligible under DEC-006; no temporal fitting window applied.
AT2020wey,r,59203.444016200025,FLUX,5.040504810275868e-06,5.255777896574926e-06,,,,AT2020wey.json,667,finite(flux) AND finite(flux_err) AND flux_err > 0,True,Measurement-level observation eligible under DEC-006; no temporal fitting window applied.
AT2020wey,r,59204.42717589997,FLUX,1.0333725241977937e-05,3.970033658307665e-06,,,,AT2020wey.json,668,finite(flux) AND finite(flux_err) AND flux_err > 0,True,Measurement-level observation eligible under DEC-006; no temporal fitting window applied.
AT2020wey,r,59204.428113400005,FLUX,1.0759089502259963e-05,3.897995423234049e-06,,,,AT2020wey.json,669,finite(flux) AND finite(flux_err) AND flux_err > 0,True,Measurement-level observation eligible under DEC-006; no temporal fitting window applied.
AT2020wey,r,59217.3433681,FLUX,1.2103554601277947e-05,5.596619163975722e-06,,,,AT2020wey.json,678,finite(flux) AND finite(flux_err) AND flux_err > 0,True,Measurement-level observation eligible under DEC-006; no temporal fitting window applied.
AT2020wey,r,59217.34434030019,FLUX,1.6044006022601936e-05,6.0830517162228036e-06,,,,AT2020wey.json,679,finite(flux) AND finite(flux_err) AND flux_err > 0,True,Measurement-level observation eligible under DEC-006; no temporal fitting window applied.
AT2020wey,r,59218.413368099835,FLUX,7.969410960642016e-06,4.82431566993752e-06,,,,AT2020wey.json,682,finite(flux) AND finite(flux_err) AND flux_err > 0,True,Measurement-level observation eligible under DEC-006; no temporal fitting window applied.
AT2020wey,r,59219.34724539984,FLUX,1.1745199625552193e-05,7.048644040072216e-06,,,,AT2020wey.json,685,finite(flux) AND finite(flux_err) AND flux_err > 0,True,Measurement-level observation eligible under DEC-006; no temporal fitting window applied.
AT2020wey,r,59219.34818289988,FLUX,3.303970243987323e-06,6.585805704927737e-06,,,,AT2020wey.json,686,finite(flux) AND finite(flux_err) AND flux_err > 0,True,Measurement-level observation eligible under DEC-006; no temporal fitting window applied.
AT2020wey,r,59221.3684605998,FLUX,6.3592945977975095e-06,4.396054245474838e-06,,,,AT2020wey.json,690,finite(flux) AND finite(flux_err) AND flux_err > 0,True,Measurement-level observation eligible under DEC-006; no temporal fitting window applied.
AT2020wey,r,59221.369398099836,FLUX,1.3314942300352354e-05,4.03070461104262e-06,,,,AT2020wey.json,691,finite(flux) AND finite(flux_err) AND flux_err > 0,True,Measurement-level observation eligible under DEC-006; no temporal fitting window applied.
AT2020wey,r,59222.47334490018,FLUX,4.795835929144438e-06,5.959789404475521e-06,,,,AT2020wey.json,693,finite(flux) AND finite(flux_err) AND flux_err > 0,True,Measurement-level observation eligible under DEC-006; no temporal fitting window applied.
AT2020wey,r,59223.44796299981,FLUX,-2.2268169868569026e-06,5.625865395765066e-06,,,,AT2020wey.json,696,finite(flux) AND finite(flux_err) AND flux_err > 0,True,Measurement-level observation eligible under DEC-006; no temporal fitting window applied.
AT2020wey,r,59223.448888900224,FLUX,6.872287934235862e-06,5.57271442584024e-06,,,,AT2020wey.json,697,finite(flux) AND finite(flux_err) AND flux_err > 0,True,Measurement-level observation eligible under DEC-006; no temporal fitting window applied.
AT2020wey,r,59223.55180560006,FLUX,7.633636307943242e-06,5.769873689408787e-06,,,,AT2020wey.json,698,finite(flux) AND finite(flux_err) AND flux_err > 0,True,Measurement-level observation eligible under DEC-006; no temporal fitting window applied.
AT2020wey,r,59223.552268499974,FLUX,4.398138534390382e-06,5.2076187741912664e-06,,,,AT2020wey.json,699,finite(flux) AND finite(flux_err) AND flux_err > 0,True,Measurement-level observation eligible under DEC-006; no temporal fitting window applied.
AT2020wey,r,59223.552743100096,FLUX,6.793404688236356e-06,5.209375316001982e-06,,,,AT2020wey.json,700,finite(flux) AND finite(flux_err) AND flux_err > 0,True,Measurement-level observation eligible under DEC-006; no temporal fitting window applied.
AT2020wey,r,59223.55320600001,FLUX,6.906642461233298e-06,5.7438936231065614e-06,,,,AT2020wey.json,701,finite(flux) AND finite(flux_err) AND flux_err > 0,True,Measurement-level observation eligible under DEC-006; no temporal fitting window applied.
AT2020wey,r,59224.36547450023,FLUX,7.402314983342574e-06,5.601832946606235e-06,,,,AT2020wey.json,702,finite(flux) AND finite(flux_err) AND flux_err > 0,True,Measurement-level observation eligible under DEC-006; no temporal fitting window applied.
AT2020wey,r,59226.43012729986,FLUX,9.937564818168383e-06,5.908354819695612e-06,,,,AT2020wey.json,707,finite(flux) AND finite(flux_err) AND flux_err > 0,True,Measurement-level observation eligible under DEC-006; no temporal fitting window applied.
AT2020wey,r,59227.368784700055,FLUX,1.4827124310872208e-05,3.880500169849071e-06,,,,AT2020wey.json,708,finite(flux) AND finite(flux_err) AND flux_err > 0,True,Measurement-level observation eligible under DEC-006; no temporal fitting window applied.
AT2020wey,r,59227.36972220009,FLUX,4.953260241713615e-06,4.371660056753237e-06,,,,AT2020wey.json,709,finite(flux) AND finite(flux_err) AND flux_err > 0,True,Measurement-level observation eligible under DEC-006; no temporal fitting window applied.
AT2020wey,r,59228.4713773001,FLUX,1.809877256305723e-06,4.852554488816186e-06,,,,AT2020wey.json,712,finite(flux) AND finite(flux_err) AND flux_err > 0,True,Measurement-level observation eligible under DEC-006; no temporal fitting window applied.
AT2020wey,r,59230.4370833002,FLUX,-9.015581414250703e-07,4.135564481722975e-06,,,,AT2020wey.json,713,finite(flux) AND finite(flux_err) AND flux_err > 0,True,Measurement-level observation eligible under DEC-006; no temporal fitting window applied.
AT2020wey,r,59231.365393499844,FLUX,7.697978882023551e-06,3.993881101264998e-06,,,,AT2020wey.json,714,finite(flux) AND finite(flux_err) AND flux_err > 0,True,Measurement-level observation eligible under DEC-006; no temporal fitting window applied.
AT2020wey,r,59231.36633099988,FLUX,1.5890729947885155e-05,4.503594140149025e-06,,,,AT2020wey.json,715,finite(flux) AND finite(flux_err) AND flux_err > 0,True,Measurement-level observation eligible under DEC-006; no temporal fitting window applied.
AT2020wey,r,59232.34223379986,FLUX,1.6356565140526262e-06,3.8784988787066065e-06,,,,AT2020wey.json,718,finite(flux) AND finite(flux_err) AND flux_err > 0,True,Measurement-level observation eligible under DEC-006; no temporal fitting window applied.
AT2020wey,r,59248.375115700066,FLUX,2.1564869972246367e-06,4.156084772573027e-06,,,,AT2020wey.json,723,finite(flux) AND finite(flux_err) AND flux_err > 0,True,Measurement-level observation eligible under DEC-006; no temporal fitting window applied.
AT2020wey,r,59248.43032409996,FLUX,4.9819678885167124e-06,4.7508892811080154e-06,,,,AT2020wey.json,725,finite(flux) AND finite(flux_err) AND flux_err > 0,True,Measurement-level observation eligible under DEC-006; no temporal fitting window applied.
AT2020wey,r,59248.524409700185,FLUX,2.897422786807307e-06,5.852271636240517e-06,,,,AT2020wey.json,727,finite(flux) AND finite(flux_err) AND flux_err > 0,True,Measurement-level observation eligible under DEC-006; no temporal fitting window applied.
AT2020wey,r,59249.32621529978,FLUX,6.381858664792815e-06,6.345421570386963e-06,,,,AT2020wey.json,728,finite(flux) AND finite(flux_err) AND flux_err > 0,True,Measurement-level observation eligible under DEC-006; no temporal fitting window applied.
AT2020wey,r,59249.38981480012,FLUX,8.386200260180303e-06,9.357538294721586e-06,,,,AT2020wey.json,729,finite(flux) AND finite(flux_err) AND flux_err > 0,True,Measurement-level observation eligible under DEC-006; no temporal fitting window applied.
AT2020wey,r,59249.405555599835,FLUX,-9.781268518896654e-06,9.517062244315e-06,,,,AT2020wey.json,730,finite(flux) AND finite(flux_err) AND flux_err > 0,True,Measurement-level observation eligible under DEC-006; no temporal fitting window applied.
AT2020wey,r,59250.23853009986,FLUX,1.8102314212717686e-06,5.522880937875118e-06,,,,AT2020wey.json,732,finite(flux) AND finite(flux_err) AND flux_err > 0,True,Measurement-level observation eligible under DEC-006; no temporal fitting window applied.
AT2020wey,r,59250.38696759986,FLUX,1.6948874741178733e-05,4.511256427026285e-06,,,,AT2020wey.json,736,finite(flux) AND finite(flux_err) AND flux_err > 0,True,Measurement-level observation eligible under DEC-006; no temporal fitting window applied.
AT2020wey,r,59250.4378819,FLUX,-2.98621326290333e-07,6.094920769015193e-06,,,,AT2020wey.json,737,finite(flux) AND finite(flux_err) AND flux_err > 0,True,Measurement-level observation eligible under DEC-006; no temporal fitting window applied.
AT2020wey,r,59251.33313659998,FLUX,2.1505013491288144e-06,3.9139458278288576e-06,,,,AT2020wey.json,739,finite(flux) AND finite(flux_err) AND flux_err > 0,True,Measurement-level observation eligible under DEC-006; no temporal fitting window applied.
AT2020wey,r,59251.44934030017,FLUX,2.3842213052481862e-06,5.090944374230368e-06,,,,AT2020wey.json,743,finite(flux) AND finite(flux_err) AND flux_err > 0,True,Measurement-level observation eligible under DEC-006; no temporal fitting window applied.
AT2020wey,r,59251.45031249989,FLUX,1.1073600933844141e-05,4.716798062155536e-06,,,,AT2020wey.json,744,finite(flux) AND finite(flux_err) AND flux_err > 0,True,Measurement-level observation eligible under DEC-006; no temporal fitting window applied.
AT2020wey,r,59251.466330999974,FLUX,-1.3495225117578395e-06,4.61213440715799e-06,,,,AT2020wey.json,745,finite(flux) AND finite(flux_err) AND flux_err > 0,True,Measurement-level observation eligible under DEC-006; no temporal fitting window applied.
AT2020wey,r,59252.197106500156,FLUX,4.888773688858936e-06,3.853341128107156e-06,,,,AT2020wey.json,746,finite(flux) AND finite(flux_err) AND flux_err > 0,True,Measurement-level observation eligible under DEC-006; no temporal fitting window applied.
AT2020wey,r,59252.2193287001,FLUX,9.158208127901167e-06,3.6411785310891563e-06,,,,AT2020wey.json,747,finite(flux) AND finite(flux_err) AND flux_err > 0,True,Measurement-level observation eligible under DEC-006; no temporal fitting window applied.
AT2020wey,r,59252.30590280006,FLUX,8.55650549743313e-06,3.798886470410201e-06,,,,AT2020wey.json,750,finite(flux) AND finite(flux_err) AND flux_err > 0,True,Measurement-level observation eligible under DEC-006; no temporal fitting window applied.
AT2020wey,r,59253.30744209979,FLUX,1.8877299388694024e-06,3.789174678365017e-06,,,,AT2020wey.json,755,finite(flux) AND finite(flux_err) AND flux_err > 0,True,Measurement-level observation eligible under DEC-006; no temporal fitting window applied.
AT2020wey,r,59253.321111099795,FLUX,1.563258586113795e-05,3.656787581819725e-06,,,,AT2020wey.json,756,finite(flux) AND finite(flux_err) AND flux_err > 0,True,Measurement-level observation eligible under DEC-006; no temporal fitting window applied.
AT2020wey,r,59253.32204859983,FLUX,2.0876934767716318e-06,3.849811316079073e-06,,,,AT2020wey.json,757,finite(flux) AND finite(flux_err) AND flux_err > 0,True,Measurement-level observation eligible under DEC-006; no temporal fitting window applied.
AT2020wey,r,59253.49012729991,FLUX,4.986912574980676e-06,4.2099221996994754e-06,,,,AT2020wey.json,761,finite(flux) AND finite(flux_err) AND flux_err > 0,True,Measurement-level observation eligible under DEC-006; no temporal fitting window applied.
AT2020wey,r,59254.18366899993,FLUX,8.421692462275445e-06,4.286181010143536e-06,,,,AT2020wey.json,763,finite(flux) AND finite(flux_err) AND flux_err > 0,True,Measurement-level observation eligible under DEC-006; no temporal fitting window applied.
AT2020wey,r,59255.28398150019,FLUX,5.881514899602231e-06,3.5846886774024072e-06,,,,AT2020wey.json,766,finite(flux) AND finite(flux_err) AND flux_err > 0,True,Measurement-level observation eligible under DEC-006; no temporal fitting window applied.
AT2020wey,r,59255.40905090002,FLUX,4.479300166076821e-06,3.4615382149114864e-06,,,,AT2020wey.json,768,finite(flux) AND finite(flux_err) AND flux_err > 0,True,Measurement-level observation eligible under DEC-006; no temporal fitting window applied.
AT2020wey,r,59256.22549769981,FLUX,5.967028274689303e-06,3.6281455659090138e-06,,,,AT2020wey.json,769,finite(flux) AND finite(flux_err) AND flux_err > 0,True,Measurement-level observation eligible under DEC-006; no temporal fitting window applied.
AT2020wey,r,59256.24283559993,FLUX,6.952738572876745e-06,3.7906734424474168e-06,,,,AT2020wey.json,770,finite(flux) AND finite(flux_err) AND flux_err > 0,True,Measurement-level observation eligible under DEC-006; no temporal fitting window applied.
AT2020wey,r,59256.24663189985,FLUX,4.567382671732304e-06,3.905853674499902e-06,,,,AT2020wey.json,771,finite(flux) AND finite(flux_err) AND flux_err > 0,True,Measurement-level observation eligible under DEC-006; no temporal fitting window applied.
AT2020wey,r,59256.411018500105,FLUX,8.680352500044028e-06,4.240323508718356e-06,,,,AT2020wey.json,776,finite(flux) AND finite(flux_err) AND flux_err > 0,True,Measurement-level observation eligible under DEC-006; no temporal fitting window applied.
AT2020wey,r,59257.22166670021,FLUX,3.516358949662344e-06,3.036786173942959e-06,,,,AT2020wey.json,777,finite(flux) AND finite(flux_err) AND flux_err > 0,True,Measurement-level observation eligible under DEC-006; no temporal fitting window applied.
AT2020wey,r,59258.348275499884,FLUX,-4.170928871507824e-06,4.802821674767035e-06,,,,AT2020wey.json,778,finite(flux) AND finite(flux_err) AND flux_err > 0,True,Measurement-level observation eligible under DEC-006; no temporal fitting window applied.
AT2020wey,r,59260.310347199906,FLUX,6.338618093850148e-07,5.052545093253845e-06,,,,AT2020wey.json,781,finite(flux) AND finite(flux_err) AND flux_err > 0,True,Measurement-level observation eligible under DEC-006; no temporal fitting window applied.
AT2020wey,r,59260.39090280002,FLUX,4.5671442793341054e-06,7.771184574961164e-06,,,,AT2020wey.json,783,finite(flux) AND finite(flux_err) AND flux_err > 0,True,Measurement-level observation eligible under DEC-006; no temporal fitting window applied.
AT2020wey,r,59260.39184030006,FLUX,1.6891028695330728e-06,7.681081200059148e-06,,,,AT2020wey.json,784,finite(flux) AND finite(flux_err) AND flux_err > 0,True,Measurement-level observation eligible under DEC-006; no temporal fitting window applied.
AT2020wey,r,59260.39371530013,FLUX,2.5209023709641067e-06,7.461843165618706e-06,,,,AT2020wey.json,785,finite(flux) AND finite(flux_err) AND flux_err > 0,True,Measurement-level observation eligible under DEC-006; no temporal fitting window applied.
AT2020wey,r,59262.22774309991,FLUX,1.2716893701299482e-06,5.560156168692786e-06,,,,AT2020wey.json,788,finite(flux) AND finite(flux_err) AND flux_err > 0,True,Measurement-level observation eligible under DEC-006; no temporal fitting window applied.
AT2020wey,r,59263.219722200185,FLUX,3.67596514040043e-07,7.85241510450808e-06,,,,AT2020wey.json,790,finite(flux) AND finite(flux_err) AND flux_err > 0,True,Measurement-level observation eligible under DEC-006; no temporal fitting window applied.
AT2020wey,r,59263.222094899975,FLUX,-1.780465436447666e-06,7.579895671483804e-06,,,,AT2020wey.json,791,finite(flux) AND finite(flux_err) AND flux_err > 0,True,Measurement-level observation eligible under DEC-006; no temporal fitting window applied.
AT2020wey,r,59264.22126160003,FLUX,6.650239319356448e-06,4.1856903229426e-06,,,,AT2020wey.json,793,finite(flux) AND finite(flux_err) AND flux_err > 0,True,Measurement-level observation eligible under DEC-006; no temporal fitting window applied.
AT2020wey,r,59265.28285880014,FLUX,3.7235483259312008e-06,4.552229108745695e-06,,,,AT2020wey.json,795,finite(flux) AND finite(flux_err) AND flux_err > 0,True,Measurement-level observation eligible under DEC-006; no temporal fitting window applied.
AT2020wey,r,59265.28475689981,FLUX,5.724296067568893e-06,4.5121200132802595e-06,,,,AT2020wey.json,796,finite(flux) AND finite(flux_err) AND flux_err > 0,True,Measurement-level observation eligible under DEC-006; no temporal fitting window applied.
AT2020wey,r,59266.26084489981,FLUX,1.5466589604825228e-06,8.317458185328903e-06,,,,AT2020wey.json,799,finite(flux) AND finite(flux_err) AND flux_err > 0,True,Measurement-level observation eligible under DEC-006; no temporal fitting window applied.
AT2020wey,r,59267.322384300176,FLUX,1.3751755045347123e-05,7.4629596506559045e-06,,,,AT2020wey.json,803,finite(flux) AND finite(flux_err) AND flux_err > 0,True,Measurement-level observation eligible under DEC-006; no temporal fitting window applied.
AT2020wey,r,59267.32785880007,FLUX,-1.8807250500432704e-07,7.274307756251308e-06,,,,AT2020wey.json,804,finite(flux) AND finite(flux_err) AND flux_err > 0,True,Measurement-level observation eligible under DEC-006; no temporal fitting window applied.
AT2020wey,r,59268.27954859985,FLUX,2.6086808322609417e-06,6.2096601812290575e-06,,,,AT2020wey.json,806,finite(flux) AND finite(flux_err) AND flux_err > 0,True,Measurement-level observation eligible under DEC-006; no temporal fitting window applied.
AT2020wey,r,59270.31620369991,FLUX,-3.442443629783227e-06,1.0601381399492876e-05,,,,AT2020wey.json,811,finite(flux) AND finite(flux_err) AND flux_err > 0,True,Measurement-level observation eligible under DEC-006; no temporal fitting window applied.
AT2020wey,r,59271.26702550007,FLUX,-1.6654225672356899e-06,1.0039189895356189e-05,,,,AT2020wey.json,812,finite(flux) AND finite(flux_err) AND flux_err > 0,True,Measurement-level observation eligible under DEC-006; no temporal fitting window applied.
AT2020wey,r,59271.26797450008,FLUX,4.40910525412358e-06,9.145308971399746e-06,,,,AT2020wey.json,813,finite(flux) AND finite(flux_err) AND flux_err > 0,True,Measurement-level observation eligible under DEC-006; no temporal fitting window applied.
AT2020wey,r,59272.256226900034,FLUX,5.535174678543216e-06,1.2941234316559313e-05,,,,AT2020wey.json,816,finite(flux) AND finite(flux_err) AND flux_err > 0,True,Measurement-level observation eligible under DEC-006; no temporal fitting window applied.
AT2020wey,r,59273.24255790003,FLUX,-5.95067955028774e-06,1.4781980255455795e-05,,,,AT2020wey.json,817,finite(flux) AND finite(flux_err) AND flux_err > 0,True,Measurement-level observation eligible under DEC-006; no temporal fitting window applied.
AT2020wey,r,59273.243495400064,FLUX,4.973166107143278e-06,1.258891072560676e-05,,,,AT2020wey.json,818,finite(flux) AND finite(flux_err) AND flux_err > 0,True,Measurement-level observation eligible under DEC-006; no temporal fitting window applied.
AT2020wey,r,59274.368715300225,FLUX,3.487760291836712e-06,1.160088037073606e-05,,,,AT2020wey.json,822,finite(flux) AND finite(flux_err) AND flux_err > 0,True,Measurement-level observation eligible under DEC-006; no temporal fitting window applied.
AT2020wey,r,59275.289189800154,FLUX,-1.0756559233447075e-05,6.321291454291958e-06,,,,AT2020wey.json,825,finite(flux) AND finite(flux_err) AND flux_err > 0,True,Measurement-level observation eligible under DEC-006; no temporal fitting window applied.
AT2020wey,r,59275.29012730019,FLUX,1.0590952657970997e-05,6.728745977506368e-06,,,,AT2020wey.json,826,finite(flux) AND finite(flux_err) AND flux_err > 0,True,Measurement-level observation eligible under DEC-006; no temporal fitting window applied.
AT2020wey,r,59276.29951390019,FLUX,5.074981593834756e-06,6.641697016096122e-06,,,,AT2020wey.json,828,finite(flux) AND finite(flux_err) AND flux_err > 0,True,Measurement-level observation eligible under DEC-006; no temporal fitting window applied.
AT2020wey,r,59278.17306709988,FLUX,4.419244999042188e-06,6.23212754647459e-06,,,,AT2020wey.json,829,finite(flux) AND finite(flux_err) AND flux_err > 0,True,Measurement-level observation eligible under DEC-006; no temporal fitting window applied.
AT2020wey,r,59278.17400459992,FLUX,9.568221389059302e-06,5.522880027361116e-06,,,,AT2020wey.json,830,finite(flux) AND finite(flux_err) AND flux_err > 0,True,Measurement-level observation eligible under DEC-006; no temporal fitting window applied.
AT2020wey,r,59281.216307899915,FLUX,-1.0948385316352952e-05,4.730980433403593e-06,,,,AT2020wey.json,833,finite(flux) AND finite(flux_err) AND flux_err > 0,True,Measurement-level observation eligible under DEC-006; no temporal fitting window applied.
AT2020wey,r,59290.268472199794,FLUX,5.552606821764857e-06,4.152247907430204e-06,,,,AT2020wey.json,836,finite(flux) AND finite(flux_err) AND flux_err > 0,True,Measurement-level observation eligible under DEC-006; no temporal fitting window applied.
AT2020wey,r,59291.213136599865,FLUX,3.892154316698175e-06,5.58673999501573e-06,,,,AT2020wey.json,837,finite(flux) AND finite(flux_err) AND flux_err > 0,True,Measurement-level observation eligible under DEC-006; no temporal fitting window applied.
AT2020wey,r,59291.21409719996,FLUX,5.373058966228985e-06,4.336236632894409e-06,,,,AT2020wey.json,838,finite(flux) AND finite(flux_err) AND flux_err > 0,True,Measurement-level observation eligible under DEC-006; no temporal fitting window applied.
AT2020wey,r,59292.26187499985,FLUX,-1.3902958094088755e-06,4.5456048930682954e-06,,,,AT2020wey.json,839,finite(flux) AND finite(flux_err) AND flux_err > 0,True,Measurement-level observation eligible under DEC-006; no temporal fitting window applied.
AT2020wey,r,59293.22447919985,FLUX,1.5877033256878373e-06,4.620337171894366e-06,,,,AT2020wey.json,841,finite(flux) AND finite(flux_err) AND flux_err > 0,True,Measurement-level observation eligible under DEC-006; no temporal fitting window applied.
AT2020wey,r,59293.22541669989,FLUX,-9.770642695825145e-07,5.162088215584879e-06,,,,AT2020wey.json,842,finite(flux) AND finite(flux_err) AND flux_err > 0,True,Measurement-level observation eligible under DEC-006; no temporal fitting window applied.
AT2020wey,r,59294.21908560023,FLUX,1.677722245884293e-06,6.020138190906706e-06,,,,AT2020wey.json,845,finite(flux) AND finite(flux_err) AND flux_err > 0,True,Measurement-level observation eligible under DEC-006; no temporal fitting window applied.
AT2020wey,r,59296.36305559985,FLUX,-1.5803828995532231e-06,1.2218410373027332e-05,,,,AT2020wey.json,849,finite(flux) AND finite(flux_err) AND flux_err > 0,True,Measurement-level observation eligible under DEC-006; no temporal fitting window applied.
AT2020wey,r,59297.22457179986,FLUX,-2.6579202285736214e-06,9.581775679546766e-06,,,,AT2020wey.json,850,finite(flux) AND finite(flux_err) AND flux_err > 0,True,Measurement-level observation eligible under DEC-006; no temporal fitting window applied.
AT2020wey,r,59302.218634299934,FLUX,1.8071676253449519e-06,9.639797591205255e-06,,,,AT2020wey.json,854,finite(flux) AND finite(flux_err) AND flux_err > 0,True,Measurement-level observation eligible under DEC-006; no temporal fitting window applied.
AT2020wey,r,59302.22475690022,FLUX,1.0283285791642456e-06,8.367304779151447e-06,,,,AT2020wey.json,855,finite(flux) AND finite(flux_err) AND flux_err > 0,True,Measurement-level observation eligible under DEC-006; no temporal fitting window applied.
AT2020wey,r,59303.34615739994,FLUX,-2.265623112233369e-06,9.631894293610465e-06,,,,AT2020wey.json,857,finite(flux) AND finite(flux_err) AND flux_err > 0,True,Measurement-level observation eligible under DEC-006; no temporal fitting window applied.
AT2020wey,r,59304.15596059989,FLUX,8.2211455806288e-06,4.776381757902416e-06,,,,AT2020wey.json,858,finite(flux) AND finite(flux_err) AND flux_err > 0,True,Measurement-level observation eligible under DEC-006; no temporal fitting window applied.
AT2020wey,r,59304.15689809993,FLUX,6.426085131562354e-06,5.508546666733585e-06,,,,AT2020wey.json,859,finite(flux) AND finite(flux_err) AND flux_err > 0,True,Measurement-level observation eligible under DEC-006; no temporal fitting window applied.
AT2020wey,r,59306.245243099984,FLUX,3.058581672447813e-06,4.1686694378192075e-06,,,,AT2020wey.json,862,finite(flux) AND finite(flux_err) AND flux_err > 0,True,Measurement-level observation eligible under DEC-006; no temporal fitting window applied.
AT2020wey,r,59306.24618060002,FLUX,1.4940579457908059e-06,4.29523080498548e-06,,,,AT2020wey.json,863,finite(flux) AND finite(flux_err) AND flux_err > 0,True,Measurement-level observation eligible under DEC-006; no temporal fitting window applied.
AT2020wey,r,59307.221817099955,FLUX,2.195790982623894e-06,3.918554315811234e-06,,,,AT2020wey.json,867,finite(flux) AND finite(flux_err) AND flux_err > 0,True,Measurement-level observation eligible under DEC-006; no temporal fitting window applied.
AT2020wey,r,59308.222673600074,FLUX,2.133067865940068e-07,4.901691710021495e-06,,,,AT2020wey.json,868,finite(flux) AND finite(flux_err) AND flux_err > 0,True,Measurement-level observation eligible under DEC-006; no temporal fitting window applied.
AT2020wey,r,59309.228090300225,FLUX,4.39124743890745e-06,4.414432169163411e-06,,,,AT2020wey.json,871,finite(flux) AND finite(flux_err) AND flux_err > 0,True,Measurement-level observation eligible under DEC-006; no temporal fitting window applied.
AT2020wey,r,59310.302870399784,FLUX,-1.1314229041527621e-06,5.095336971434475e-06,,,,AT2020wey.json,874,finite(flux) AND finite(flux_err) AND flux_err > 0,True,Measurement-level observation eligible under DEC-006; no temporal fitting window applied.
AT2020wey,r,59310.30490740016,FLUX,-2.0969508000584718e-06,5.598906200989185e-06,,,,AT2020wey.json,875,finite(flux) AND finite(flux_err) AND flux_err > 0,True,Measurement-level observation eligible under DEC-006; no temporal fitting window applied.
AT2020wey,r,59312.26771989977,FLUX,-3.400624517715674e-06,6.48318021355149e-06,,,,AT2020wey.json,877,finite(flux) AND finite(flux_err) AND flux_err > 0,True,Measurement-level observation eligible under DEC-006; no temporal fitting window applied.
AT2020wey,r,59314.26429399988,FLUX,2.064367364620147e-06,4.141286677588147e-06,,,,AT2020wey.json,879,finite(flux) AND finite(flux_err) AND flux_err > 0,True,Measurement-level observation eligible under DEC-006; no temporal fitting window applied.
AT2020wey,r,59316.28446759982,FLUX,-4.831414740592436e-06,4.457993752462755e-06,,,,AT2020wey.json,880,finite(flux) AND finite(flux_err) AND flux_err > 0,True,Measurement-level observation eligible under DEC-006; no temporal fitting window applied.
AT2020wey,r,59319.204490699805,FLUX,-9.218008142493383e-07,3.927484404266313e-06,,,,AT2020wey.json,882,finite(flux) AND finite(flux_err) AND flux_err > 0,True,Measurement-level observation eligible under DEC-006; no temporal fitting window applied.
AT2020wey,r,59321.286296300124,FLUX,6.8339055022267894e-06,4.316110532285627e-06,,,,AT2020wey.json,884,finite(flux) AND finite(flux_err) AND flux_err > 0,True,Measurement-level observation eligible under DEC-006; no temporal fitting window applied.
AT2020wey,r,59323.222094899975,FLUX,9.300945263674226e-07,7.138389266890649e-06,,,,AT2020wey.json,886,finite(flux) AND finite(flux_err) AND flux_err > 0,True,Measurement-level observation eligible under DEC-006; no temporal fitting window applied.
AT2020wey,r,59324.218344899826,FLUX,-1.2694340943219931e-05,8.673699941674954e-06,,,,AT2020wey.json,888,finite(flux) AND finite(flux_err) AND flux_err > 0,True,Measurement-level observation eligible under DEC-006; no temporal fitting window applied.
AT2020wey,r,59325.17673610011,FLUX,5.189699378170827e-06,5.441388707515832e-06,,,,AT2020wey.json,889,finite(flux) AND finite(flux_err) AND flux_err > 0,True,Measurement-level observation eligible under DEC-006; no temporal fitting window applied.
AT2020wey,r,59328.1825116002,FLUX,2.957089086930084e-06,7.172818218626217e-06,,,,AT2020wey.json,890,finite(flux) AND finite(flux_err) AND flux_err > 0,True,Measurement-level observation eligible under DEC-006; no temporal fitting window applied.
AT2020wey,r,59329.21921300003,FLUX,5.793684058477767e-06,8.725902156283208e-06,,,,AT2020wey.json,892,finite(flux) AND finite(flux_err) AND flux_err > 0,True,Measurement-level observation eligible under DEC-006; no temporal fitting window applied.
AT2020wey,r,59329.22017360013,FLUX,-2.568066936055047e-06,8.4993722210107e-06,,,,AT2020wey.json,893,finite(flux) AND finite(flux_err) AND flux_err > 0,True,Measurement-level observation eligible under DEC-006; no temporal fitting window applied.
AT2020wey,r,59329.22111110017,FLUX,1.5936372084688365e-06,8.887918984558637e-06,,,,AT2020wey.json,894,finite(flux) AND finite(flux_err) AND flux_err > 0,True,Measurement-level observation eligible under DEC-006; no temporal fitting window applied.
AT2020wey,r,59334.32706019981,FLUX,3.2091169133784193e-06,1.1122985675360037e-05,,,,AT2020wey.json,899,finite(flux) AND finite(flux_err) AND flux_err > 0,True,Measurement-level observation eligible under DEC-006; no temporal fitting window applied.
AT2020wey,r,59335.19741899986,FLUX,-1.3584574834702918e-06,6.87525232396828e-06,,,,AT2020wey.json,900,finite(flux) AND finite(flux_err) AND flux_err > 0,True,Measurement-level observation eligible under DEC-006; no temporal fitting window applied.
AT2020wey,r,59335.198379599955,FLUX,-2.8581271324339934e-06,6.584471806834332e-06,,,,AT2020wey.json,901,finite(flux) AND finite(flux_err) AND flux_err > 0,True,Measurement-level observation eligible under DEC-006; no temporal fitting window applied.
AT2020wey,r,59336.32319439994,FLUX,-2.391342817043567e-06,5.270516022706795e-06,,,,AT2020wey.json,903,finite(flux) AND finite(flux_err) AND flux_err > 0,True,Measurement-level observation eligible under DEC-006; no temporal fitting window applied.
AT2020wey,r,59338.248622700106,FLUX,-1.002003916317421e-05,5.800318404551023e-06,,,,AT2020wey.json,905,finite(flux) AND finite(flux_err) AND flux_err > 0,True,Measurement-level observation eligible under DEC-006; no temporal fitting window applied.
AT2020wey,r,59340.28046299983,FLUX,-1.57611424265417e-06,5.075097469084301e-06,,,,AT2020wey.json,908,finite(flux) AND finite(flux_err) AND flux_err > 0,True,Measurement-level observation eligible under DEC-006; no temporal fitting window applied.
AT2020wey,r,59340.282847200055,FLUX,-5.483700979597358e-06,4.897830515874028e-06,,,,AT2020wey.json,909,finite(flux) AND finite(flux_err) AND flux_err > 0,True,Measurement-level observation eligible under DEC-006; no temporal fitting window applied.
AT2020wey,r,59342.28497690009,FLUX,-2.8929070066000984e-07,5.765258539342088e-06,,,,AT2020wey.json,911,finite(flux) AND finite(flux_err) AND flux_err > 0,True,Measurement-level observation eligible under DEC-006; no temporal fitting window applied.
AT2020wey,r,59344.21515050018,FLUX,7.140921598187985e-06,4.819115796238841e-06,,,,AT2020wey.json,912,finite(flux) AND finite(flux_err) AND flux_err > 0,True,Measurement-level observation eligible under DEC-006; no temporal fitting window applied.
AT2020wey,r,59346.307986100204,FLUX,-1.3199349070900938e-05,8.938559305713095e-06,,,,AT2020wey.json,915,finite(flux) AND finite(flux_err) AND flux_err > 0,True,Measurement-level observation eligible under DEC-006; no temporal fitting window applied.
AT2020wey,r,59348.18226849986,FLUX,-2.171698370740271e-06,4.857283508188625e-06,,,,AT2020wey.json,916,finite(flux) AND finite(flux_err) AND flux_err > 0,True,Measurement-level observation eligible under DEC-006; no temporal fitting window applied.
AT2020wey,r,59350.23559030006,FLUX,-1.441984250842952e-06,8.002801353398424e-06,,,,AT2020wey.json,920,finite(flux) AND finite(flux_err) AND flux_err > 0,True,Measurement-level observation eligible under DEC-006; no temporal fitting window applied.
AT2020wey,r,59353.18346060021,FLUX,-2.5993842925854426e-07,6.324199374480091e-06,,,,AT2020wey.json,921,finite(flux) AND finite(flux_err) AND flux_err > 0,True,Measurement-level observation eligible under DEC-006; no temporal fitting window applied.
AT2020wey,r,59353.18439809978,FLUX,9.366374642679435e-07,6.346593772253169e-06,,,,AT2020wey.json,922,finite(flux) AND finite(flux_err) AND flux_err > 0,True,Measurement-level observation eligible under DEC-006; no temporal fitting window applied.
AT2020wey,r,59355.20004629996,FLUX,3.6789409460465653e-06,9.705431665492641e-06,,,,AT2020wey.json,925,finite(flux) AND finite(flux_err) AND flux_err > 0,True,Measurement-level observation eligible under DEC-006; no temporal fitting window applied.
AT2020wey,r,59355.20192130003,FLUX,-1.224045949829331e-05,9.653527719392238e-06,,,,AT2020wey.json,926,finite(flux) AND finite(flux_err) AND flux_err > 0,True,Measurement-level observation eligible under DEC-006; no temporal fitting window applied.
AT2020wey,r,59356.246678200085,FLUX,-1.7195340247647212e-06,8.83185474136535e-06,,,,AT2020wey.json,927,finite(flux) AND finite(flux_err) AND flux_err > 0,True,Measurement-level observation eligible under DEC-006; no temporal fitting window applied.
AT2020wey,r,59358.21872689994,FLUX,-3.735237444112758e-05,1.3356300627102743e-05,,,,AT2020wey.json,928,finite(flux) AND finite(flux_err) AND flux_err > 0,True,Measurement-level observation eligible under DEC-006; no temporal fitting window applied.
AT2020wey,r,59361.22025460005,FLUX,-3.38865324642641e-06,9.368300834106589e-06,,,,AT2020wey.json,930,finite(flux) AND finite(flux_err) AND flux_err > 0,True,Measurement-level observation eligible under DEC-006; no temporal fitting window applied.
AT2020wey,r,59386.18170139985,FLUX,-1.3815470934681482e-06,1.3306428664385661e-05,,,,AT2020wey.json,932,finite(flux) AND finite(flux_err) AND flux_err > 0,True,Measurement-level observation eligible under DEC-006; no temporal fitting window applied.
AT2020wey,r,59386.18283559987,FLUX,-5.462199403254315e-06,1.542925677468682e-05,,,,AT2020wey.json,933,finite(flux) AND finite(flux_err) AND flux_err > 0,True,Measurement-level observation eligible under DEC-006; no temporal fitting window applied.
AT2020wey,r,59386.18511570012,FLUX,-1.135807561555336e-05,1.4408787118913537e-05,,,,AT2020wey.json,934,finite(flux) AND finite(flux_err) AND flux_err > 0,True,Measurement-level observation eligible under DEC-006; no temporal fitting window applied.
AT2020wey,r,59386.18623840017,FLUX,9.269404917732646e-07,1.3607709072239823e-05,,,,AT2020wey.json,935,finite(flux) AND finite(flux_err) AND flux_err > 0,True,Measurement-level observation eligible under DEC-006; no temporal fitting window applied.
AT2020wey,r,59387.18228009995,FLUX,5.783938064351611e-06,1.3878004434212158e-05,,,,AT2020wey.json,936,finite(flux) AND finite(flux_err) AND flux_err > 0,True,Measurement-level observation eligible under DEC-006; no temporal fitting window applied.
AT2020wey,r,59387.18347219983,FLUX,-2.450186318914726e-05,1.3600250637387316e-05,,,,AT2020wey.json,937,finite(flux) AND finite(flux_err) AND flux_err > 0,True,Measurement-level observation eligible under DEC-006; no temporal fitting window applied.
AT2020wey,r,59387.18466439983,FLUX,-1.7337126323703014e-05,1.3888382803085005e-05,,,,AT2020wey.json,938,finite(flux) AND finite(flux_err) AND flux_err > 0,True,Measurement-level observation eligible under DEC-006; no temporal fitting window applied.
AT2020wey,r,59387.185856500175,FLUX,-3.3336094989575975e-06,1.4110439441441178e-05,,,,AT2020wey.json,939,finite(flux) AND finite(flux_err) AND flux_err > 0,True,Measurement-level observation eligible under DEC-006; no temporal fitting window applied.
AT2020wey,r,59387.187048600055,FLUX,7.099753049262931e-07,1.4335786685759942e-05,,,,AT2020wey.json,940,finite(flux) AND finite(flux_err) AND flux_err > 0,True,Measurement-level observation eligible under DEC-006; no temporal fitting window applied.
AT2020wey,r,59392.1828240999,FLUX,-7.904316658990956e-06,7.68997800987412e-06,,,,AT2020wey.json,941,finite(flux) AND finite(flux_err) AND flux_err > 0,True,Measurement-level observation eligible under DEC-006; no temporal fitting window applied.
AT2020wey,r,59392.18379630009,FLUX,3.0413823231609635e-07,7.535784268351736e-06,,,,AT2020wey.json,942,finite(flux) AND finite(flux_err) AND flux_err > 0,True,Measurement-level observation eligible under DEC-006; no temporal fitting window applied.
AT2020wey,r,59392.184756900184,FLUX,-2.070429677035772e-06,7.3455917046416605e-06,,,,AT2020wey.json,943,finite(flux) AND finite(flux_err) AND flux_err > 0,True,Measurement-level observation eligible under DEC-006; no temporal fitting window applied.
AT2020wey,r,59392.18571759993,FLUX,-1.1206487226526959e-06,7.0637385623848195e-06,,,,AT2020wey.json,944,finite(flux) AND finite(flux_err) AND flux_err > 0,True,Measurement-level observation eligible under DEC-006; no temporal fitting window applied.
AT2020wey,r,59392.18668980012,FLUX,-1.7106420852549896e-06,7.781607033613228e-06,,,,AT2020wey.json,945,finite(flux) AND finite(flux_err) AND flux_err > 0,True,Measurement-level observation eligible under DEC-006; no temporal fitting window applied.
AT2020wey,r,59393.18239580002,FLUX,-1.822538696313412e-06,8.382559751878536e-06,,,,AT2020wey.json,946,finite(flux) AND finite(flux_err) AND flux_err > 0,True,Measurement-level observation eligible under DEC-006; no temporal fitting window applied.
AT2020wey,r,59393.18336809985,FLUX,-1.3887679807768872e-05,7.682425200383397e-06,,,,AT2020wey.json,947,finite(flux) AND finite(flux_err) AND flux_err > 0,True,Measurement-level observation eligible under DEC-006; no temporal fitting window applied.
AT2020wey,r,59393.18432869995,FLUX,-4.289218300560235e-06,8.094176228691964e-06,,,,AT2020wey.json,948,finite(flux) AND finite(flux_err) AND flux_err > 0,True,Measurement-level observation eligible under DEC-006; no temporal fitting window applied.
AT2020wey,r,59393.185300900135,FLUX,-5.647637724620594e-06,8.251083953425164e-06,,,,AT2020wey.json,949,finite(flux) AND finite(flux_err) AND flux_err > 0,True,Measurement-level observation eligible under DEC-006; no temporal fitting window applied.
AT2020wey,r,59393.18626159988,FLUX,2.460865846358964e-06,7.758538526054915e-06,,,,AT2020wey.json,950,finite(flux) AND finite(flux_err) AND flux_err > 0,True,Measurement-level observation eligible under DEC-006; no temporal fitting window applied.
AT2020wey,r,59483.493761599995,FLUX,-6.490282703274001e-06,8.106908158422858e-06,,,,AT2020wey.json,951,finite(flux) AND finite(flux_err) AND flux_err > 0,True,Measurement-level observation eligible under DEC-006; no temporal fitting window applied.
AT2020wey,r,59487.50631939992,FLUX,4.4668373517439065e-06,8.195861072903074e-06,,,,AT2020wey.json,953,finite(flux) AND finite(flux_err) AND flux_err > 0,True,Measurement-level observation eligible under DEC-006; no temporal fitting window applied.
AT2020wey,r,59496.43412039988,FLUX,5.005796851682396e-06,5.08785617122306e-06,,,,AT2020wey.json,954,finite(flux) AND finite(flux_err) AND flux_err > 0,True,Measurement-level observation eligible under DEC-006; no temporal fitting window applied.
AT2020wey,r,59500.50732639991,FLUX,8.252404415112728e-06,4.377511130527389e-06,,,,AT2020wey.json,956,finite(flux) AND finite(flux_err) AND flux_err > 0,True,Measurement-level observation eligible under DEC-006; no temporal fitting window applied.
AT2020wey,r,59501.487916700076,FLUX,-5.424902143769211e-06,3.906342785487277e-06,,,,AT2020wey.json,959,finite(flux) AND finite(flux_err) AND flux_err > 0,True,Measurement-level observation eligible under DEC-006; no temporal fitting window applied.
AT2020wey,r,59501.50771989999,FLUX,-8.78716308065381e-06,4.164036903064444e-06,,,,AT2020wey.json,960,finite(flux) AND finite(flux_err) AND flux_err > 0,True,Measurement-level observation eligible under DEC-006; no temporal fitting window applied.
AT2020wey,r,59502.48991899984,FLUX,3.235777756725116e-06,6.4850922721567366e-06,,,,AT2020wey.json,963,finite(flux) AND finite(flux_err) AND flux_err > 0,True,Measurement-level observation eligible under DEC-006; no temporal fitting window applied.
AT2020wey,r,59503.408472199924,FLUX,2.0376112236631228e-07,7.757983542885198e-06,,,,AT2020wey.json,964,finite(flux) AND finite(flux_err) AND flux_err > 0,True,Measurement-level observation eligible under DEC-006; no temporal fitting window applied.
AT2020wey,r,59503.432453699876,FLUX,-3.509721951775306e-06,6.489465834459155e-06,,,,AT2020wey.json,965,finite(flux) AND finite(flux_err) AND flux_err > 0,True,Measurement-level observation eligible under DEC-006; no temporal fitting window applied.
AT2020wey,r,59509.455613399856,FLUX,5.44143497384801e-06,7.173683867868907e-06,,,,AT2020wey.json,971,finite(flux) AND finite(flux_err) AND flux_err > 0,True,Measurement-level observation eligible under DEC-006; no temporal fitting window applied.
AT2020wey,r,59511.39465280017,FLUX,-1.5074483867564887e-05,1.0585731718071055e-05,,,,AT2020wey.json,972,finite(flux) AND finite(flux_err) AND flux_err > 0,True,Measurement-level observation eligible under DEC-006; no temporal fitting window applied.
AT2020wey,r,59512.47031249991,FLUX,7.90894797296555e-06,6.688187926659756e-06,,,,AT2020wey.json,975,finite(flux) AND finite(flux_err) AND flux_err > 0,True,Measurement-level observation eligible under DEC-006; no temporal fitting window applied.
AT2020wey,r,59512.51737269992,FLUX,3.95630974615175e-06,6.203045330919424e-06,,,,AT2020wey.json,977,finite(flux) AND finite(flux_err) AND flux_err > 0,True,Measurement-level observation eligible under DEC-006; no temporal fitting window applied.
AT2020wey,r,59517.51266200002,FLUX,6.333920209600012e-06,4.055153979050943e-06,,,,AT2020wey.json,979,finite(flux) AND finite(flux_err) AND flux_err > 0,True,Measurement-level observation eligible under DEC-006; no temporal fitting window applied.
AT2020wey,r,59518.51589119993,FLUX,5.057746652043784e-06,3.7537702949411607e-06,,,,AT2020wey.json,981,finite(flux) AND finite(flux_err) AND flux_err > 0,True,Measurement-level observation eligible under DEC-006; no temporal fitting window applied.
AT2020wey,r,59521.45622690022,FLUX,2.772465906908483e-06,4.515119932197432e-06,,,,AT2020wey.json,982,finite(flux) AND finite(flux_err) AND flux_err > 0,True,Measurement-level observation eligible under DEC-006; no temporal fitting window applied.
AT2020wey,r,59521.46585649997,FLUX,-2.8544543440609253e-06,3.973369294480408e-06,,,,AT2020wey.json,983,finite(flux) AND finite(flux_err) AND flux_err > 0,True,Measurement-level observation eligible under DEC-006; no temporal fitting window applied.
AT2020wey,r,59521.46679400001,FLUX,-4.813141555722309e-06,4.224902964194651e-06,,,,AT2020wey.json,984,finite(flux) AND finite(flux_err) AND flux_err > 0,True,Measurement-level observation eligible under DEC-006; no temporal fitting window applied.
AT2020wey,r,59522.46958329994,FLUX,-2.26106497322973e-06,3.7950976571586795e-06,,,,AT2020wey.json,989,finite(flux) AND finite(flux_err) AND flux_err > 0,True,Measurement-level observation eligible under DEC-006; no temporal fitting window applied.
AT2020wey,r,59522.49254629994,FLUX,-3.7681404285028904e-07,3.582720895698154e-06,,,,AT2020wey.json,990,finite(flux) AND finite(flux_err) AND flux_err > 0,True,Measurement-level observation eligible under DEC-006; no temporal fitting window applied.
AT2020wey,r,59523.48745370004,FLUX,-2.365905652345385e-06,3.845525653712397e-06,,,,AT2020wey.json,994,finite(flux) AND finite(flux_err) AND flux_err > 0,True,Measurement-level observation eligible under DEC-006; no temporal fitting window applied.
AT2020wey,r,59523.51181709999,FLUX,2.0340252043244454e-07,3.7195491832548865e-06,,,,AT2020wey.json,995,finite(flux) AND finite(flux_err) AND flux_err > 0,True,Measurement-level observation eligible under DEC-006; no temporal fitting window applied.
AT2020wey,r,59524.36887730006,FLUX,1.0151875242087155e-05,4.221840035121903e-06,,,,AT2020wey.json,997,finite(flux) AND finite(flux_err) AND flux_err > 0,True,Measurement-level observation eligible under DEC-006; no temporal fitting window applied.
AT2020wey,r,59524.45315970015,FLUX,7.396949695642526e-07,3.8019768269782445e-06,,,,AT2020wey.json,998,finite(flux) AND finite(flux_err) AND flux_err > 0,True,Measurement-level observation eligible under DEC-006; no temporal fitting window applied.
AT2020wey,r,59525.36453700019,FLUX,-1.4455235808311815e-06,4.360680517571586e-06,,,,AT2020wey.json,1001,finite(flux) AND finite(flux_err) AND flux_err > 0,True,Measurement-level observation eligible under DEC-006; no temporal fitting window applied.
AT2020wey,r,59525.44996530004,FLUX,-2.585858509820398e-07,3.863371899613715e-06,,,,AT2020wey.json,1002,finite(flux) AND finite(flux_err) AND flux_err > 0,True,Measurement-level observation eligible under DEC-006; no temporal fitting window applied.
AT2020wey,r,59525.450902800076,FLUX,-4.055939108704132e-06,4.079925242709954e-06,,,,AT2020wey.json,1003,finite(flux) AND finite(flux_err) AND flux_err > 0,True,Measurement-level observation eligible under DEC-006; no temporal fitting window applied.
AT2020wey,r,59526.34082179982,FLUX,4.128488886452528e-06,4.509572677075504e-06,,,,AT2020wey.json,1007,finite(flux) AND finite(flux_err) AND flux_err > 0,True,Measurement-level observation eligible under DEC-006; no temporal fitting window applied.
AT2020wey,r,59526.51269679982,FLUX,-4.048048303222138e-06,3.6547104619517166e-06,,,,AT2020wey.json,1010,finite(flux) AND finite(flux_err) AND flux_err > 0,True,Measurement-level observation eligible under DEC-006; no temporal fitting window applied.
AT2020wey,r,59529.36748840008,FLUX,4.314812290321654e-06,6.450839286415826e-06,,,,AT2020wey.json,1011,finite(flux) AND finite(flux_err) AND flux_err > 0,True,Measurement-level observation eligible under DEC-006; no temporal fitting window applied.
AT2020wey,r,59529.49165510014,FLUX,3.0324597456495474e-06,5.201154262699055e-06,,,,AT2020wey.json,1013,finite(flux) AND finite(flux_err) AND flux_err > 0,True,Measurement-level observation eligible under DEC-006; no temporal fitting window applied.
AT2020wey,r,59530.36396990018,FLUX,2.291443625916749e-06,5.779747179122117e-06,,,,AT2020wey.json,1015,finite(flux) AND finite(flux_err) AND flux_err > 0,True,Measurement-level observation eligible under DEC-006; no temporal fitting window applied.
AT2020wey,r,59530.39064810006,FLUX,1.152324029385927e-06,6.506450829285499e-06,,,,AT2020wey.json,1016,finite(flux) AND finite(flux_err) AND flux_err > 0,True,Measurement-level observation eligible under DEC-006; no temporal fitting window applied.
AT2020wey,r,59531.428379599936,FLUX,-7.285508242205523e-06,4.315681416498567e-06,,,,AT2020wey.json,1021,finite(flux) AND finite(flux_err) AND flux_err > 0,True,Measurement-level observation eligible under DEC-006; no temporal fitting window applied.
AT2020wey,r,59532.37241900014,FLUX,8.031303609119575e-06,5.841016567767921e-06,,,,AT2020wey.json,1022,finite(flux) AND finite(flux_err) AND flux_err > 0,True,Measurement-level observation eligible under DEC-006; no temporal fitting window applied.
AT2020wey,r,59532.43052079994,FLUX,9.417371720739825e-06,5.4119857275274225e-06,,,,AT2020wey.json,1024,finite(flux) AND finite(flux_err) AND flux_err > 0,True,Measurement-level observation eligible under DEC-006; no temporal fitting window applied.
AT2020wey,r,59532.473020799924,FLUX,1.6720351484542849e-07,4.625946944943511e-06,,,,AT2020wey.json,1025,finite(flux) AND finite(flux_err) AND flux_err > 0,True,Measurement-level observation eligible under DEC-006; no temporal fitting window applied.
AT2020wey,r,59536.38516200008,FLUX,-3.023779945836497e-06,7.79243730788308e-06,,,,AT2020wey.json,1029,finite(flux) AND finite(flux_err) AND flux_err > 0,True,Measurement-level observation eligible under DEC-006; no temporal fitting window applied.
AT2020wey,r,59536.512557900045,FLUX,1.4311921202112277e-05,8.751301957608064e-06,,,,AT2020wey.json,1031,finite(flux) AND finite(flux_err) AND flux_err > 0,True,Measurement-level observation eligible under DEC-006; no temporal fitting window applied.
AT2020wey,r,59538.430405099876,FLUX,2.690756543554429e-06,8.047988309752965e-06,,,,AT2020wey.json,1035,finite(flux) AND finite(flux_err) AND flux_err > 0,True,Measurement-level observation eligible under DEC-006; no temporal fitting window applied.
AT2020wey,r,59538.43134259991,FLUX,1.053399186024392e-06,7.327991105888765e-06,,,,AT2020wey.json,1036,finite(flux) AND finite(flux_err) AND flux_err > 0,True,Measurement-level observation eligible under DEC-006; no temporal fitting window applied.
AT2020wey,r,59538.47223380022,FLUX,-4.117244195429982e-06,1.0080821468169632e-05,,,,AT2020wey.json,1037,finite(flux) AND finite(flux_err) AND flux_err > 0,True,Measurement-level observation eligible under DEC-006; no temporal fitting window applied.
AT2020wey,r,59540.53390049981,FLUX,-1.777212795681426e-06,6.8067504207456235e-06,,,,AT2020wey.json,1041,finite(flux) AND finite(flux_err) AND flux_err > 0,True,Measurement-level observation eligible under DEC-006; no temporal fitting window applied.
AT2020wey,r,59550.3662963002,FLUX,9.085785250627807e-07,3.859527171338168e-06,,,,AT2020wey.json,1044,finite(flux) AND finite(flux_err) AND flux_err > 0,True,Measurement-level observation eligible under DEC-006; no temporal fitting window applied.
AT2020wey,r,59550.36723379977,FLUX,-1.015795453017887e-09,4.078099592332134e-06,,,,AT2020wey.json,1045,finite(flux) AND finite(flux_err) AND flux_err > 0,True,Measurement-level observation eligible under DEC-006; no temporal fitting window applied.
AT2020wey,r,59550.411620399915,FLUX,-1.826105490904105e-06,3.6413139757687978e-06,,,,AT2020wey.json,1046,finite(flux) AND finite(flux_err) AND flux_err > 0,True,Measurement-level observation eligible under DEC-006; no temporal fitting window applied.
AT2020wey,r,59600.359490700066,FLUX,4.1690576680249915e-06,6.161525011209368e-06,,,,AT2020wey.json,1048,finite(flux) AND finite(flux_err) AND flux_err > 0,True,Measurement-level observation eligible under DEC-006; no temporal fitting window applied.
AT2020wey,r,59622.28729170002,FLUX,-5.773819200852585e-06,6.565202421066753e-06,,,,AT2020wey.json,1051,finite(flux) AND finite(flux_err) AND flux_err > 0,True,Measurement-level observation eligible under DEC-006; no temporal fitting window applied.
AT2020wey,r,59622.374050899874,FLUX,2.408040432435259e-06,8.141160772522093e-06,,,,AT2020wey.json,1053,finite(flux) AND finite(flux_err) AND flux_err > 0,True,Measurement-level observation eligible under DEC-006; no temporal fitting window applied.
AT2020wey,r,59622.453275499865,FLUX,6.484984065758448e-06,9.95299524628323e-06,,,,AT2020wey.json,1056,finite(flux) AND finite(flux_err) AND flux_err > 0,True,Measurement-level observation eligible under DEC-006; no temporal fitting window applied.
AT2020wey,r,59623.38429399999,FLUX,4.712571513084892e-06,7.608629484517796e-06,,,,AT2020wey.json,1058,finite(flux) AND finite(flux_err) AND flux_err > 0,True,Measurement-level observation eligible under DEC-006; no temporal fitting window applied.
AT2020wey,r,59624.33225690015,FLUX,-7.190860089151659e-06,7.66471142675604e-06,,,,AT2020wey.json,1063,finite(flux) AND finite(flux_err) AND flux_err > 0,True,Measurement-level observation eligible under DEC-006; no temporal fitting window applied.
AT2020wey,r,59624.36333330022,FLUX,-7.931209047533606e-06,7.51558445903392e-06,,,,AT2020wey.json,1064,finite(flux) AND finite(flux_err) AND flux_err > 0,True,Measurement-level observation eligible under DEC-006; no temporal fitting window applied.
AT2020wey,r,59624.41141200019,FLUX,1.1034415295882046e-05,8.696837544825152e-06,,,,AT2020wey.json,1065,finite(flux) AND finite(flux_err) AND flux_err > 0,True,Measurement-level observation eligible under DEC-006; no temporal fitting window applied.
AT2020wey,r,59625.40218750015,FLUX,8.81163459306838e-06,1.1601747375949675e-05,,,,AT2020wey.json,1067,finite(flux) AND finite(flux_err) AND flux_err > 0,True,Measurement-level observation eligible under DEC-006; no temporal fitting window applied.
AT2020wey,r,59627.32958329981,FLUX,-1.99961608843519e-05,1.6131908352017717e-05,,,,AT2020wey.json,1070,finite(flux) AND finite(flux_err) AND flux_err > 0,True,Measurement-level observation eligible under DEC-006; no temporal fitting window applied.
AT2020wey,r,59627.35296300007,FLUX,-6.696373029128065e-06,1.4795153934892043e-05,,,,AT2020wey.json,1071,finite(flux) AND finite(flux_err) AND flux_err > 0,True,Measurement-level observation eligible under DEC-006; no temporal fitting window applied.
AT2020wey,r,59628.31094910018,FLUX,-1.1300174631069728e-06,6.742438842898872e-06,,,,AT2020wey.json,1073,finite(flux) AND finite(flux_err) AND flux_err > 0,True,Measurement-level observation eligible under DEC-006; no temporal fitting window applied.
AT2020wey,r,59629.2474421002,FLUX,2.9135625022634235e-06,7.256963073304699e-06,,,,AT2020wey.json,1075,finite(flux) AND finite(flux_err) AND flux_err > 0,True,Measurement-level observation eligible under DEC-006; no temporal fitting window applied.
AT2020wey,r,59629.35093750013,FLUX,-8.291935016475848e-06,6.906744323408693e-06,,,,AT2020wey.json,1076,finite(flux) AND finite(flux_err) AND flux_err > 0,True,Measurement-level observation eligible under DEC-006; no temporal fitting window applied.
AT2020wey,r,59629.51155090006,FLUX,4.2696182504672036e-06,1.1098226660199776e-05,,,,AT2020wey.json,1079,finite(flux) AND finite(flux_err) AND flux_err > 0,True,Measurement-level observation eligible under DEC-006; no temporal fitting window applied.
AT2020wey,r,59630.37465280015,FLUX,2.2298101641551348e-06,5.794420058971855e-06,,,,AT2020wey.json,1080,finite(flux) AND finite(flux_err) AND flux_err > 0,True,Measurement-level observation eligible under DEC-006; no temporal fitting window applied.
AT2020wey,r,59636.1422569002,FLUX,3.4460678334131996e-06,4.652717754089023e-06,,,,AT2020wey.json,1082,finite(flux) AND finite(flux_err) AND flux_err > 0,True,Measurement-level observation eligible under DEC-006; no temporal fitting window applied.
AT2020wey,r,59636.34603009978,FLUX,4.785636413022194e-06,4.346936032615248e-06,,,,AT2020wey.json,1085,finite(flux) AND finite(flux_err) AND flux_err > 0,True,Measurement-level observation eligible under DEC-006; no temporal fitting window applied.
AT2020wey,r,59636.403483800124,FLUX,-9.321538047806818e-06,5.027230166155165e-06,,,,AT2020wey.json,1086,finite(flux) AND finite(flux_err) AND flux_err > 0,True,Measurement-level observation eligible under DEC-006; no temporal fitting window applied.
AT2020wey,r,59637.32780090021,FLUX,-3.884105117390526e-06,4.402958571937657e-06,,,,AT2020wey.json,1089,finite(flux) AND finite(flux_err) AND flux_err > 0,True,Measurement-level observation eligible under DEC-006; no temporal fitting window applied.
AT2020wey,r,59638.38928239979,FLUX,2.326670109076252e-06,7.053057205687036e-06,,,,AT2020wey.json,1090,finite(flux) AND finite(flux_err) AND flux_err > 0,True,Measurement-level observation eligible under DEC-006; no temporal fitting window applied.
AT2020wey,r,59638.470057900064,FLUX,-9.883777621328117e-06,6.9317646014973075e-06,,,,AT2020wey.json,1092,finite(flux) AND finite(flux_err) AND flux_err > 0,True,Measurement-level observation eligible under DEC-006; no temporal fitting window applied.
AT2020wey,r,59639.15480320016,FLUX,-4.513538606635673e-06,5.1526821397729865e-06,,,,AT2020wey.json,1093,finite(flux) AND finite(flux_err) AND flux_err > 0,True,Measurement-level observation eligible under DEC-006; no temporal fitting window applied.
AT2020wey,r,59639.23836810002,FLUX,1.117217160367063e-05,6.7416699334515535e-06,,,,AT2020wey.json,1095,finite(flux) AND finite(flux_err) AND flux_err > 0,True,Measurement-level observation eligible under DEC-006; no temporal fitting window applied.
AT2020wey,r,59640.32202549977,FLUX,5.966751237176226e-08,4.351321849366782e-06,,,,AT2020wey.json,1097,finite(flux) AND finite(flux_err) AND flux_err > 0,True,Measurement-level observation eligible under DEC-006; no temporal fitting window applied.
AT2020wey,r,59671.34192130016,FLUX,6.895761872946215e-07,4.18320292108618e-06,,,,AT2020wey.json,1099,finite(flux) AND finite(flux_err) AND flux_err > 0,True,Measurement-level observation eligible under DEC-006; no temporal fitting window applied.
AT2020wey,r,59674.32577549992,FLUX,-5.031823005361103e-06,4.999656335983429e-06,,,,AT2020wey.json,1101,finite(flux) AND finite(flux_err) AND flux_err > 0,True,Measurement-level observation eligible under DEC-006; no temporal fitting window applied.
AT2020wey,r,59678.24135420006,FLUX,-8.87209040622088e-06,5.313176029526644e-06,,,,AT2020wey.json,1103,finite(flux) AND finite(flux_err) AND flux_err > 0,True,Measurement-level observation eligible under DEC-006; no temporal fitting window applied.
AT2020wey,r,59680.23559030006,FLUX,1.255960371223836e-06,1.167487014782496e-05,,,,AT2020wey.json,1105,finite(flux) AND finite(flux_err) AND flux_err > 0,True,Measurement-level observation eligible under DEC-006; no temporal fitting window applied.
AT2020wey,r,59683.24719909998,FLUX,-2.2581295534146006e-06,7.835398625131681e-06,,,,AT2020wey.json,1106,finite(flux) AND finite(flux_err) AND flux_err > 0,True,Measurement-level observation eligible under DEC-006; no temporal fitting window applied.
AT2020wey,r,59685.24041670002,FLUX,-6.14309329909137e-06,7.294018706607594e-06,,,,AT2020wey.json,1108,finite(flux) AND finite(flux_err) AND flux_err > 0,True,Measurement-level observation eligible under DEC-006; no temporal fitting window applied.
AT2020wey,r,59688.34148149984,FLUX,-3.602176607685173e-05,1.9648508821906584e-05,,,,AT2020wey.json,1110,finite(flux) AND finite(flux_err) AND flux_err > 0,True,Measurement-level observation eligible under DEC-006; no temporal fitting window applied.
AT2020wey,r,59690.239143500105,FLUX,-7.432292026058544e-06,4.564649160925132e-06,,,,AT2020wey.json,1111,finite(flux) AND finite(flux_err) AND flux_err > 0,True,Measurement-level observation eligible under DEC-006; no temporal fitting window applied.
AT2020wey,r,59694.177812499925,FLUX,-2.6312188265273426e-06,5.337721667252285e-06,,,,AT2020wey.json,1113,finite(flux) AND finite(flux_err) AND flux_err > 0,True,Measurement-level observation eligible under DEC-006; no temporal fitting window applied.
AT2020wey,r,59699.269791699946,FLUX,-6.983596891564144e-06,5.305169794201844e-06,,,,AT2020wey.json,1116,finite(flux) AND finite(flux_err) AND flux_err > 0,True,Measurement-level observation eligible under DEC-006; no temporal fitting window applied.
AT2020wey,r,59710.22915509995,FLUX,-1.0047710356971259e-05,6.93076539800692e-06,,,,AT2020wey.json,1119,finite(flux) AND finite(flux_err) AND flux_err > 0,True,Measurement-level observation eligible under DEC-006; no temporal fitting window applied.
AT2020wey,r,59712.203599500004,FLUX,1.0054825635377138e-06,7.895693569812811e-06,,,,AT2020wey.json,1121,finite(flux) AND finite(flux_err) AND flux_err > 0,True,Measurement-level observation eligible under DEC-006; no temporal fitting window applied.
AT2020wey,r,59714.18369209999,FLUX,-6.754596806949185e-06,8.313347498597671e-06,,,,AT2020wey.json,1122,finite(flux) AND finite(flux_err) AND flux_err > 0,True,Measurement-level observation eligible under DEC-006; no temporal fitting window applied.
AT2020wey,r,59717.245208300184,FLUX,-1.8809577566667787e-05,8.154578137323963e-06,,,,AT2020wey.json,1124,finite(flux) AND finite(flux_err) AND flux_err > 0,True,Measurement-level observation eligible under DEC-006; no temporal fitting window applied.
AT2020wey,r,59719.18771990016,FLUX,-2.8196181616707457e-06,5.582943178785758e-06,,,,AT2020wey.json,1126,finite(flux) AND finite(flux_err) AND flux_err > 0,True,Measurement-level observation eligible under DEC-006; no temporal fitting window applied.
AT2020wey,r,59719.222696799785,FLUX,-1.647785518643912e-06,5.250174659864856e-06,,,,AT2020wey.json,1127,finite(flux) AND finite(flux_err) AND flux_err > 0,True,Measurement-level observation eligible under DEC-006; no temporal fitting window applied.
AT2020wey,r,59757.18285880005,FLUX,-6.570085461253953e-06,7.991946006460359e-06,,,,AT2020wey.json,1128,finite(flux) AND finite(flux_err) AND flux_err > 0,True,Measurement-level observation eligible under DEC-006; no temporal fitting window applied.
AT2020wey,r,59757.18381940015,FLUX,2.9585332031181242e-06,8.107113637067625e-06,,,,AT2020wey.json,1129,finite(flux) AND finite(flux_err) AND flux_err > 0,True,Measurement-level observation eligible under DEC-006; no temporal fitting window applied.
AT2020wey,r,59757.18574069999,FLUX,-1.685753251373216e-05,8.328364042133512e-06,,,,AT2020wey.json,1130,finite(flux) AND finite(flux_err) AND flux_err > 0,True,Measurement-level observation eligible under DEC-006; no temporal fitting window applied.
AT2020wey,r,59757.18671299983,FLUX,5.981911359503614e-06,7.671273639447923e-06,,,,AT2020wey.json,1131,finite(flux) AND finite(flux_err) AND flux_err > 0,True,Measurement-level observation eligible under DEC-006; no temporal fitting window applied.
AT2020wey,r,59758.18336809985,FLUX,-2.217129386313425e-06,7.813281859582428e-06,,,,AT2020wey.json,1132,finite(flux) AND finite(flux_err) AND flux_err > 0,True,Measurement-level observation eligible under DEC-006; no temporal fitting window applied.
AT2020wey,r,59758.18432869995,FLUX,-1.3908816579923918e-05,7.13750792690681e-06,,,,AT2020wey.json,1133,finite(flux) AND finite(flux_err) AND flux_err > 0,True,Measurement-level observation eligible under DEC-006; no temporal fitting window applied.
AT2020wey,r,59758.185300900135,FLUX,4.542416771021105e-06,7.489449078394656e-06,,,,AT2020wey.json,1134,finite(flux) AND finite(flux_err) AND flux_err > 0,True,Measurement-level observation eligible under DEC-006; no temporal fitting window applied.
AT2020wey,r,59758.18626159988,FLUX,-1.3705848417853892e-05,6.829632175439946e-06,,,,AT2020wey.json,1135,finite(flux) AND finite(flux_err) AND flux_err > 0,True,Measurement-level observation eligible under DEC-006; no temporal fitting window applied.
AT2020wey,r,59758.18723380007,FLUX,-3.1928259936024504e-05,7.562777814938298e-06,,,,AT2020wey.json,1136,finite(flux) AND finite(flux_err) AND flux_err > 0,True,Measurement-level observation eligible under DEC-006; no temporal fitting window applied.
AT2020wey,r,59759.1819329001,FLUX,-1.809350297382204e-07,7.449434226066343e-06,,,,AT2020wey.json,1137,finite(flux) AND finite(flux_err) AND flux_err > 0,True,Measurement-level observation eligible under DEC-006; no temporal fitting window applied.
AT2020wey,r,59759.18287040014,FLUX,-5.829461751505098e-06,7.565780011631701e-06,,,,AT2020wey.json,1138,finite(flux) AND finite(flux_err) AND flux_err > 0,True,Measurement-level observation eligible under DEC-006; no temporal fitting window applied.
AT2020wey,r,59759.18381940015,FLUX,-7.861046768208997e-06,7.519993010121925e-06,,,,AT2020wey.json,1139,finite(flux) AND finite(flux_err) AND flux_err > 0,True,Measurement-level observation eligible under DEC-006; no temporal fitting window applied.
AT2020wey,r,59759.184756900184,FLUX,-6.996959476470343e-08,7.288526875764173e-06,,,,AT2020wey.json,1140,finite(flux) AND finite(flux_err) AND flux_err > 0,True,Measurement-level observation eligible under DEC-006; no temporal fitting window applied.
AT2020wey,r,59759.185705999844,FLUX,-1.872443336949787e-06,6.99910021009347e-06,,,,AT2020wey.json,1141,finite(flux) AND finite(flux_err) AND flux_err > 0,True,Measurement-level observation eligible under DEC-006; no temporal fitting window applied.
AT2020wey,r,59857.49245369993,FLUX,6.0167421603975074e-06,4.218441465976456e-06,,,,AT2020wey.json,1144,finite(flux) AND finite(flux_err) AND flux_err > 0,True,Measurement-level observation eligible under DEC-006; no temporal fitting window applied.
AT2020wey,r,59859.48745370004,FLUX,1.0406957218318044e-05,4.402044037204326e-06,,,,AT2020wey.json,1146,finite(flux) AND finite(flux_err) AND flux_err > 0,True,Measurement-level observation eligible under DEC-006; no temporal fitting window applied.
AT2020wey,r,59861.500127300154,FLUX,9.033481900015779e-06,7.5278221812644835e-06,,,,AT2020wey.json,1148,finite(flux) AND finite(flux_err) AND flux_err > 0,True,Measurement-level observation eligible under DEC-006; no temporal fitting window applied.
AT2020wey,r,59864.49540509982,FLUX,-9.549113695750397e-06,7.1255413975205694e-06,,,,AT2020wey.json,1150,finite(flux) AND finite(flux_err) AND flux_err > 0,True,Measurement-level observation eligible under DEC-006; no temporal fitting window applied.
AT2020wey,r,59866.48797449982,FLUX,2.73269237689541e-06,5.857975475714144e-06,,,,AT2020wey.json,1152,finite(flux) AND finite(flux_err) AND flux_err > 0,True,Measurement-level observation eligible under DEC-006; no temporal fitting window applied.
AT2020wey,r,59869.49828700023,FLUX,4.361568497445623e-06,5.494956848688379e-06,,,,AT2020wey.json,1154,finite(flux) AND finite(flux_err) AND flux_err > 0,True,Measurement-level observation eligible under DEC-006; no temporal fitting window applied.
AT2020wey,r,59870.45452550007,FLUX,-1.1933410828541046e-06,5.034198128124308e-06,,,,AT2020wey.json,1155,finite(flux) AND finite(flux_err) AND flux_err > 0,True,Measurement-level observation eligible under DEC-006; no temporal fitting window applied.
AT2020wey,r,59870.495810199995,FLUX,-8.20826358489377e-06,5.562250005693367e-06,,,,AT2020wey.json,1156,finite(flux) AND finite(flux_err) AND flux_err > 0,True,Measurement-level observation eligible under DEC-006; no temporal fitting window applied.
AT2020wey,r,59872.41928240005,FLUX,5.028898970298888e-06,7.397177060996619e-06,,,,AT2020wey.json,1158,finite(flux) AND finite(flux_err) AND flux_err > 0,True,Measurement-level observation eligible under DEC-006; no temporal fitting window applied.
AT2020wey,r,59872.44795140019,FLUX,1.0081572564197884e-05,5.1263545682400145e-06,,,,AT2020wey.json,1159,finite(flux) AND finite(flux_err) AND flux_err > 0,True,Measurement-level observation eligible under DEC-006; no temporal fitting window applied.
AT2020wey,r,59874.493784700055,FLUX,3.3458221312897616e-06,3.963982138400141e-06,,,,AT2020wey.json,1163,finite(flux) AND finite(flux_err) AND flux_err > 0,True,Measurement-level observation eligible under DEC-006; no temporal fitting window applied.
AT2020wey,r,59878.48877310008,FLUX,3.98344355923965e-06,4.088413535163485e-06,,,,AT2020wey.json,1165,finite(flux) AND finite(flux_err) AND flux_err > 0,True,Measurement-level observation eligible under DEC-006; no temporal fitting window applied.
AT2020wey,r,59880.47572920006,FLUX,-4.666381714070233e-06,5.321211003697514e-06,,,,AT2020wey.json,1166,finite(flux) AND finite(flux_err) AND flux_err > 0,True,Measurement-level observation eligible under DEC-006; no temporal fitting window applied.
AT2020wey,r,59882.49394680001,FLUX,-1.89526037302716e-05,9.132834729796414e-06,,,,AT2020wey.json,1167,finite(flux) AND finite(flux_err) AND flux_err > 0,True,Measurement-level observation eligible under DEC-006; no temporal fitting window applied.
AT2020wey,r,59888.46761569986,FLUX,-7.1749789655909534e-06,6.989735566618497e-06,,,,AT2020wey.json,1169,finite(flux) AND finite(flux_err) AND flux_err > 0,True,Measurement-level observation eligible under DEC-006; no temporal fitting window applied.
AT2020wey,r,59889.36024310021,FLUX,-6.889676987038681e-06,1.1209741604520866e-05,,,,AT2020wey.json,1170,finite(flux) AND finite(flux_err) AND flux_err > 0,True,Measurement-level observation eligible under DEC-006; no temporal fitting window applied.
AT2020wey,r,59889.451759300195,FLUX,1.0483645796353315e-05,7.346530020380804e-06,,,,AT2020wey.json,1173,finite(flux) AND finite(flux_err) AND flux_err > 0,True,Measurement-level observation eligible under DEC-006; no temporal fitting window applied.
AT2020wey,r,59889.47282409994,FLUX,-4.22442547796237e-06,5.903475267426874e-06,,,,AT2020wey.json,1174,finite(flux) AND finite(flux_err) AND flux_err > 0,True,Measurement-level observation eligible under DEC-006; no temporal fitting window applied.
AT2020wey,r,59893.52707180008,FLUX,-1.083416761117077e-06,8.717665955516172e-06,,,,AT2020wey.json,1177,finite(flux) AND finite(flux_err) AND flux_err > 0,True,Measurement-level observation eligible under DEC-006; no temporal fitting window applied.
AT2020wey,r,59895.38299770001,FLUX,-1.1266749268635861e-06,7.035848054573633e-06,,,,AT2020wey.json,1180,finite(flux) AND finite(flux_err) AND flux_err > 0,True,Measurement-level observation eligible under DEC-006; no temporal fitting window applied.
AT2020wey,r,59895.40616900008,FLUX,-3.43601721135566e-06,6.721919423629796e-06,,,,AT2020wey.json,1181,finite(flux) AND finite(flux_err) AND flux_err > 0,True,Measurement-level observation eligible under DEC-006; no temporal fitting window applied.
AT2020wey,r,59896.338715299964,FLUX,-8.61421241000252e-06,1.3632565328214852e-05,,,,AT2020wey.json,1182,finite(flux) AND finite(flux_err) AND flux_err > 0,True,Measurement-level observation eligible under DEC-006; no temporal fitting window applied.
AT2020wey,r,59896.47811339982,FLUX,-2.09665826813534e-06,8.740106403484532e-06,,,,AT2020wey.json,1184,finite(flux) AND finite(flux_err) AND flux_err > 0,True,Measurement-level observation eligible under DEC-006; no temporal fitting window applied.
AT2020wey,r,59897.34896990005,FLUX,8.294059139722478e-06,1.2111159701622037e-05,,,,AT2020wey.json,1185,finite(flux) AND finite(flux_err) AND flux_err > 0,True,Measurement-level observation eligible under DEC-006; no temporal fitting window applied.
AT2020wey,r,59897.34990740009,FLUX,-8.555691084205445e-06,1.0774468685223846e-05,,,,AT2020wey.json,1186,finite(flux) AND finite(flux_err) AND flux_err > 0,True,Measurement-level observation eligible under DEC-006; no temporal fitting window applied.
AT2020wey,r,59897.431504600216,FLUX,-2.616315778038953e-06,7.183446622567079e-06,,,,AT2020wey.json,1187,finite(flux) AND finite(flux_err) AND flux_err > 0,True,Measurement-level observation eligible under DEC-006; no temporal fitting window applied.
AT2020wey,r,59898.37846060004,FLUX,-2.925038017301897e-06,5.333279607892076e-06,,,,AT2020wey.json,1191,finite(flux) AND finite(flux_err) AND flux_err > 0,True,Measurement-level observation eligible under DEC-006; no temporal fitting window applied.
AT2020wey,r,59900.51181709999,FLUX,-2.0319254601624114e-06,6.507757021984458e-06,,,,AT2020wey.json,1196,finite(flux) AND finite(flux_err) AND flux_err > 0,True,Measurement-level observation eligible under DEC-006; no temporal fitting window applied.
AT2020wey,r,59901.49030089984,FLUX,-2.415579640988337e-06,4.326330184262568e-06,,,,AT2020wey.json,1198,finite(flux) AND finite(flux_err) AND flux_err > 0,True,Measurement-level observation eligible under DEC-006; no temporal fitting window applied.
AT2020wey,r,59901.49124999996,FLUX,-1.158022127018374e-06,4.490664829683561e-06,,,,AT2020wey.json,1199,finite(flux) AND finite(flux_err) AND flux_err > 0,True,Measurement-level observation eligible under DEC-006; no temporal fitting window applied.
AT2020wey,r,59903.330868099816,FLUX,3.191066019925809e-06,6.41410031818941e-06,,,,AT2020wey.json,1204,finite(flux) AND finite(flux_err) AND flux_err > 0,True,Measurement-level observation eligible under DEC-006; no temporal fitting window applied.
AT2020wey,r,59903.46784720011,FLUX,1.0558829984785593e-06,4.549589223632732e-06,,,,AT2020wey.json,1208,finite(flux) AND finite(flux_err) AND flux_err > 0,True,Measurement-level observation eligible under DEC-006; no temporal fitting window applied.
AT2020wey,r,59903.47193290014,FLUX,-1.1848292971148106e-06,4.259323633761923e-06,,,,AT2020wey.json,1209,finite(flux) AND finite(flux_err) AND flux_err > 0,True,Measurement-level observation eligible under DEC-006; no temporal fitting window applied.
AT2020wey,r,59904.455555600114,FLUX,-9.60666763119531e-07,4.1639661258443065e-06,,,,AT2020wey.json,1212,finite(flux) AND finite(flux_err) AND flux_err > 0,True,Measurement-level observation eligible under DEC-006; no temporal fitting window applied.
AT2020wey,r,59904.51267360011,FLUX,1.0180651645111366e-06,4.56740337083629e-06,,,,AT2020wey.json,1213,finite(flux) AND finite(flux_err) AND flux_err > 0,True,Measurement-level observation eligible under DEC-006; no temporal fitting window applied.
AT2020wey,r,59906.36114579998,FLUX,7.495373487786203e-06,4.646620888982724e-06,,,,AT2020wey.json,1215,finite(flux) AND finite(flux_err) AND flux_err > 0,True,Measurement-level observation eligible under DEC-006; no temporal fitting window applied.
AT2020wey,r,59906.449548599776,FLUX,-2.63520007767707e-06,4.5249712538091855e-06,,,,AT2020wey.json,1217,finite(flux) AND finite(flux_err) AND flux_err > 0,True,Measurement-level observation eligible under DEC-006; no temporal fitting window applied.
AT2020wey,r,59908.371435199864,FLUX,3.3122451643279675e-06,6.4347504952513616e-06,,,,AT2020wey.json,1219,finite(flux) AND finite(flux_err) AND flux_err > 0,True,Measurement-level observation eligible under DEC-006; no temporal fitting window applied.
AT2020wey,r,59908.428993099835,FLUX,-5.142505375217038e-06,4.827725496187165e-06,,,,AT2020wey.json,1220,finite(flux) AND finite(flux_err) AND flux_err > 0,True,Measurement-level observation eligible under DEC-006; no temporal fitting window applied.
AT2020wey,r,59908.42993059987,FLUX,2.4355810506477635e-06,4.944609894045237e-06,,,,AT2020wey.json,1221,finite(flux) AND finite(flux_err) AND flux_err > 0,True,Measurement-level observation eligible under DEC-006; no temporal fitting window applied.
AT2020wey,r,59909.4332059999,FLUX,3.6648821021258377e-06,4.444262190830349e-06,,,,AT2020wey.json,1224,finite(flux) AND finite(flux_err) AND flux_err > 0,True,Measurement-level observation eligible under DEC-006; no temporal fitting window applied.
AT2020wey,r,59910.32027779985,FLUX,8.136622462180095e-06,7.233784629328104e-06,,,,AT2020wey.json,1226,finite(flux) AND finite(flux_err) AND flux_err > 0,True,Measurement-level observation eligible under DEC-006; no temporal fitting window applied.
AT2020wey,r,59910.37202550005,FLUX,-3.999054972522603e-06,5.256766327309761e-06,,,,AT2020wey.json,1227,finite(flux) AND finite(flux_err) AND flux_err > 0,True,Measurement-level observation eligible under DEC-006; no temporal fitting window applied.
AT2020wey,r,59914.394814800005,FLUX,-6.702884343241802e-06,4.51619063498734e-06,,,,AT2020wey.json,1231,finite(flux) AND finite(flux_err) AND flux_err > 0,True,Measurement-level observation eligible under DEC-006; no temporal fitting window applied.
AT2020wey,r,59914.430636600126,FLUX,2.223830268478869e-06,3.958330070307771e-06,,,,AT2020wey.json,1232,finite(flux) AND finite(flux_err) AND flux_err > 0,True,Measurement-level observation eligible under DEC-006; no temporal fitting window applied.
AT2020wey,r,59914.43396990001,FLUX,4.892957994574638e-06,3.919355856344363e-06,,,,AT2020wey.json,1233,finite(flux) AND finite(flux_err) AND flux_err > 0,True,Measurement-level observation eligible under DEC-006; no temporal fitting window applied.
AT2020wey,r,59922.37134259986,FLUX,-2.5595283383815e-07,7.945632982678114e-06,,,,AT2020wey.json,1234,finite(flux) AND finite(flux_err) AND flux_err > 0,True,Measurement-level observation eligible under DEC-006; no temporal fitting window applied.
AT2020wey,r,59922.45462960005,FLUX,-6.117354037233969e-06,7.4663365770117e-06,,,,AT2020wey.json,1237,finite(flux) AND finite(flux_err) AND flux_err > 0,True,Measurement-level observation eligible under DEC-006; no temporal fitting window applied.
AT2020wey,r,59923.34609950008,FLUX,-8.00558405697371e-06,8.683584512139958e-06,,,,AT2020wey.json,1239,finite(flux) AND finite(flux_err) AND flux_err > 0,True,Measurement-level observation eligible under DEC-006; no temporal fitting window applied.
AT2020wey,r,59923.36931709992,FLUX,-8.387766306020263e-06,7.859293856711588e-06,,,,AT2020wey.json,1240,finite(flux) AND finite(flux_err) AND flux_err > 0,True,Measurement-level observation eligible under DEC-006; no temporal fitting window applied.
AT2020wey,r,59923.44796299981,FLUX,1.2897875695004122e-05,7.79045210896595e-06,,,,AT2020wey.json,1242,finite(flux) AND finite(flux_err) AND flux_err > 0,True,Measurement-level observation eligible under DEC-006; no temporal fitting window applied.
AT2020wey,r,59928.28187499987,FLUX,-6.632033009886071e-07,5.527635975056294e-06,,,,AT2020wey.json,1244,finite(flux) AND finite(flux_err) AND flux_err > 0,True,Measurement-level observation eligible under DEC-006; no temporal fitting window applied.
AT2020wey,r,59930.34724539984,FLUX,2.6224106382973983e-06,4.641822159178725e-06,,,,AT2020wey.json,1247,finite(flux) AND finite(flux_err) AND flux_err > 0,True,Measurement-level observation eligible under DEC-006; no temporal fitting window applied.
AT2020wey,r,59930.37811340019,FLUX,-8.503923202284725e-06,4.7117998839136115e-06,,,,AT2020wey.json,1248,finite(flux) AND finite(flux_err) AND flux_err > 0,True,Measurement-level observation eligible under DEC-006; no temporal fitting window applied.
AT2020wey,r,59932.244062500075,FLUX,2.786105213731859e-06,6.199374705137716e-06,,,,AT2020wey.json,1250,finite(flux) AND finite(flux_err) AND flux_err > 0,True,Measurement-level observation eligible under DEC-006; no temporal fitting window applied.
AT2020wey,r,59932.280497699976,FLUX,5.756934802956378e-06,4.919974142227382e-06,,,,AT2020wey.json,1251,finite(flux) AND finite(flux_err) AND flux_err > 0,True,Measurement-level observation eligible under DEC-006; no temporal fitting window applied.
AT2020wey,r,59933.389872699976,FLUX,-7.2529877192745055e-06,5.898813727328683e-06,,,,AT2020wey.json,1254,finite(flux) AND finite(flux_err) AND flux_err > 0,True,Measurement-level observation eligible under DEC-006; no temporal fitting window applied.
AT2020wey,r,59934.4319329001,FLUX,-3.6831940466698323e-06,6.0298818917045545e-06,,,,AT2020wey.json,1255,finite(flux) AND finite(flux_err) AND flux_err > 0,True,Measurement-level observation eligible under DEC-006; no temporal fitting window applied.
AT2020wey,r,59935.28013890004,FLUX,-4.056040013854835e-06,5.716651308480722e-06,,,,AT2020wey.json,1257,finite(flux) AND finite(flux_err) AND flux_err > 0,True,Measurement-level observation eligible under DEC-006; no temporal fitting window applied.
AT2020wey,r,59935.30250000022,FLUX,4.226468861204969e-06,4.462044262495329e-06,,,,AT2020wey.json,1258,finite(flux) AND finite(flux_err) AND flux_err > 0,True,Measurement-level observation eligible under DEC-006; no temporal fitting window applied.
AT2020wey,r,59935.432106500026,FLUX,1.697953130906489e-06,4.098792747629366e-06,,,,AT2020wey.json,1259,finite(flux) AND finite(flux_err) AND flux_err > 0,True,Measurement-level observation eligible under DEC-006; no temporal fitting window applied.
AT2020wey,r,59936.244965299964,FLUX,2.3739080234645076e-06,4.437493845654626e-06,,,,AT2020wey.json,1261,finite(flux) AND finite(flux_err) AND flux_err > 0,True,Measurement-level observation eligible under DEC-006; no temporal fitting window applied.
AT2020wey,r,59936.282002300024,FLUX,1.7844947671906245e-06,4.49965196162234e-06,,,,AT2020wey.json,1262,finite(flux) AND finite(flux_err) AND flux_err > 0,True,Measurement-level observation eligible under DEC-006; no temporal fitting window applied.
AT2020wey,r,59937.27871529991,FLUX,3.5031282685503015e-07,6.406447367769876e-06,,,,AT2020wey.json,1265,finite(flux) AND finite(flux_err) AND flux_err > 0,True,Measurement-level observation eligible under DEC-006; no temporal fitting window applied.
AT2020wey,r,59937.34434030019,FLUX,9.318509762562257e-06,5.746937730679896e-06,,,,AT2020wey.json,1267,finite(flux) AND finite(flux_err) AND flux_err > 0,True,Measurement-level observation eligible under DEC-006; no temporal fitting window applied.
AT2020wey,r,59937.345277800225,FLUX,-7.868112904877735e-06,5.757579237106933e-06,,,,AT2020wey.json,1268,finite(flux) AND finite(flux_err) AND flux_err > 0,True,Measurement-level observation eligible under DEC-006; no temporal fitting window applied.
AT2020wey,r,59942.22053240007,FLUX,6.678684433331264e-06,8.514561492617597e-06,,,,AT2020wey.json,1272,finite(flux) AND finite(flux_err) AND flux_err > 0,True,Measurement-level observation eligible under DEC-006; no temporal fitting window applied.
AT2020wey,r,59951.5178704001,FLUX,1.4966018678788705e-06,1.006480602185958e-05,,,,AT2020wey.json,1275,finite(flux) AND finite(flux_err) AND flux_err > 0,True,Measurement-level observation eligible under DEC-006; no temporal fitting window applied.
AT2020wey,r,59953.31111110002,FLUX,-7.697907035751167e-06,1.26377472345991e-05,,,,AT2020wey.json,1276,finite(flux) AND finite(flux_err) AND flux_err > 0,True,Measurement-level observation eligible under DEC-006; no temporal fitting window applied.
AT2020wey,r,59957.198379599955,FLUX,-1.1954574238941872e-05,1.0921534048892012e-05,,,,AT2020wey.json,1277,finite(flux) AND finite(flux_err) AND flux_err > 0,True,Measurement-level observation eligible under DEC-006; no temporal fitting window applied.
AT2020wey,r,59957.25885420013,FLUX,-1.5979896528632275e-06,6.82859726987633e-06,,,,AT2020wey.json,1278,finite(flux) AND finite(flux_err) AND flux_err > 0,True,Measurement-level observation eligible under DEC-006; no temporal fitting window applied.
AT2020wey,r,59957.39425930008,FLUX,-7.07469066016646e-06,5.794760834315272e-06,,,,AT2020wey.json,1279,finite(flux) AND finite(flux_err) AND flux_err > 0,True,Measurement-level observation eligible under DEC-006; no temporal fitting window applied.
AT2020wey,r,59965.23989580013,FLUX,-5.045363274569203e-06,7.015967197365705e-06,,,,AT2020wey.json,1282,finite(flux) AND finite(flux_err) AND flux_err > 0,True,Measurement-level observation eligible under DEC-006; no temporal fitting window applied.
AT2020wey,r,59966.36655090004,FLUX,-1.1714920786867116e-05,4.335222219334193e-06,,,,AT2020wey.json,1284,finite(flux) AND finite(flux_err) AND flux_err > 0,True,Measurement-level observation eligible under DEC-006; no temporal fitting window applied.
AT2020wey,r,59966.36754629994,FLUX,-1.3372435214091186e-05,4.727314641543174e-06,,,,AT2020wey.json,1285,finite(flux) AND finite(flux_err) AND flux_err > 0,True,Measurement-level observation eligible under DEC-006; no temporal fitting window applied.
AT2020wey,r,59968.27777779987,FLUX,-1.6312837798035038e-06,5.846157513711954e-06,,,,AT2020wey.json,1288,finite(flux) AND finite(flux_err) AND flux_err > 0,True,Measurement-level observation eligible under DEC-006; no temporal fitting window applied.
AT2020wey,r,59969.45748839993,FLUX,1.4222396759292802e-06,4.21795185636305e-06,,,,AT2020wey.json,1293,finite(flux) AND finite(flux_err) AND flux_err > 0,True,Measurement-level observation eligible under DEC-006; no temporal fitting window applied.
AT2020wey,r,59971.29870369984,FLUX,2.866758366810782e-06,4.964745523619407e-06,,,,AT2020wey.json,1294,finite(flux) AND finite(flux_err) AND flux_err > 0,True,Measurement-level observation eligible under DEC-006; no temporal fitting window applied.
AT2020wey,r,59971.42591439979,FLUX,-5.653050864963193e-07,6.2050215781879075e-06,,,,AT2020wey.json,1296,finite(flux) AND finite(flux_err) AND flux_err > 0,True,Measurement-level observation eligible under DEC-006; no temporal fitting window applied.
AT2020wey,r,59972.26084489981,FLUX,-3.098154829125811e-06,4.309702181256616e-06,,,,AT2020wey.json,1297,finite(flux) AND finite(flux_err) AND flux_err > 0,True,Measurement-level observation eligible under DEC-006; no temporal fitting window applied.
AT2020wey,r,59972.30440969998,FLUX,-2.008245705111438e-06,4.526352150723018e-06,,,,AT2020wey.json,1298,finite(flux) AND finite(flux_err) AND flux_err > 0,True,Measurement-level observation eligible under DEC-006; no temporal fitting window applied.
AT2020wey,r,59972.30726849986,FLUX,6.5905211790520854e-06,5.151671051096377e-06,,,,AT2020wey.json,1299,finite(flux) AND finite(flux_err) AND flux_err > 0,True,Measurement-level observation eligible under DEC-006; no temporal fitting window applied.
AT2020wey,r,59977.38519679988,FLUX,-1.4380396167276476e-05,1.3417163672655043e-05,,,,AT2020wey.json,1303,finite(flux) AND finite(flux_err) AND flux_err > 0,True,Measurement-level observation eligible under DEC-006; no temporal fitting window applied.
AT2020wey,r,59979.200902800076,FLUX,2.511928170172139e-06,1.0393833015540799e-05,,,,AT2020wey.json,1305,finite(flux) AND finite(flux_err) AND flux_err > 0,True,Measurement-level observation eligible under DEC-006; no temporal fitting window applied.
AT2020wey,r,59979.4233448999,FLUX,-1.3088941142434367e-05,1.0451267710021935e-05,,,,AT2020wey.json,1308,finite(flux) AND finite(flux_err) AND flux_err > 0,True,Measurement-level observation eligible under DEC-006; no temporal fitting window applied.
AT2020wey,r,59979.45812499989,FLUX,-1.1542059321544263e-05,1.0482849933563226e-05,,,,AT2020wey.json,1309,finite(flux) AND finite(flux_err) AND flux_err > 0,True,Measurement-level observation eligible under DEC-006; no temporal fitting window applied.
AT2020wey,r,59980.30607639998,FLUX,-3.41221300693999e-06,8.365475282812957e-06,,,,AT2020wey.json,1312,finite(flux) AND finite(flux_err) AND flux_err > 0,True,Measurement-level observation eligible under DEC-006; no temporal fitting window applied.
AT2020wey,r,59982.26275460003,FLUX,1.3329262361792505e-06,1.1084932865912802e-05,,,,AT2020wey.json,1314,finite(flux) AND finite(flux_err) AND flux_err > 0,True,Measurement-level observation eligible under DEC-006; no temporal fitting window applied.
AT2020wey,r,59983.17695599981,FLUX,-7.683588832776882e-06,1.4276791799470454e-05,,,,AT2020wey.json,1316,finite(flux) AND finite(flux_err) AND flux_err > 0,True,Measurement-level observation eligible under DEC-006; no temporal fitting window applied.
AT2020wey,r,59984.224062500056,FLUX,-1.0000740188042255e-05,7.416045893027903e-06,,,,AT2020wey.json,1318,finite(flux) AND finite(flux_err) AND flux_err > 0,True,Measurement-level observation eligible under DEC-006; no temporal fitting window applied.
AT2020wey,r,59984.26282409998,FLUX,-3.7106349096015924e-06,8.387834267039684e-06,,,,AT2020wey.json,1320,finite(flux) AND finite(flux_err) AND flux_err > 0,True,Measurement-level observation eligible under DEC-006; no temporal fitting window applied.
AT2020wey,r,59985.17613429995,FLUX,-5.696487051429079e-06,7.22190366640238e-06,,,,AT2020wey.json,1323,finite(flux) AND finite(flux_err) AND flux_err > 0,True,Measurement-level observation eligible under DEC-006; no temporal fitting window applied.
AT2020wey,r,59985.22545140004,FLUX,-7.408445748857338e-07,8.128216234880107e-06,,,,AT2020wey.json,1325,finite(flux) AND finite(flux_err) AND flux_err > 0,True,Measurement-level observation eligible under DEC-006; no temporal fitting window applied.
AT2020wey,r,59985.28104169993,FLUX,-6.630251406840783e-06,6.221562962516982e-06,,,,AT2020wey.json,1326,finite(flux) AND finite(flux_err) AND flux_err > 0,True,Measurement-level observation eligible under DEC-006; no temporal fitting window applied.
AT2020wey,r,59993.15457180003,FLUX,-1.1030347174765439e-05,9.092963423926186e-06,,,,AT2020wey.json,1327,finite(flux) AND finite(flux_err) AND flux_err > 0,True,Measurement-level observation eligible under DEC-006; no temporal fitting window applied.
AT2020wey,r,59994.27693289984,FLUX,2.234160265000924e-06,6.104857426130957e-06,,,,AT2020wey.json,1331,finite(flux) AND finite(flux_err) AND flux_err > 0,True,Measurement-level observation eligible under DEC-006; no temporal fitting window applied.
AT2020wey,r,60020.31263889978,FLUX,-4.262892678487677e-06,3.944512753232202e-06,,,,AT2020wey.json,1335,finite(flux) AND finite(flux_err) AND flux_err > 0,True,Measurement-level observation eligible under DEC-006; no temporal fitting window applied.
AT2020wey,r,60036.260833300184,FLUX,-1.7001689517686586e-06,7.236976760163722e-06,,,,AT2020wey.json,1337,finite(flux) AND finite(flux_err) AND flux_err > 0,True,Measurement-level observation eligible under DEC-006; no temporal fitting window applied.
AT2020wey,r,60043.266365699936,FLUX,-2.7224562611379527e-06,1.0694162743787701e-05,,,,AT2020wey.json,1339,finite(flux) AND finite(flux_err) AND flux_err > 0,True,Measurement-level observation eligible under DEC-006; no temporal fitting window applied.
AT2020wey,r,60045.24965280015,FLUX,-2.291986842870299e-06,3.7484558574847583e-06,,,,AT2020wey.json,1340,finite(flux) AND finite(flux_err) AND flux_err > 0,True,Measurement-level observation eligible under DEC-006; no temporal fitting window applied.
AT2020wey,r,60050.201307899784,FLUX,6.567294369494055e-06,4.326930754501226e-06,,,,AT2020wey.json,1343,finite(flux) AND finite(flux_err) AND flux_err > 0,True,Measurement-level observation eligible under DEC-006; no temporal fitting window applied.
AT2020wey,r,60052.20496529993,FLUX,-1.0474373225798654e-06,3.871155267881892e-06,,,,AT2020wey.json,1344,finite(flux) AND finite(flux_err) AND flux_err > 0,True,Measurement-level observation eligible under DEC-006; no temporal fitting window applied.
AT2020wey,r,60056.17854169989,FLUX,-9.744236350967358e-07,4.877407788237116e-06,,,,AT2020wey.json,1347,finite(flux) AND finite(flux_err) AND flux_err > 0,True,Measurement-level observation eligible under DEC-006; no temporal fitting window applied.
AT2020wey,r,60058.21968750004,FLUX,-3.959972198805571e-06,5.209332663411008e-06,,,,AT2020wey.json,1350,finite(flux) AND finite(flux_err) AND flux_err > 0,True,Measurement-level observation eligible under DEC-006; no temporal fitting window applied.
AT2020wey,r,60060.17546299985,FLUX,-1.6677999289995418e-06,7.374850041144752e-06,,,,AT2020wey.json,1351,finite(flux) AND finite(flux_err) AND flux_err > 0,True,Measurement-level observation eligible under DEC-006; no temporal fitting window applied.
AT2020wey,r,60062.174097199924,FLUX,-2.130291554868204e-06,6.203542566021187e-06,,,,AT2020wey.json,1353,finite(flux) AND finite(flux_err) AND flux_err > 0,True,Measurement-level observation eligible under DEC-006; no temporal fitting window applied.
AT2020wey,r,60065.20039349981,FLUX,6.789265194868015e-06,6.4804283101867464e-06,,,,AT2020wey.json,1357,finite(flux) AND finite(flux_err) AND flux_err > 0,True,Measurement-level observation eligible under DEC-006; no temporal fitting window applied.
AT2020wey,r,60073.30160879996,FLUX,4.23521162364366e-06,8.218483855271855e-06,,,,AT2020wey.json,1358,finite(flux) AND finite(flux_err) AND flux_err > 0,True,Measurement-level observation eligible under DEC-006; no temporal fitting window applied.
AT2020wey,r,60077.17502309987,FLUX,8.724092873572664e-07,4.899820966549673e-06,,,,AT2020wey.json,1359,finite(flux) AND finite(flux_err) AND flux_err > 0,True,Measurement-level observation eligible under DEC-006; no temporal fitting window applied.
AT2020wey,r,60079.30608800007,FLUX,-2.0077051577590785e-05,6.266403426264264e-06,,,,AT2020wey.json,1361,finite(flux) AND finite(flux_err) AND flux_err > 0,True,Measurement-level observation eligible under DEC-006; no temporal fitting window applied.
AT2020wey,r,60081.268692099955,FLUX,-4.392655506849335e-06,5.371711852824199e-06,,,,AT2020wey.json,1363,finite(flux) AND finite(flux_err) AND flux_err > 0,True,Measurement-level observation eligible under DEC-006; no temporal fitting window applied.
AT2020wey,r,60097.245752300136,FLUX,-1.528745897645696e-05,1.0259678257568609e-05,,,,AT2020wey.json,1364,finite(flux) AND finite(flux_err) AND flux_err > 0,True,Measurement-level observation eligible under DEC-006; no temporal fitting window applied.
AT2020wey,r,60124.18239580002,FLUX,-6.450090744594378e-06,1.1601150181065232e-05,,,,AT2020wey.json,1365,finite(flux) AND finite(flux_err) AND flux_err > 0,True,Measurement-level observation eligible under DEC-006; no temporal fitting window applied.
AT2020wey,r,60124.18354169978,FLUX,9.960100793288857e-06,1.1888100190872594e-05,,,,AT2020wey.json,1366,finite(flux) AND finite(flux_err) AND flux_err > 0,True,Measurement-level observation eligible under DEC-006; no temporal fitting window applied.
AT2020wey,r,60124.1846758998,FLUX,6.906165700275659e-06,1.1036366932627358e-05,,,,AT2020wey.json,1367,finite(flux) AND finite(flux_err) AND flux_err > 0,True,Measurement-level observation eligible under DEC-006; no temporal fitting window applied.
AT2020wey,r,60124.18582180003,FLUX,8.1918370093424e-06,1.0550401800997184e-05,,,,AT2020wey.json,1368,finite(flux) AND finite(flux_err) AND flux_err > 0,True,Measurement-level observation eligible under DEC-006; no temporal fitting window applied.
AT2020wey,r,60125.18267360004,FLUX,8.663546873330041e-09,1.1617901844261624e-05,,,,AT2020wey.json,1369,finite(flux) AND finite(flux_err) AND flux_err > 0,True,Measurement-level observation eligible under DEC-006; no temporal fitting window applied.
AT2020wey,r,60125.1845602002,FLUX,-3.0562326941627894e-06,1.1259601783730459e-05,,,,AT2020wey.json,1370,finite(flux) AND finite(flux_err) AND flux_err > 0,True,Measurement-level observation eligible under DEC-006; no temporal fitting window applied.
AT2020wey,r,60125.18550929986,FLUX,-3.907579506979101e-06,1.122493597954956e-05,,,,AT2020wey.json,1371,finite(flux) AND finite(flux_err) AND flux_err > 0,True,Measurement-level observation eligible under DEC-006; no temporal fitting window applied.
AT2020wey,r,60125.1864467999,FLUX,-3.423828955471522e-06,1.1647910250255074e-05,,,,AT2020wey.json,1372,finite(flux) AND finite(flux_err) AND flux_err > 0,True,Measurement-level observation eligible under DEC-006; no temporal fitting window applied.
AT2020wey,r,60220.48954859981,FLUX,1.9690258389366597e-06,9.148247000342217e-06,,,,AT2020wey.json,1374,finite(flux) AND finite(flux_err) AND flux_err > 0,True,Measurement-level observation eligible under DEC-006; no temporal fitting window applied.
AT2020wey,r,60230.50693289982,FLUX,1.0580106109673877e-06,4.4472213078790625e-06,,,,AT2020wey.json,1378,finite(flux) AND finite(flux_err) AND flux_err > 0,True,Measurement-level observation eligible under DEC-006; no temporal fitting window applied.
AT2020wey,r,60232.5080093001,FLUX,1.0196747684860213e-05,4.365043532497055e-06,,,,AT2020wey.json,1380,finite(flux) AND finite(flux_err) AND flux_err > 0,True,Measurement-level observation eligible under DEC-006; no temporal fitting window applied.
AT2020wey,r,60234.42768519977,FLUX,6.093663723056693e-07,4.466811391783083e-06,,,,AT2020wey.json,1381,finite(flux) AND finite(flux_err) AND flux_err > 0,True,Measurement-level observation eligible under DEC-006; no temporal fitting window applied.
AT2020wey,r,60236.49072920019,FLUX,-8.841062740478115e-07,5.760088588091562e-06,,,,AT2020wey.json,1384,finite(flux) AND finite(flux_err) AND flux_err > 0,True,Measurement-level observation eligible under DEC-006; no temporal fitting window applied.
AT2020wey,r,60238.51236109994,FLUX,7.948246708081721e-06,4.388755289762048e-06,,,,AT2020wey.json,1386,finite(flux) AND finite(flux_err) AND flux_err > 0,True,Measurement-level observation eligible under DEC-006; no temporal fitting window applied.
AT2020wey,r,60242.45541669987,FLUX,6.0614952049995915e-06,3.7727132009543367e-06,,,,AT2020wey.json,1387,finite(flux) AND finite(flux_err) AND flux_err > 0,True,Measurement-level observation eligible under DEC-006; no temporal fitting window applied.
AT2020wey,r,60246.51247690013,FLUX,-1.4681753907751392e-07,9.285399777659278e-06,,,,AT2020wey.json,1390,finite(flux) AND finite(flux_err) AND flux_err > 0,True,Measurement-level observation eligible under DEC-006; no temporal fitting window applied.
AT2020wey,r,60250.43053240003,FLUX,9.788709025318289e-06,6.881394669130968e-06,,,,AT2020wey.json,1391,finite(flux) AND finite(flux_err) AND flux_err > 0,True,Measurement-level observation eligible under DEC-006; no temporal fitting window applied.
AT2020wey,r,60252.42973379977,FLUX,1.4978930190930426e-06,5.496220084834715e-06,,,,AT2020wey.json,1393,finite(flux) AND finite(flux_err) AND flux_err > 0,True,Measurement-level observation eligible under DEC-006; no temporal fitting window applied.
AT2020wey,r,60254.51592590008,FLUX,-7.964306149511015e-07,4.5237380050573375e-06,,,,AT2020wey.json,1396,finite(flux) AND finite(flux_err) AND flux_err > 0,True,Measurement-level observation eligible under DEC-006; no temporal fitting window applied.
AT2020wey,r,60258.46811340004,FLUX,1.0598241003286134e-06,4.866419038644759e-06,,,,AT2020wey.json,1398,finite(flux) AND finite(flux_err) AND flux_err > 0,True,Measurement-level observation eligible under DEC-006; no temporal fitting window applied.
AT2020wey,r,60260.38983799983,FLUX,1.1735104141272649e-05,5.043050193848111e-06,,,,AT2020wey.json,1400,finite(flux) AND finite(flux_err) AND flux_err > 0,True,Measurement-level observation eligible under DEC-006; no temporal fitting window applied.
AT2020wey,r,60262.49395829998,FLUX,3.548482328997987e-06,3.805682749127787e-06,,,,AT2020wey.json,1402,finite(flux) AND finite(flux_err) AND flux_err > 0,True,Measurement-level observation eligible under DEC-006; no temporal fitting window applied.
AT2020wey,r,60287.32207180001,FLUX,6.21895934063291e-06,6.595352913129106e-06,,,,AT2020wey.json,1404,finite(flux) AND finite(flux_err) AND flux_err > 0,True,Measurement-level observation eligible under DEC-006; no temporal fitting window applied.
AT2020wey,r,60291.34857639996,FLUX,8.323639468979293e-08,5.163605568993739e-06,,,,AT2020wey.json,1405,finite(flux) AND finite(flux_err) AND flux_err > 0,True,Measurement-level observation eligible under DEC-006; no temporal fitting window applied.
AT2020wey,r,60296.439930600114,FLUX,6.875382153788346e-07,4.694720013116829e-06,,,,AT2020wey.json,1407,finite(flux) AND finite(flux_err) AND flux_err > 0,True,Measurement-level observation eligible under DEC-006; no temporal fitting window applied.
AT2020wey,r,60315.31483800011,FLUX,-5.785623288024569e-06,5.118615105563389e-06,,,,AT2020wey.json,1409,finite(flux) AND finite(flux_err) AND flux_err > 0,True,Measurement-level observation eligible under DEC-006; no temporal fitting window applied.
AT2020wey,r,60315.39935189998,FLUX,7.045757128388018e-06,5.272601913020814e-06,,,,AT2020wey.json,1410,finite(flux) AND finite(flux_err) AND flux_err > 0,True,Measurement-level observation eligible under DEC-006; no temporal fitting window applied.
AT2020wey,r,60322.43202550011,FLUX,-9.437298909324206e-06,4.911946055341989e-06,,,,AT2020wey.json,1412,finite(flux) AND finite(flux_err) AND flux_err > 0,True,Measurement-level observation eligible under DEC-006; no temporal fitting window applied.
AT2020wey,r,60324.283715299796,FLUX,-5.707910351214979e-06,4.124278726203652e-06,,,,AT2020wey.json,1413,finite(flux) AND finite(flux_err) AND flux_err > 0,True,Measurement-level observation eligible under DEC-006; no temporal fitting window applied.
AT2020wey,r,60334.23740739981,FLUX,1.3790504979276233e-05,1.251183065231571e-05,,,,AT2020wey.json,1414,finite(flux) AND finite(flux_err) AND flux_err > 0,True,Measurement-level observation eligible under DEC-006; no temporal fitting window applied.
AT2020wey,r,60339.30376160005,FLUX,-4.872358551765208e-06,5.3643811602189e-06,,,,AT2020wey.json,1415,finite(flux) AND finite(flux_err) AND flux_err > 0,True,Measurement-level observation eligible under DEC-006; no temporal fitting window applied.
AT2020wey,r,60354.34803240001,FLUX,-6.932865485262662e-07,4.031367898427762e-06,,,,AT2020wey.json,1418,finite(flux) AND finite(flux_err) AND flux_err > 0,True,Measurement-level observation eligible under DEC-006; no temporal fitting window applied.
AT2020wey,r,60369.323032400105,FLUX,4.173574485150484e-06,5.793643625339642e-06,,,,AT2020wey.json,1419,finite(flux) AND finite(flux_err) AND flux_err > 0,True,Measurement-level observation eligible under DEC-006; no temporal fitting window applied.
AT2020wey,r,60388.362951400224,FLUX,1.4450227483465898e-05,9.182072663215481e-06,,,,AT2020wey.json,1420,finite(flux) AND finite(flux_err) AND flux_err > 0,True,Measurement-level observation eligible under DEC-006; no temporal fitting window applied.
AT2020wey,r,60398.373136600014,FLUX,-1.506364820564066e-06,9.560868294392616e-06,,,,AT2020wey.json,1422,finite(flux) AND finite(flux_err) AND flux_err > 0,True,Measurement-level observation eligible under DEC-006; no temporal fitting window applied.
AT2020wey,r,60418.28005790012,FLUX,2.979909682315223e-06,9.669058098629335e-06,,,,AT2020wey.json,1424,finite(flux) AND finite(flux_err) AND flux_err > 0,True,Measurement-level observation eligible under DEC-006; no temporal fitting window applied.
AT2020wey,r,60420.243286999874,FLUX,-2.3207268271048988e-06,7.569912039382303e-06,,,,AT2020wey.json,1425,finite(flux) AND finite(flux_err) AND flux_err > 0,True,Measurement-level observation eligible under DEC-006; no temporal fitting window applied.
AT2020wey,r,60422.28406250011,FLUX,-5.011187106774748e-06,7.59144670747967e-06,,,,AT2020wey.json,1428,finite(flux) AND finite(flux_err) AND flux_err > 0,True,Measurement-level observation eligible under DEC-006; no temporal fitting window applied.
AT2020wey,r,60430.241736100055,FLUX,-2.881477716431154e-06,4.97049196208947e-06,,,,AT2020wey.json,1429,finite(flux) AND finite(flux_err) AND flux_err > 0,True,Measurement-level observation eligible under DEC-006; no temporal fitting window applied.
AT2020wey,r,60433.28450229997,FLUX,1.8325502109349245e-06,5.0091912567537804e-06,,,,AT2020wey.json,1431,finite(flux) AND finite(flux_err) AND flux_err > 0,True,Measurement-level observation eligible under DEC-006; no temporal fitting window applied.
AT2020wey,r,60437.227789400145,FLUX,-1.3995132788429951e-06,4.6557775574938255e-06,,,,AT2020wey.json,1433,finite(flux) AND finite(flux_err) AND flux_err > 0,True,Measurement-level observation eligible under DEC-006; no temporal fitting window applied.
AT2020wey,r,60438.225266200025,FLUX,2.433815989299224e-06,5.756862507651475e-06,,,,AT2020wey.json,1435,finite(flux) AND finite(flux_err) AND flux_err > 0,True,Measurement-level observation eligible under DEC-006; no temporal fitting window applied.
AT2020wey,r,60595.51211810019,FLUX,-5.635560459488942e-07,4.249590129424133e-06,,,,AT2020wey.json,1437,finite(flux) AND finite(flux_err) AND flux_err > 0,True,Measurement-level observation eligible under DEC-006; no temporal fitting window applied.
AT2020wey,r,60597.509039400145,FLUX,1.5173872193231903e-06,4.05181486392072e-06,,,,AT2020wey.json,1439,finite(flux) AND finite(flux_err) AND flux_err > 0,True,Measurement-level observation eligible under DEC-006; no temporal fitting window applied.
AT2020wey,r,60599.40413190005,FLUX,5.822581450408554e-06,9.029495182520555e-06,,,,AT2020wey.json,1440,finite(flux) AND finite(flux_err) AND flux_err > 0,True,Measurement-level observation eligible under DEC-006; no temporal fitting window applied.
AT2020wey,r,60602.4925694,FLUX,7.438458380735399e-06,1.340894846931355e-05,,,,AT2020wey.json,1443,finite(flux) AND finite(flux_err) AND flux_err > 0,True,Measurement-level observation eligible under DEC-006; no temporal fitting window applied.
AT2020wey,r,60604.43060189998,FLUX,-1.6581996446484618e-06,6.4478516336979584e-06,,,,AT2020wey.json,1444,finite(flux) AND finite(flux_err) AND flux_err > 0,True,Measurement-level observation eligible under DEC-006; no temporal fitting window applied.
AT2020wey,r,60606.45258100005,FLUX,6.4347868712174386e-06,5.684215569399502e-06,,,,AT2020wey.json,1447,finite(flux) AND finite(flux_err) AND flux_err > 0,True,Measurement-level observation eligible under DEC-006; no temporal fitting window applied.
AT2020wey,r,60608.51336809993,FLUX,-4.2034369314796556e-07,4.863400805497152e-06,,,,AT2020wey.json,1449,finite(flux) AND finite(flux_err) AND flux_err > 0,True,Measurement-level observation eligible under DEC-006; no temporal fitting window applied.
AT2020wey,r,60610.49336809991,FLUX,8.543908053505338e-06,5.50517881149539e-06,,,,AT2020wey.json,1451,finite(flux) AND finite(flux_err) AND flux_err > 0,True,Measurement-level observation eligible under DEC-006; no temporal fitting window applied.
AT2020wey,r,60614.47439809982,FLUX,-6.84676587086686e-07,4.321321001464546e-06,,,,AT2020wey.json,1452,finite(flux) AND finite(flux_err) AND flux_err > 0,True,Measurement-level observation eligible under DEC-006; no temporal fitting window applied.
AT2020wey,r,60618.430138899945,FLUX,5.3967696696561495e-06,8.24395941580531e-06,,,,AT2020wey.json,1454,finite(flux) AND finite(flux_err) AND flux_err > 0,True,Measurement-level observation eligible under DEC-006; no temporal fitting window applied.
AT2020wey,r,60627.51356479991,FLUX,4.081202693292082e-06,4.62571945376205e-06,,,,AT2020wey.json,1455,finite(flux) AND finite(flux_err) AND flux_err > 0,True,Measurement-level observation eligible under DEC-006; no temporal fitting window applied.
AT2020wey,r,60628.48893520003,FLUX,-1.9680748354579405e-06,7.520142210212814e-06,,,,AT2020wey.json,1457,finite(flux) AND finite(flux_err) AND flux_err > 0,True,Measurement-level observation eligible under DEC-006; no temporal fitting window applied.
AT2020wey,r,60635.404039400164,FLUX,5.140167561638226e-06,7.3298004540039606e-06,,,,AT2020wey.json,1458,finite(flux) AND finite(flux_err) AND flux_err > 0,True,Measurement-level observation eligible under DEC-006; no temporal fitting window applied.
AT2020wey,r,60637.40457180003,FLUX,7.933478404200686e-06,5.071304195188058e-06,,,,AT2020wey.json,1459,finite(flux) AND finite(flux_err) AND flux_err > 0,True,Measurement-level observation eligible under DEC-006; no temporal fitting window applied.
AT2020wey,r,60644.473715300206,FLUX,-9.483107679131393e-06,4.917964920428122e-06,,,,AT2020wey.json,1463,finite(flux) AND finite(flux_err) AND flux_err > 0,True,Measurement-level observation eligible under DEC-006; no temporal fitting window applied.
AT2020wey,r,60647.394166700076,FLUX,-6.420289417129025e-07,4.511269891406909e-06,,,,AT2020wey.json,1464,finite(flux) AND finite(flux_err) AND flux_err > 0,True,Measurement-level observation eligible under DEC-006; no temporal fitting window applied.
AT2020wey,r,60649.470613399986,FLUX,5.47043631001729e-06,4.132885668702868e-06,,,,AT2020wey.json,1466,finite(flux) AND finite(flux_err) AND flux_err > 0,True,Measurement-level observation eligible under DEC-006; no temporal fitting window applied.
AT2020wey,r,60651.44949069992,FLUX,-1.3355867708844284e-06,5.66132753493349e-06,,,,AT2020wey.json,1467,finite(flux) AND finite(flux_err) AND flux_err > 0,True,Measurement-level observation eligible under DEC-006; no temporal fitting window applied.
AT2020wey,r,60653.261435199995,FLUX,-3.956510722213804e-06,1.0162509067432633e-05,,,,AT2020wey.json,1469,finite(flux) AND finite(flux_err) AND flux_err > 0,True,Measurement-level observation eligible under DEC-006; no temporal fitting window applied.
AT2020wey,r,60659.51501160022,FLUX,-1.3651550869205012e-05,1.2461377913287162e-05,,,,AT2020wey.json,1471,finite(flux) AND finite(flux_err) AND flux_err > 0,True,Measurement-level observation eligible under DEC-006; no temporal fitting window applied.
AT2020wey,r,60686.365868099965,FLUX,-8.982547969501378e-06,9.13823498549625e-06,,,,AT2020wey.json,1478,finite(flux) AND finite(flux_err) AND flux_err > 0,True,Measurement-level observation eligible under DEC-006; no temporal fitting window applied.
AT2020wey,r,60692.280150500126,FLUX,-5.285219538044183e-06,6.528838920771143e-06,,,,AT2020wey.json,1479,finite(flux) AND finite(flux_err) AND flux_err > 0,True,Measurement-level observation eligible under DEC-006; no temporal fitting window applied.
AT2020wey,r,60696.4343634001,FLUX,3.2773507172188195e-06,8.149669946568322e-06,,,,AT2020wey.json,1481,finite(flux) AND finite(flux_err) AND flux_err > 0,True,Measurement-level observation eligible under DEC-006; no temporal fitting window applied.
AT2020wey,r,60706.277326399926,FLUX,-8.574981927070054e-06,3.9582982703417614e-06,,,,AT2020wey.json,1482,finite(flux) AND finite(flux_err) AND flux_err > 0,True,Measurement-level observation eligible under DEC-006; no temporal fitting window applied.
