event,band,mjd,measurement_mode,flux,flux_err,magnitude,magnitude_error,upper_limit,source_raw_file,source_row_index,eligibility_rule,eligible,notes
AT2020ysg,g,58423.496099499986,FLUX,-8.579779389626245e-06,6.886230136498144e-06,,,,AT2020ysg.json,0,finite(flux) AND finite(flux_err) AND flux_err > 0,True,Measurement-level observation eligible under DEC-006; no temporal fitting window applied.
AT2020ysg,g,58426.49311339995,FLUX,3.098480764632667e-06,3.189688443776132e-06,,,,AT2020ysg.json,1,finite(flux) AND finite(flux_err) AND flux_err > 0,True,Measurement-level observation eligible under DEC-006; no temporal fitting window applied.
AT2020ysg,g,58429.48810190009,FLUX,-4.8363429586974875e-06,2.3511129953038447e-06,,,,AT2020ysg.json,3,finite(flux) AND finite(flux_err) AND flux_err > 0,True,Measurement-level observation eligible under DEC-006; no temporal fitting window applied.
AT2020ysg,g,58432.49105319986,FLUX,6.333600466848174e-06,2.8920761388609174e-06,,,,AT2020ysg.json,4,finite(flux) AND finite(flux_err) AND flux_err > 0,True,Measurement-level observation eligible under DEC-006; no temporal fitting window applied.
AT2020ysg,g,58437.51004630001,FLUX,2.7599067246154633e-06,3.176662736735989e-06,,,,AT2020ysg.json,6,finite(flux) AND finite(flux_err) AND flux_err > 0,True,Measurement-level observation eligible under DEC-006; no temporal fitting window applied.
AT2020ysg,g,58438.485949099995,FLUX,-1.605860462317961e-06,2.228743310093558e-06,,,,AT2020ysg.json,7,finite(flux) AND finite(flux_err) AND flux_err > 0,True,Measurement-level observation eligible under DEC-006; no temporal fitting window applied.
AT2020ysg,g,58438.486863399856,FLUX,-3.351054211424688e-06,2.3567144819439718e-06,,,,AT2020ysg.json,8,finite(flux) AND finite(flux_err) AND flux_err > 0,True,Measurement-level observation eligible under DEC-006; no temporal fitting window applied.
AT2020ysg,g,58441.48671300011,FLUX,1.072080504501976e-06,2.574130013431967e-06,,,,AT2020ysg.json,12,finite(flux) AND finite(flux_err) AND flux_err > 0,True,Measurement-level observation eligible under DEC-006; no temporal fitting window applied.
AT2020ysg,g,58441.48762729997,FLUX,-2.8440322968675274e-06,2.409199599176188e-06,,,,AT2020ysg.json,13,finite(flux) AND finite(flux_err) AND flux_err > 0,True,Measurement-level observation eligible under DEC-006; no temporal fitting window applied.
AT2020ysg,g,58450.50377310021,FLUX,-1.0875865174253715e-05,4.4923892852737614e-06,,,,AT2020ysg.json,21,finite(flux) AND finite(flux_err) AND flux_err > 0,True,Measurement-level observation eligible under DEC-006; no temporal fitting window applied.
AT2020ysg,g,58450.51827549981,FLUX,6.081198054229939e-06,4.628344815832234e-06,,,,AT2020ysg.json,22,finite(flux) AND finite(flux_err) AND flux_err > 0,True,Measurement-level observation eligible under DEC-006; no temporal fitting window applied.
AT2020ysg,g,58464.51673609996,FLUX,1.65811705006252e-06,1.806005530104003e-06,,,,AT2020ysg.json,27,finite(flux) AND finite(flux_err) AND flux_err > 0,True,Measurement-level observation eligible under DEC-006; no temporal fitting window applied.
AT2020ysg,g,58464.51765049994,FLUX,-2.0587965095248534e-06,1.929939255743296e-06,,,,AT2020ysg.json,28,finite(flux) AND finite(flux_err) AND flux_err > 0,True,Measurement-level observation eligible under DEC-006; no temporal fitting window applied.
AT2020ysg,g,58465.547268500086,FLUX,1.2593752309227296e-06,2.2151456961440565e-06,,,,AT2020ysg.json,32,finite(flux) AND finite(flux_err) AND flux_err > 0,True,Measurement-level observation eligible under DEC-006; no temporal fitting window applied.
AT2020ysg,g,58472.52347220015,FLUX,-1.4427075666057123e-06,1.98762060596012e-06,,,,AT2020ysg.json,35,finite(flux) AND finite(flux_err) AND flux_err > 0,True,Measurement-level observation eligible under DEC-006; no temporal fitting window applied.
AT2020ysg,g,58472.524386600126,FLUX,2.436648887650155e-06,2.152440115796012e-06,,,,AT2020ysg.json,36,finite(flux) AND finite(flux_err) AND flux_err > 0,True,Measurement-level observation eligible under DEC-006; no temporal fitting window applied.
AT2020ysg,g,58476.54749999987,FLUX,4.584674623634219e-06,6.151169590815558e-06,,,,AT2020ysg.json,39,finite(flux) AND finite(flux_err) AND flux_err > 0,True,Measurement-level observation eligible under DEC-006; no temporal fitting window applied.
AT2020ysg,g,58480.49729169998,FLUX,-1.921170169453644e-06,4.945850451986298e-06,,,,AT2020ysg.json,40,finite(flux) AND finite(flux_err) AND flux_err > 0,True,Measurement-level observation eligible under DEC-006; no temporal fitting window applied.
AT2020ysg,g,58486.541527799796,FLUX,-1.0327277677718943e-06,2.632063707424991e-06,,,,AT2020ysg.json,42,finite(flux) AND finite(flux_err) AND flux_err > 0,True,Measurement-level observation eligible under DEC-006; no temporal fitting window applied.
AT2020ysg,g,58491.47418980021,FLUX,-1.7476352947788355e-06,2.9047566286793936e-06,,,,AT2020ysg.json,43,finite(flux) AND finite(flux_err) AND flux_err > 0,True,Measurement-level observation eligible under DEC-006; no temporal fitting window applied.
AT2020ysg,g,58494.47670139978,FLUX,-1.081865048075758e-06,1.7852385809986955e-06,,,,AT2020ysg.json,46,finite(flux) AND finite(flux_err) AND flux_err > 0,True,Measurement-level observation eligible under DEC-006; no temporal fitting window applied.
AT2020ysg,g,58502.4605208002,FLUX,7.559380182313544e-07,6.4938298877794855e-06,,,,AT2020ysg.json,47,finite(flux) AND finite(flux_err) AND flux_err > 0,True,Measurement-level observation eligible under DEC-006; no temporal fitting window applied.
AT2020ysg,g,58505.45423609996,FLUX,-2.2163350996243325e-05,9.936993868676087e-06,,,,AT2020ysg.json,49,finite(flux) AND finite(flux_err) AND flux_err > 0,True,Measurement-level observation eligible under DEC-006; no temporal fitting window applied.
AT2020ysg,g,58508.53972220002,FLUX,1.2626638154256115e-05,6.904593902308115e-06,,,,AT2020ysg.json,52,finite(flux) AND finite(flux_err) AND flux_err > 0,True,Measurement-level observation eligible under DEC-006; no temporal fitting window applied.
AT2020ysg,g,58511.44155090023,FLUX,-2.6427683305961647e-06,2.784506046627663e-06,,,,AT2020ysg.json,54,finite(flux) AND finite(flux_err) AND flux_err > 0,True,Measurement-level observation eligible under DEC-006; no temporal fitting window applied.
AT2020ysg,g,58526.44076390006,FLUX,-4.084772710343887e-06,3.113465356413066e-06,,,,AT2020ysg.json,55,finite(flux) AND finite(flux_err) AND flux_err > 0,True,Measurement-level observation eligible under DEC-006; no temporal fitting window applied.
AT2020ysg,g,58546.274409700185,FLUX,1.1346822292253312e-06,2.233084483712495e-06,,,,AT2020ysg.json,56,finite(flux) AND finite(flux_err) AND flux_err > 0,True,Measurement-level observation eligible under DEC-006; no temporal fitting window applied.
AT2020ysg,g,58567.25590279978,FLUX,1.9791957433971847e-06,2.2987940532420247e-06,,,,AT2020ysg.json,60,finite(flux) AND finite(flux_err) AND flux_err > 0,True,Measurement-level observation eligible under DEC-006; no temporal fitting window applied.
AT2020ysg,g,58575.27364580007,FLUX,5.313414992849232e-07,1.744021591647887e-06,,,,AT2020ysg.json,61,finite(flux) AND finite(flux_err) AND flux_err > 0,True,Measurement-level observation eligible under DEC-006; no temporal fitting window applied.
AT2020ysg,g,58580.25400459999,FLUX,-2.3375592011744714e-06,2.119451248102051e-06,,,,AT2020ysg.json,63,finite(flux) AND finite(flux_err) AND flux_err > 0,True,Measurement-level observation eligible under DEC-006; no temporal fitting window applied.
AT2020ysg,g,58586.172569400165,FLUX,-5.799427063931335e-06,3.783015415722518e-06,,,,AT2020ysg.json,66,finite(flux) AND finite(flux_err) AND flux_err > 0,True,Measurement-level observation eligible under DEC-006; no temporal fitting window applied.
AT2020ysg,g,58591.20981479995,FLUX,-8.874739321400055e-06,7.96850815727049e-06,,,,AT2020ysg.json,68,finite(flux) AND finite(flux_err) AND flux_err > 0,True,Measurement-level observation eligible under DEC-006; no temporal fitting window applied.
AT2020ysg,g,58597.25319440011,FLUX,-2.9591494053103602e-06,2.27498294554053e-06,,,,AT2020ysg.json,70,finite(flux) AND finite(flux_err) AND flux_err > 0,True,Measurement-level observation eligible under DEC-006; no temporal fitting window applied.
AT2020ysg,g,58600.190844899975,FLUX,3.569129332923804e-06,2.115591204136856e-06,,,,AT2020ysg.json,72,finite(flux) AND finite(flux_err) AND flux_err > 0,True,Measurement-level observation eligible under DEC-006; no temporal fitting window applied.
AT2020ysg,g,58605.2347916998,FLUX,4.083768221211001e-06,2.453528432169295e-06,,,,AT2020ysg.json,73,finite(flux) AND finite(flux_err) AND flux_err > 0,True,Measurement-level observation eligible under DEC-006; no temporal fitting window applied.
AT2020ysg,g,58608.27746530017,FLUX,2.444278806811194e-06,2.53373876899919e-06,,,,AT2020ysg.json,75,finite(flux) AND finite(flux_err) AND flux_err > 0,True,Measurement-level observation eligible under DEC-006; no temporal fitting window applied.
AT2020ysg,g,58612.17278939998,FLUX,-4.31444999314552e-07,1.788241910998814e-06,,,,AT2020ysg.json,76,finite(flux) AND finite(flux_err) AND flux_err > 0,True,Measurement-level observation eligible under DEC-006; no temporal fitting window applied.
AT2020ysg,g,58628.19449070003,FLUX,1.5686054599036398e-07,2.0488417048118593e-06,,,,AT2020ysg.json,79,finite(flux) AND finite(flux_err) AND flux_err > 0,True,Measurement-level observation eligible under DEC-006; no temporal fitting window applied.
AT2020ysg,g,58628.19540510001,FLUX,2.711800968366188e-06,2.1317552863406617e-06,,,,AT2020ysg.json,80,finite(flux) AND finite(flux_err) AND flux_err > 0,True,Measurement-level observation eligible under DEC-006; no temporal fitting window applied.
AT2020ysg,g,58633.242916699965,FLUX,2.84448158403755e-06,2.501055909211927e-06,,,,AT2020ysg.json,83,finite(flux) AND finite(flux_err) AND flux_err > 0,True,Measurement-level observation eligible under DEC-006; no temporal fitting window applied.
AT2020ysg,g,58633.2438194002,FLUX,3.4280744372460264e-06,2.4751636946096065e-06,,,,AT2020ysg.json,84,finite(flux) AND finite(flux_err) AND flux_err > 0,True,Measurement-level observation eligible under DEC-006; no temporal fitting window applied.
AT2020ysg,g,58634.19528939994,FLUX,-1.6914127780974929e-06,1.9773173452314698e-06,,,,AT2020ysg.json,86,finite(flux) AND finite(flux_err) AND flux_err > 0,True,Measurement-level observation eligible under DEC-006; no temporal fitting window applied.
AT2020ysg,g,58635.19612269988,FLUX,3.2452660627271354e-06,2.1805496525408617e-06,,,,AT2020ysg.json,87,finite(flux) AND finite(flux_err) AND flux_err > 0,True,Measurement-level observation eligible under DEC-006; no temporal fitting window applied.
AT2020ysg,g,58636.24416670017,FLUX,3.218640568883726e-06,2.4268735469401354e-06,,,,AT2020ysg.json,89,finite(flux) AND finite(flux_err) AND flux_err > 0,True,Measurement-level observation eligible under DEC-006; no temporal fitting window applied.
AT2020ysg,g,58636.24508100003,FLUX,-1.142262913597809e-06,2.2129082163115444e-06,,,,AT2020ysg.json,90,finite(flux) AND finite(flux_err) AND flux_err > 0,True,Measurement-level observation eligible under DEC-006; no temporal fitting window applied.
AT2020ysg,g,58637.22363429982,FLUX,-2.225648709394224e-06,2.2767903601667136e-06,,,,AT2020ysg.json,92,finite(flux) AND finite(flux_err) AND flux_err > 0,True,Measurement-level observation eligible under DEC-006; no temporal fitting window applied.
AT2020ysg,g,58639.22593750013,FLUX,-7.97939259315964e-07,2.306173238234983e-06,,,,AT2020ysg.json,94,finite(flux) AND finite(flux_err) AND flux_err > 0,True,Measurement-level observation eligible under DEC-006; no temporal fitting window applied.
AT2020ysg,g,58642.16960649984,FLUX,9.984328081058202e-06,4.7251637987540265e-06,,,,AT2020ysg.json,95,finite(flux) AND finite(flux_err) AND flux_err > 0,True,Measurement-level observation eligible under DEC-006; no temporal fitting window applied.
AT2020ysg,g,58645.19538189983,FLUX,-4.0612213221619986e-07,6.269161497069453e-06,,,,AT2020ysg.json,97,finite(flux) AND finite(flux_err) AND flux_err > 0,True,Measurement-level observation eligible under DEC-006; no temporal fitting window applied.
AT2020ysg,g,58648.186122700106,FLUX,3.531893684195764e-06,6.233325419420862e-06,,,,AT2020ysg.json,98,finite(flux) AND finite(flux_err) AND flux_err > 0,True,Measurement-level observation eligible under DEC-006; no temporal fitting window applied.
AT2020ysg,g,58658.19418979995,FLUX,2.677146528859114e-06,2.8568779914581512e-06,,,,AT2020ysg.json,103,finite(flux) AND finite(flux_err) AND flux_err > 0,True,Measurement-level observation eligible under DEC-006; no temporal fitting window applied.
AT2020ysg,g,58662.200625000056,FLUX,3.171301579609409e-06,3.2755059763557453e-06,,,,AT2020ysg.json,105,finite(flux) AND finite(flux_err) AND flux_err > 0,True,Measurement-level observation eligible under DEC-006; no temporal fitting window applied.
AT2020ysg,g,58667.20740740001,FLUX,4.56481042227647e-06,3.4641201126470973e-06,,,,AT2020ysg.json,106,finite(flux) AND finite(flux_err) AND flux_err > 0,True,Measurement-level observation eligible under DEC-006; no temporal fitting window applied.
AT2020ysg,g,58792.53598379996,FLUX,-2.6023257943736925e-06,2.895291266464929e-06,,,,AT2020ysg.json,119,finite(flux) AND finite(flux_err) AND flux_err > 0,True,Measurement-level observation eligible under DEC-006; no temporal fitting window applied.
AT2020ysg,g,58802.5544906999,FLUX,9.716107447979636e-06,6.403903361182156e-06,,,,AT2020ysg.json,121,finite(flux) AND finite(flux_err) AND flux_err > 0,True,Measurement-level observation eligible under DEC-006; no temporal fitting window applied.
AT2020ysg,g,58805.524189800024,FLUX,4.373322005996957e-06,5.5915969316481885e-06,,,,AT2020ysg.json,122,finite(flux) AND finite(flux_err) AND flux_err > 0,True,Measurement-level observation eligible under DEC-006; no temporal fitting window applied.
AT2020ysg,g,58828.548738399986,FLUX,-3.921089234717831e-06,6.698891674226876e-06,,,,AT2020ysg.json,133,finite(flux) AND finite(flux_err) AND flux_err > 0,True,Measurement-level observation eligible under DEC-006; no temporal fitting window applied.
AT2020ysg,g,58831.547569400165,FLUX,1.5219079144645701e-05,6.563194243127127e-06,,,,AT2020ysg.json,134,finite(flux) AND finite(flux_err) AND flux_err > 0,True,Measurement-level observation eligible under DEC-006; no temporal fitting window applied.
AT2020ysg,g,58837.51540509984,FLUX,-6.4601570962508e-07,3.876971318336774e-06,,,,AT2020ysg.json,137,finite(flux) AND finite(flux_err) AND flux_err > 0,True,Measurement-level observation eligible under DEC-006; no temporal fitting window applied.
AT2020ysg,g,58846.52092589997,FLUX,1.5740993325851664e-06,2.1269905000151153e-06,,,,AT2020ysg.json,139,finite(flux) AND finite(flux_err) AND flux_err > 0,True,Measurement-level observation eligible under DEC-006; no temporal fitting window applied.
AT2020ysg,g,58852.50376159977,FLUX,1.0598684155960983e-07,2.0557442558648717e-06,,,,AT2020ysg.json,143,finite(flux) AND finite(flux_err) AND flux_err > 0,True,Measurement-level observation eligible under DEC-006; no temporal fitting window applied.
AT2020ysg,g,58859.5046759001,FLUX,-6.912942437860136e-08,6.86313008827726e-06,,,,AT2020ysg.json,153,finite(flux) AND finite(flux_err) AND flux_err > 0,True,Measurement-level observation eligible under DEC-006; no temporal fitting window applied.
AT2020ysg,g,58859.52597220009,FLUX,-3.836903016945296e-06,7.69898053836205e-06,,,,AT2020ysg.json,154,finite(flux) AND finite(flux_err) AND flux_err > 0,True,Measurement-level observation eligible under DEC-006; no temporal fitting window applied.
AT2020ysg,g,58859.52687499998,FLUX,1.295840367342114e-06,7.410655881451622e-06,,,,AT2020ysg.json,155,finite(flux) AND finite(flux_err) AND flux_err > 0,True,Measurement-level observation eligible under DEC-006; no temporal fitting window applied.
AT2020ysg,g,58861.479050899856,FLUX,-1.594712498771362e-05,1.001315853305915e-05,,,,AT2020ysg.json,159,finite(flux) AND finite(flux_err) AND flux_err > 0,True,Measurement-level observation eligible under DEC-006; no temporal fitting window applied.
AT2020ysg,g,58864.40336810006,FLUX,7.117166627567821e-06,3.665498797809327e-06,,,,AT2020ysg.json,163,finite(flux) AND finite(flux_err) AND flux_err > 0,True,Measurement-level observation eligible under DEC-006; no temporal fitting window applied.
AT2020ysg,g,58864.435972199775,FLUX,1.3223069476745156e-06,3.167328714597528e-06,,,,AT2020ysg.json,164,finite(flux) AND finite(flux_err) AND flux_err > 0,True,Measurement-level observation eligible under DEC-006; no temporal fitting window applied.
AT2020ysg,g,58866.40060190018,FLUX,5.018708787942558e-06,2.555958363044935e-06,,,,AT2020ysg.json,167,finite(flux) AND finite(flux_err) AND flux_err > 0,True,Measurement-level observation eligible under DEC-006; no temporal fitting window applied.
AT2020ysg,g,58866.41665509995,FLUX,-4.423145343796439e-06,2.7300553387361783e-06,,,,AT2020ysg.json,168,finite(flux) AND finite(flux_err) AND flux_err > 0,True,Measurement-level observation eligible under DEC-006; no temporal fitting window applied.
AT2020ysg,g,58866.54604170006,FLUX,8.106570721864245e-07,2.9390769543167835e-06,,,,AT2020ysg.json,170,finite(flux) AND finite(flux_err) AND flux_err > 0,True,Measurement-level observation eligible under DEC-006; no temporal fitting window applied.
AT2020ysg,g,58867.41387729999,FLUX,1.5349977282746266e-06,2.3865973520003256e-06,,,,AT2020ysg.json,172,finite(flux) AND finite(flux_err) AND flux_err > 0,True,Measurement-level observation eligible under DEC-006; no temporal fitting window applied.
AT2020ysg,g,58867.42329860013,FLUX,-1.3482611978572586e-06,2.368454099412252e-06,,,,AT2020ysg.json,173,finite(flux) AND finite(flux_err) AND flux_err > 0,True,Measurement-level observation eligible under DEC-006; no temporal fitting window applied.
AT2020ysg,g,58871.43538190005,FLUX,-4.742646418406774e-06,2.191260722835754e-06,,,,AT2020ysg.json,175,finite(flux) AND finite(flux_err) AND flux_err > 0,True,Measurement-level observation eligible under DEC-006; no temporal fitting window applied.
AT2020ysg,g,58871.43628469994,FLUX,-7.450168395348124e-07,2.465350753144735e-06,,,,AT2020ysg.json,176,finite(flux) AND finite(flux_err) AND flux_err > 0,True,Measurement-level observation eligible under DEC-006; no temporal fitting window applied.
AT2020ysg,g,58873.39379630005,FLUX,3.0187047590494574e-06,2.2436855801951335e-06,,,,AT2020ysg.json,181,finite(flux) AND finite(flux_err) AND flux_err > 0,True,Measurement-level observation eligible under DEC-006; no temporal fitting window applied.
AT2020ysg,g,58873.40163190011,FLUX,-1.060582812191417e-06,1.9045987336587203e-06,,,,AT2020ysg.json,182,finite(flux) AND finite(flux_err) AND flux_err > 0,True,Measurement-level observation eligible under DEC-006; no temporal fitting window applied.
AT2020ysg,g,58874.39849539986,FLUX,3.182873481854287e-08,1.8169371762755105e-06,,,,AT2020ysg.json,184,finite(flux) AND finite(flux_err) AND flux_err > 0,True,Measurement-level observation eligible under DEC-006; no temporal fitting window applied.
AT2020ysg,g,58876.373425900005,FLUX,6.203815208347978e-07,2.0563445416001925e-06,,,,AT2020ysg.json,188,finite(flux) AND finite(flux_err) AND flux_err > 0,True,Measurement-level observation eligible under DEC-006; no temporal fitting window applied.
AT2020ysg,g,58876.383611099795,FLUX,-8.420015614434078e-07,2.15025237927379e-06,,,,AT2020ysg.json,189,finite(flux) AND finite(flux_err) AND flux_err > 0,True,Measurement-level observation eligible under DEC-006; no temporal fitting window applied.
AT2020ysg,g,58877.359201400075,FLUX,-7.156586684746375e-07,3.170852399869824e-06,,,,AT2020ysg.json,190,finite(flux) AND finite(flux_err) AND flux_err > 0,True,Measurement-level observation eligible under DEC-006; no temporal fitting window applied.
AT2020ysg,g,58877.39432869991,FLUX,3.1102063471005044e-06,2.7021913587646255e-06,,,,AT2020ysg.json,191,finite(flux) AND finite(flux_err) AND flux_err > 0,True,Measurement-level observation eligible under DEC-006; no temporal fitting window applied.
AT2020ysg,g,58878.38288189983,FLUX,-7.199169912372973e-07,2.7235373195735012e-06,,,,AT2020ysg.json,196,finite(flux) AND finite(flux_err) AND flux_err > 0,True,Measurement-level observation eligible under DEC-006; no temporal fitting window applied.
AT2020ysg,g,58878.49063660018,FLUX,2.54255540093809e-06,3.116940110009008e-06,,,,AT2020ysg.json,197,finite(flux) AND finite(flux_err) AND flux_err > 0,True,Measurement-level observation eligible under DEC-006; no temporal fitting window applied.
AT2020ysg,g,58879.497580999974,FLUX,-1.3254225205629595e-06,3.000188840304379e-06,,,,AT2020ysg.json,198,finite(flux) AND finite(flux_err) AND flux_err > 0,True,Measurement-level observation eligible under DEC-006; no temporal fitting window applied.
AT2020ysg,g,58880.440266199876,FLUX,2.258307742941193e-06,2.291644966228558e-06,,,,AT2020ysg.json,201,finite(flux) AND finite(flux_err) AND flux_err > 0,True,Measurement-level observation eligible under DEC-006; no temporal fitting window applied.
AT2020ysg,g,58880.44116900023,FLUX,-7.67704369661234e-07,2.1746049744573495e-06,,,,AT2020ysg.json,202,finite(flux) AND finite(flux_err) AND flux_err > 0,True,Measurement-level observation eligible under DEC-006; no temporal fitting window applied.
AT2020ysg,g,58880.48295139987,FLUX,-2.28464103273404e-06,2.414331456055004e-06,,,,AT2020ysg.json,203,finite(flux) AND finite(flux_err) AND flux_err > 0,True,Measurement-level observation eligible under DEC-006; no temporal fitting window applied.
AT2020ysg,g,58881.47754629981,FLUX,-1.5556700458792353e-06,2.158940002820515e-06,,,,AT2020ysg.json,207,finite(flux) AND finite(flux_err) AND flux_err > 0,True,Measurement-level observation eligible under DEC-006; no temporal fitting window applied.
AT2020ysg,g,58881.48226850014,FLUX,1.4271583765223922e-06,2.172490716368551e-06,,,,AT2020ysg.json,208,finite(flux) AND finite(flux_err) AND flux_err > 0,True,Measurement-level observation eligible under DEC-006; no temporal fitting window applied.
AT2020ysg,g,58883.461620400194,FLUX,-1.1522316851103e-06,3.247412298806942e-06,,,,AT2020ysg.json,210,finite(flux) AND finite(flux_err) AND flux_err > 0,True,Measurement-level observation eligible under DEC-006; no temporal fitting window applied.
AT2020ysg,g,58884.31215280015,FLUX,-3.3099854496699405e-06,5.958389683489131e-06,,,,AT2020ysg.json,213,finite(flux) AND finite(flux_err) AND flux_err > 0,True,Measurement-level observation eligible under DEC-006; no temporal fitting window applied.
AT2020ysg,g,58885.296643500216,FLUX,2.6480858668047223e-06,7.875645451884872e-06,,,,AT2020ysg.json,218,finite(flux) AND finite(flux_err) AND flux_err > 0,True,Measurement-level observation eligible under DEC-006; no temporal fitting window applied.
AT2020ysg,g,58885.423460599966,FLUX,2.0153149196337247e-06,5.191746818676944e-06,,,,AT2020ysg.json,219,finite(flux) AND finite(flux_err) AND flux_err > 0,True,Measurement-level observation eligible under DEC-006; no temporal fitting window applied.
AT2020ysg,g,58886.44081019983,FLUX,-2.299613232251576e-06,5.797595093508764e-06,,,,AT2020ysg.json,222,finite(flux) AND finite(flux_err) AND flux_err > 0,True,Measurement-level observation eligible under DEC-006; no temporal fitting window applied.
AT2020ysg,g,58886.46211809991,FLUX,4.953885053892118e-06,5.3279990915911534e-06,,,,AT2020ysg.json,223,finite(flux) AND finite(flux_err) AND flux_err > 0,True,Measurement-level observation eligible under DEC-006; no temporal fitting window applied.
AT2020ysg,g,58891.42133100005,FLUX,-4.906097782459956e-06,6.4865671920148555e-06,,,,AT2020ysg.json,226,finite(flux) AND finite(flux_err) AND flux_err > 0,True,Measurement-level observation eligible under DEC-006; no temporal fitting window applied.
AT2020ysg,g,58891.42223379994,FLUX,-3.182873481854292e-08,6.332914289562307e-06,,,,AT2020ysg.json,227,finite(flux) AND finite(flux_err) AND flux_err > 0,True,Measurement-level observation eligible under DEC-006; no temporal fitting window applied.
AT2020ysg,g,58891.439375000075,FLUX,-3.5606295414769267e-06,6.21504568035088e-06,,,,AT2020ysg.json,228,finite(flux) AND finite(flux_err) AND flux_err > 0,True,Measurement-level observation eligible under DEC-006; no temporal fitting window applied.
AT2020ysg,g,58892.33967590006,FLUX,-2.43528306673974e-06,5.013530006601244e-06,,,,AT2020ysg.json,233,finite(flux) AND finite(flux_err) AND flux_err > 0,True,Measurement-level observation eligible under DEC-006; no temporal fitting window applied.
AT2020ysg,g,58892.37401620019,FLUX,1.003214886911032e-06,4.151094540114296e-06,,,,AT2020ysg.json,234,finite(flux) AND finite(flux_err) AND flux_err > 0,True,Measurement-level observation eligible under DEC-006; no temporal fitting window applied.
AT2020ysg,g,58893.4415972,FLUX,9.575708552040168e-08,3.429990739709514e-06,,,,AT2020ysg.json,237,finite(flux) AND finite(flux_err) AND flux_err > 0,True,Measurement-level observation eligible under DEC-006; no temporal fitting window applied.
AT2020ysg,g,58893.46270829998,FLUX,4.544501709307373e-06,3.4880387530971134e-06,,,,AT2020ysg.json,238,finite(flux) AND finite(flux_err) AND flux_err > 0,True,Measurement-level observation eligible under DEC-006; no temporal fitting window applied.
AT2020ysg,g,58894.319317100104,FLUX,-2.911885102032995e-07,2.20703872917902e-06,,,,AT2020ysg.json,239,finite(flux) AND finite(flux_err) AND flux_err > 0,True,Measurement-level observation eligible under DEC-006; no temporal fitting window applied.
AT2020ysg,g,58894.333715300076,FLUX,1.0736586015746217e-06,2.2785081588080898e-06,,,,AT2020ysg.json,240,finite(flux) AND finite(flux_err) AND flux_err > 0,True,Measurement-level observation eligible under DEC-006; no temporal fitting window applied.
AT2020ysg,g,58894.35280090012,FLUX,2.1098081460977363e-07,2.591201647973512e-06,,,,AT2020ysg.json,241,finite(flux) AND finite(flux_err) AND flux_err > 0,True,Measurement-level observation eligible under DEC-006; no temporal fitting window applied.
AT2020ysg,g,58895.39618059993,FLUX,1.2724826575851966e-06,2.275096692063937e-06,,,,AT2020ysg.json,245,finite(flux) AND finite(flux_err) AND flux_err > 0,True,Measurement-level observation eligible under DEC-006; no temporal fitting window applied.
AT2020ysg,g,58895.41601849999,FLUX,1.0786763119308135e-06,2.604478890568432e-06,,,,AT2020ysg.json,246,finite(flux) AND finite(flux_err) AND flux_err > 0,True,Measurement-level observation eligible under DEC-006; no temporal fitting window applied.
AT2020ysg,g,58898.381435200106,FLUX,-3.0735951100325146e-06,1.4854166504043804e-06,,,,AT2020ysg.json,254,finite(flux) AND finite(flux_err) AND flux_err > 0,True,Measurement-level observation eligible under DEC-006; no temporal fitting window applied.
AT2020ysg,g,58898.39568290021,FLUX,-2.48203008795941e-06,1.7055697571669058e-06,,,,AT2020ysg.json,255,finite(flux) AND finite(flux_err) AND flux_err > 0,True,Measurement-level observation eligible under DEC-006; no temporal fitting window applied.
AT2020ysg,g,58898.41701389989,FLUX,1.8793573507396406e-06,1.6123488922092865e-06,,,,AT2020ysg.json,256,finite(flux) AND finite(flux_err) AND flux_err > 0,True,Measurement-level observation eligible under DEC-006; no temporal fitting window applied.
AT2020ysg,g,58898.42358799977,FLUX,-7.338581518075282e-08,1.5583212465976505e-06,,,,AT2020ysg.json,257,finite(flux) AND finite(flux_err) AND flux_err > 0,True,Measurement-level observation eligible under DEC-006; no temporal fitting window applied.
AT2020ysg,g,58899.378564800136,FLUX,-2.021397182114291e-06,1.8193703159088404e-06,,,,AT2020ysg.json,261,finite(flux) AND finite(flux_err) AND flux_err > 0,True,Measurement-level observation eligible under DEC-006; no temporal fitting window applied.
AT2020ysg,g,58899.41679400019,FLUX,1.5584468549466363e-06,1.8956987045418824e-06,,,,AT2020ysg.json,262,finite(flux) AND finite(flux_err) AND flux_err > 0,True,Measurement-level observation eligible under DEC-006; no temporal fitting window applied.
AT2020ysg,g,58899.42075229995,FLUX,1.0938907847147292e-06,2.03864657418236e-06,,,,AT2020ysg.json,263,finite(flux) AND finite(flux_err) AND flux_err > 0,True,Measurement-level observation eligible under DEC-006; no temporal fitting window applied.
AT2020ysg,g,58899.42166669993,FLUX,-4.2626684740906807e-07,1.9831062041830796e-06,,,,AT2020ysg.json,264,finite(flux) AND finite(flux_err) AND flux_err > 0,True,Measurement-level observation eligible under DEC-006; no temporal fitting window applied.
AT2020ysg,g,58900.315555599984,FLUX,3.6283740103757445e-06,2.631286337763899e-06,,,,AT2020ysg.json,266,finite(flux) AND finite(flux_err) AND flux_err > 0,True,Measurement-level observation eligible under DEC-006; no temporal fitting window applied.
AT2020ysg,g,58900.3295948999,FLUX,-3.4827553384521033e-07,1.939507471758396e-06,,,,AT2020ysg.json,267,finite(flux) AND finite(flux_err) AND flux_err > 0,True,Measurement-level observation eligible under DEC-006; no temporal fitting window applied.
AT2020ysg,g,58900.35290510021,FLUX,-2.0104501225098492e-07,2.1820406208940018e-06,,,,AT2020ysg.json,268,finite(flux) AND finite(flux_err) AND flux_err > 0,True,Measurement-level observation eligible under DEC-006; no temporal fitting window applied.
AT2020ysg,g,58900.3581019002,FLUX,-1.5138036832708006e-06,2.0709446452951986e-06,,,,AT2020ysg.json,269,finite(flux) AND finite(flux_err) AND flux_err > 0,True,Measurement-level observation eligible under DEC-006; no temporal fitting window applied.
AT2020ysg,g,58903.29243060015,FLUX,1.3767195538533946e-06,1.939078965890198e-06,,,,AT2020ysg.json,279,finite(flux) AND finite(flux_err) AND flux_err > 0,True,Measurement-level observation eligible under DEC-006; no temporal fitting window applied.
AT2020ysg,g,58903.313495399896,FLUX,8.117671204041623e-07,1.9878297288687552e-06,,,,AT2020ysg.json,280,finite(flux) AND finite(flux_err) AND flux_err > 0,True,Measurement-level observation eligible under DEC-006; no temporal fitting window applied.
AT2020ysg,g,58903.319236100186,FLUX,-2.622519918296005e-06,1.8522283640194547e-06,,,,AT2020ysg.json,281,finite(flux) AND finite(flux_err) AND flux_err > 0,True,Measurement-level observation eligible under DEC-006; no temporal fitting window applied.
AT2020ysg,g,58903.31968750013,FLUX,-5.848890281147757e-07,1.7955470478539912e-06,,,,AT2020ysg.json,282,finite(flux) AND finite(flux_err) AND flux_err > 0,True,Measurement-level observation eligible under DEC-006; no temporal fitting window applied.
AT2020ysg,g,58904.27571759978,FLUX,-8.161120284857199e-07,2.302741907911437e-06,,,,AT2020ysg.json,291,finite(flux) AND finite(flux_err) AND flux_err > 0,True,Measurement-level observation eligible under DEC-006; no temporal fitting window applied.
AT2020ysg,g,58904.29711809987,FLUX,8.452338392278527e-07,2.254710102174379e-06,,,,AT2020ysg.json,292,finite(flux) AND finite(flux_err) AND flux_err > 0,True,Measurement-level observation eligible under DEC-006; no temporal fitting window applied.
AT2020ysg,g,58904.31101850001,FLUX,1.466711902881833e-07,2.197031103593246e-06,,,,AT2020ysg.json,293,finite(flux) AND finite(flux_err) AND flux_err > 0,True,Measurement-level observation eligible under DEC-006; no temporal fitting window applied.
AT2020ysg,g,58905.27520829998,FLUX,4.840617081155551e-08,3.077436545578917e-06,,,,AT2020ysg.json,296,finite(flux) AND finite(flux_err) AND flux_err > 0,True,Measurement-level observation eligible under DEC-006; no temporal fitting window applied.
AT2020ysg,g,58905.308310199995,FLUX,-2.2400685534391803e-06,3.297463202230798e-06,,,,AT2020ysg.json,297,finite(flux) AND finite(flux_err) AND flux_err > 0,True,Measurement-level observation eligible under DEC-006; no temporal fitting window applied.
AT2020ysg,g,58905.309224499855,FLUX,3.611372149018616e-06,2.989383023834863e-06,,,,AT2020ysg.json,298,finite(flux) AND finite(flux_err) AND flux_err > 0,True,Measurement-level observation eligible under DEC-006; no temporal fitting window applied.
AT2020ysg,g,58906.29281250015,FLUX,-9.737077009768213e-07,2.568953205901104e-06,,,,AT2020ysg.json,300,finite(flux) AND finite(flux_err) AND flux_err > 0,True,Measurement-level observation eligible under DEC-006; no temporal fitting window applied.
AT2020ysg,g,58906.30928240018,FLUX,-1.6473925751941416e-06,2.589757298170924e-06,,,,AT2020ysg.json,301,finite(flux) AND finite(flux_err) AND flux_err > 0,True,Measurement-level observation eligible under DEC-006; no temporal fitting window applied.
AT2020ysg,g,58906.31576390006,FLUX,8.477691458293025e-07,2.482898599088971e-06,,,,AT2020ysg.json,302,finite(flux) AND finite(flux_err) AND flux_err > 0,True,Measurement-level observation eligible under DEC-006; no temporal fitting window applied.
AT2020ysg,g,58908.33356480021,FLUX,-8.10257549293963e-07,2.1863926869360966e-06,,,,AT2020ysg.json,306,finite(flux) AND finite(flux_err) AND flux_err > 0,True,Measurement-level observation eligible under DEC-006; no temporal fitting window applied.
AT2020ysg,g,58911.35942129977,FLUX,6.090914174865351e-06,3.6680914961510706e-06,,,,AT2020ysg.json,311,finite(flux) AND finite(flux_err) AND flux_err > 0,True,Measurement-level observation eligible under DEC-006; no temporal fitting window applied.
AT2020ysg,g,58911.38137729978,FLUX,-1.1770583842466885e-06,3.008918141317474e-06,,,,AT2020ysg.json,312,finite(flux) AND finite(flux_err) AND flux_err > 0,True,Measurement-level observation eligible under DEC-006; no temporal fitting window applied.
AT2020ysg,g,58911.40168979997,FLUX,1.6914461344673962e-06,2.7558026808168916e-06,,,,AT2020ysg.json,313,finite(flux) AND finite(flux_err) AND flux_err > 0,True,Measurement-level observation eligible under DEC-006; no temporal fitting window applied.
AT2020ysg,g,58912.26879630005,FLUX,2.367020422245109e-06,3.7055530667739314e-06,,,,AT2020ysg.json,314,finite(flux) AND finite(flux_err) AND flux_err > 0,True,Measurement-level observation eligible under DEC-006; no temporal fitting window applied.
AT2020ysg,g,58912.28871530015,FLUX,-4.06745893665259e-08,3.898478324900988e-06,,,,AT2020ysg.json,315,finite(flux) AND finite(flux_err) AND flux_err > 0,True,Measurement-level observation eligible under DEC-006; no temporal fitting window applied.
AT2020ysg,g,58912.28962960001,FLUX,-3.629771808015133e-06,3.345804689485042e-06,,,,AT2020ysg.json,316,finite(flux) AND finite(flux_err) AND flux_err > 0,True,Measurement-level observation eligible under DEC-006; no temporal fitting window applied.
AT2020ysg,g,58913.27971060015,FLUX,-2.3521008130908754e-06,4.211925215096348e-06,,,,AT2020ysg.json,322,finite(flux) AND finite(flux_err) AND flux_err > 0,True,Measurement-level observation eligible under DEC-006; no temporal fitting window applied.
AT2020ysg,g,58913.311770800035,FLUX,-4.8688421968983e-06,3.802828338934665e-06,,,,AT2020ysg.json,323,finite(flux) AND finite(flux_err) AND flux_err > 0,True,Measurement-level observation eligible under DEC-006; no temporal fitting window applied.
AT2020ysg,g,58913.31268520001,FLUX,8.121131241211038e-06,3.934162495075803e-06,,,,AT2020ysg.json,324,finite(flux) AND finite(flux_err) AND flux_err > 0,True,Measurement-level observation eligible under DEC-006; no temporal fitting window applied.
AT2020ysg,g,58915.22857639985,FLUX,-6.121209860530054e-06,7.588140201905041e-06,,,,AT2020ysg.json,329,finite(flux) AND finite(flux_err) AND flux_err > 0,True,Measurement-level observation eligible under DEC-006; no temporal fitting window applied.
AT2020ysg,g,58915.24788190005,FLUX,-2.496443758223855e-06,7.278163567778318e-06,,,,AT2020ysg.json,330,finite(flux) AND finite(flux_err) AND flux_err > 0,True,Measurement-level observation eligible under DEC-006; no temporal fitting window applied.
AT2020ysg,g,58936.270717599895,FLUX,1.1282155011595104e-07,1.871033008926244e-06,,,,AT2020ysg.json,333,finite(flux) AND finite(flux_err) AND flux_err > 0,True,Measurement-level observation eligible under DEC-006; no temporal fitting window applied.
AT2020ysg,g,58936.29068290023,FLUX,3.289955555112621e-07,1.916159070877008e-06,,,,AT2020ysg.json,334,finite(flux) AND finite(flux_err) AND flux_err > 0,True,Measurement-level observation eligible under DEC-006; no temporal fitting window applied.
AT2020ysg,g,58941.24427080015,FLUX,-7.637215172212697e-07,3.7412137224621567e-06,,,,AT2020ysg.json,336,finite(flux) AND finite(flux_err) AND flux_err > 0,True,Measurement-level observation eligible under DEC-006; no temporal fitting window applied.
AT2020ysg,g,58941.26857639989,FLUX,2.8284273388707594e-06,3.7030127940235886e-06,,,,AT2020ysg.json,337,finite(flux) AND finite(flux_err) AND flux_err > 0,True,Measurement-level observation eligible under DEC-006; no temporal fitting window applied.
AT2020ysg,g,58954.27668979997,FLUX,-2.1259245626417263e-06,2.074612786617824e-06,,,,AT2020ysg.json,339,finite(flux) AND finite(flux_err) AND flux_err > 0,True,Measurement-level observation eligible under DEC-006; no temporal fitting window applied.
AT2020ysg,g,58955.3030208,FLUX,-4.060151096718553e-07,2.2900187892868947e-06,,,,AT2020ysg.json,342,finite(flux) AND finite(flux_err) AND flux_err > 0,True,Measurement-level observation eligible under DEC-006; no temporal fitting window applied.
AT2020ysg,g,58962.24600689998,FLUX,-9.186241541519615e-07,2.1288513527747664e-06,,,,AT2020ysg.json,345,finite(flux) AND finite(flux_err) AND flux_err > 0,True,Measurement-level observation eligible under DEC-006; no temporal fitting window applied.
AT2020ysg,g,58963.229560200125,FLUX,1.360488798403247e-06,1.8754331284554593e-06,,,,AT2020ysg.json,347,finite(flux) AND finite(flux_err) AND flux_err > 0,True,Measurement-level observation eligible under DEC-006; no temporal fitting window applied.
AT2020ysg,g,58967.239745399915,FLUX,1.8065292960193455e-06,2.7248678544425442e-06,,,,AT2020ysg.json,349,finite(flux) AND finite(flux_err) AND flux_err > 0,True,Measurement-level observation eligible under DEC-006; no temporal fitting window applied.
AT2020ysg,g,58968.24776619999,FLUX,-1.6013192096336848e-06,2.0978079501882386e-06,,,,AT2020ysg.json,351,finite(flux) AND finite(flux_err) AND flux_err > 0,True,Measurement-level observation eligible under DEC-006; no temporal fitting window applied.
AT2020ysg,g,58968.27567130001,FLUX,-3.162902586158136e-06,2.277222941335774e-06,,,,AT2020ysg.json,352,finite(flux) AND finite(flux_err) AND flux_err > 0,True,Measurement-level observation eligible under DEC-006; no temporal fitting window applied.
AT2020ysg,g,58971.26695600012,FLUX,5.481198985122791e-07,5.258985988552893e-06,,,,AT2020ysg.json,354,finite(flux) AND finite(flux_err) AND flux_err > 0,True,Measurement-level observation eligible under DEC-006; no temporal fitting window applied.
AT2020ysg,g,58973.24442130001,FLUX,7.38831889907721e-07,6.684483986031266e-06,,,,AT2020ysg.json,355,finite(flux) AND finite(flux_err) AND flux_err > 0,True,Measurement-level observation eligible under DEC-006; no temporal fitting window applied.
AT2020ysg,g,58980.192824100144,FLUX,1.2384129476107386e-06,1.6499282540925801e-06,,,,AT2020ysg.json,357,finite(flux) AND finite(flux_err) AND flux_err > 0,True,Measurement-level observation eligible under DEC-006; no temporal fitting window applied.
AT2020ysg,g,58985.18910880014,FLUX,-1.1104755686812276e-06,2.067557214759339e-06,,,,AT2020ysg.json,359,finite(flux) AND finite(flux_err) AND flux_err > 0,True,Measurement-level observation eligible under DEC-006; no temporal fitting window applied.
AT2020ysg,g,58986.20813659998,FLUX,3.831907821247786e-07,2.208187980399296e-06,,,,AT2020ysg.json,361,finite(flux) AND finite(flux_err) AND flux_err > 0,True,Measurement-level observation eligible under DEC-006; no temporal fitting window applied.
AT2020ysg,g,58991.173402800225,FLUX,6.978019201291158e-07,2.0012238870324815e-06,,,,AT2020ysg.json,362,finite(flux) AND finite(flux_err) AND flux_err > 0,True,Measurement-level observation eligible under DEC-006; no temporal fitting window applied.
AT2020ysg,g,58995.187951399945,FLUX,5.848964782684664e-07,2.062162907540265e-06,,,,AT2020ysg.json,365,finite(flux) AND finite(flux_err) AND flux_err > 0,True,Measurement-level observation eligible under DEC-006; no temporal fitting window applied.
AT2020ysg,g,58997.1668866002,FLUX,4.7462382827087787e-07,3.7535451560868336e-06,,,,AT2020ysg.json,366,finite(flux) AND finite(flux_err) AND flux_err > 0,True,Measurement-level observation eligible under DEC-006; no temporal fitting window applied.
AT2020ysg,g,58997.184444400016,FLUX,1.6869738177995148e-07,2.576388729575844e-06,,,,AT2020ysg.json,367,finite(flux) AND finite(flux_err) AND flux_err > 0,True,Measurement-level observation eligible under DEC-006; no temporal fitting window applied.
AT2020ysg,g,59004.18703699997,FLUX,1.0816571833792465e-05,6.679554634680805e-06,,,,AT2020ysg.json,369,finite(flux) AND finite(flux_err) AND flux_err > 0,True,Measurement-level observation eligible under DEC-006; no temporal fitting window applied.
AT2020ysg,g,59009.2347569,FLUX,5.056556601099935e-06,4.331902339334233e-06,,,,AT2020ysg.json,371,finite(flux) AND finite(flux_err) AND flux_err > 0,True,Measurement-level observation eligible under DEC-006; no temporal fitting window applied.
AT2020ysg,g,59014.2040856001,FLUX,-4.1347223326653857e-07,2.5676510086730267e-06,,,,AT2020ysg.json,372,finite(flux) AND finite(flux_err) AND flux_err > 0,True,Measurement-level observation eligible under DEC-006; no temporal fitting window applied.
AT2020ysg,g,59017.21880789986,FLUX,1.6261715989881701e-06,2.592525575019734e-06,,,,AT2020ysg.json,374,finite(flux) AND finite(flux_err) AND flux_err > 0,True,Measurement-level observation eligible under DEC-006; no temporal fitting window applied.
AT2020ysg,g,59020.2006019,FLUX,2.186798793564537e-06,2.400062321474466e-06,,,,AT2020ysg.json,376,finite(flux) AND finite(flux_err) AND flux_err > 0,True,Measurement-level observation eligible under DEC-006; no temporal fitting window applied.
AT2020ysg,g,59023.217222199775,FLUX,1.2539057221579816e-06,2.7048772268445138e-06,,,,AT2020ysg.json,378,finite(flux) AND finite(flux_err) AND flux_err > 0,True,Measurement-level observation eligible under DEC-006; no temporal fitting window applied.
AT2020ysg,g,59033.19934030017,FLUX,2.465411557297319e-05,1.0088575816604432e-05,,,,AT2020ysg.json,380,finite(flux) AND finite(flux_err) AND flux_err > 0,True,Measurement-level observation eligible under DEC-006; no temporal fitting window applied.
AT2020ysg,g,59150.516018500086,FLUX,0.00012667788772823771,3.5755688611405636e-06,,,,AT2020ysg.json,413,finite(flux) AND finite(flux_err) AND flux_err > 0,True,Measurement-level observation eligible under DEC-006; no temporal fitting window applied.
AT2020ysg,g,59152.545879600104,FLUX,0.00013011514352839803,6.845424912507805e-06,,,,AT2020ysg.json,416,finite(flux) AND finite(flux_err) AND flux_err > 0,True,Measurement-level observation eligible under DEC-006; no temporal fitting window applied.
AT2020ysg,g,59165.516932900064,FLUX,0.00011484068233307176,3.5242041625524282e-06,,,,AT2020ysg.json,421,finite(flux) AND finite(flux_err) AND flux_err > 0,True,Measurement-level observation eligible under DEC-006; no temporal fitting window applied.
AT2020ysg,g,59168.50825229986,FLUX,0.000111875465174143,3.490538739513107e-06,,,,AT2020ysg.json,422,finite(flux) AND finite(flux_err) AND flux_err > 0,True,Measurement-level observation eligible under DEC-006; no temporal fitting window applied.
AT2020ysg,g,59170.47513889987,FLUX,0.00010602092022640894,3.7444899477214857e-06,,,,AT2020ysg.json,424,finite(flux) AND finite(flux_err) AND flux_err > 0,True,Measurement-level observation eligible under DEC-006; no temporal fitting window applied.
AT2020ysg,g,59173.48788189981,FLUX,0.00010768581496126195,3.631252365272237e-06,,,,AT2020ysg.json,426,finite(flux) AND finite(flux_err) AND flux_err > 0,True,Measurement-level observation eligible under DEC-006; no temporal fitting window applied.
AT2020ysg,g,59176.50664350018,FLUX,9.61328999491558e-05,2.9806325525166632e-06,,,,AT2020ysg.json,427,finite(flux) AND finite(flux_err) AND flux_err > 0,True,Measurement-level observation eligible under DEC-006; no temporal fitting window applied.
AT2020ysg,g,59179.48614579998,FLUX,8.73605345943995e-05,2.9677482258751565e-06,,,,AT2020ysg.json,429,finite(flux) AND finite(flux_err) AND flux_err > 0,True,Measurement-level observation eligible under DEC-006; no temporal fitting window applied.
AT2020ysg,g,59181.50620369986,FLUX,9.733335281808197e-05,5.932910160181637e-06,,,,AT2020ysg.json,431,finite(flux) AND finite(flux_err) AND flux_err > 0,True,Measurement-level observation eligible under DEC-006; no temporal fitting window applied.
AT2020ysg,g,59185.506782399956,FLUX,8.75199249493945e-05,5.3783596685107844e-06,,,,AT2020ysg.json,434,finite(flux) AND finite(flux_err) AND flux_err > 0,True,Measurement-level observation eligible under DEC-006; no temporal fitting window applied.
AT2020ysg,g,59187.53395830002,FLUX,9.884426548292895e-05,7.071760136716567e-06,,,,AT2020ysg.json,437,finite(flux) AND finite(flux_err) AND flux_err > 0,True,Measurement-level observation eligible under DEC-006; no temporal fitting window applied.
AT2020ysg,g,59188.54056710005,FLUX,9.636756344015405e-05,5.2092490763732296e-06,,,,AT2020ysg.json,438,finite(flux) AND finite(flux_err) AND flux_err > 0,True,Measurement-level observation eligible under DEC-006; no temporal fitting window applied.
AT2020ysg,g,59193.4765625,FLUX,7.9983539010218e-05,3.29636306236166e-06,,,,AT2020ysg.json,440,finite(flux) AND finite(flux_err) AND flux_err > 0,True,Measurement-level observation eligible under DEC-006; no temporal fitting window applied.
AT2020ysg,g,59194.53354169987,FLUX,7.859769572631297e-05,2.892117041902567e-06,,,,AT2020ysg.json,443,finite(flux) AND finite(flux_err) AND flux_err > 0,True,Measurement-level observation eligible under DEC-006; no temporal fitting window applied.
AT2020ysg,g,59198.506238400005,FLUX,8.429543114989253e-05,2.9444541545145575e-06,,,,AT2020ysg.json,445,finite(flux) AND finite(flux_err) AND flux_err > 0,True,Measurement-level observation eligible under DEC-006; no temporal fitting window applied.
AT2020ysg,g,59203.402962999884,FLUX,7.720603139010401e-05,3.701773524276713e-06,,,,AT2020ysg.json,448,finite(flux) AND finite(flux_err) AND flux_err > 0,True,Measurement-level observation eligible under DEC-006; no temporal fitting window applied.
AT2020ysg,g,59215.48648149986,FLUX,8.154919301165715e-05,8.668962178458994e-06,,,,AT2020ysg.json,451,finite(flux) AND finite(flux_err) AND flux_err > 0,True,Measurement-level observation eligible under DEC-006; no temporal fitting window applied.
AT2020ysg,g,59219.441076400224,FLUX,7.137422974449726e-05,4.412368894295673e-06,,,,AT2020ysg.json,454,finite(flux) AND finite(flux_err) AND flux_err > 0,True,Measurement-level observation eligible under DEC-006; no temporal fitting window applied.
AT2020ysg,g,59223.40202549985,FLUX,6.595587834418966e-05,3.184643161926217e-06,,,,AT2020ysg.json,458,finite(flux) AND finite(flux_err) AND flux_err > 0,True,Measurement-level observation eligible under DEC-006; no temporal fitting window applied.
AT2020ysg,g,59225.443669000175,FLUX,7.05163091015954e-05,3.621624996478168e-06,,,,AT2020ysg.json,462,finite(flux) AND finite(flux_err) AND flux_err > 0,True,Measurement-level observation eligible under DEC-006; no temporal fitting window applied.
AT2020ysg,g,59227.442036999855,FLUX,7.558339832285964e-05,2.752088075916077e-06,,,,AT2020ysg.json,463,finite(flux) AND finite(flux_err) AND flux_err > 0,True,Measurement-level observation eligible under DEC-006; no temporal fitting window applied.
AT2020ysg,g,59231.42236110009,FLUX,7.239689437625433e-05,2.585151317345394e-06,,,,AT2020ysg.json,466,finite(flux) AND finite(flux_err) AND flux_err > 0,True,Measurement-level observation eligible under DEC-006; no temporal fitting window applied.
AT2020ysg,g,59248.463715299964,FLUX,6.408708802480188e-05,3.877081987894467e-06,,,,AT2020ysg.json,470,finite(flux) AND finite(flux_err) AND flux_err > 0,True,Measurement-level observation eligible under DEC-006; no temporal fitting window applied.
AT2020ysg,g,59250.368136600126,FLUX,5.3427140530624344e-05,2.8598129768386115e-06,,,,AT2020ysg.json,471,finite(flux) AND finite(flux_err) AND flux_err > 0,True,Measurement-level observation eligible under DEC-006; no temporal fitting window applied.
AT2020ysg,g,59252.49193290016,FLUX,6.168131635415534e-05,2.5553662198073466e-06,,,,AT2020ysg.json,475,finite(flux) AND finite(flux_err) AND flux_err > 0,True,Measurement-level observation eligible under DEC-006; no temporal fitting window applied.
AT2020ysg,g,59256.492303200066,FLUX,6.002982964764559e-05,2.559823389519909e-06,,,,AT2020ysg.json,479,finite(flux) AND finite(flux_err) AND flux_err > 0,True,Measurement-level observation eligible under DEC-006; no temporal fitting window applied.
AT2020ysg,g,59262.411631899886,FLUX,5.587834447435468e-05,2.685826457104607e-06,,,,AT2020ysg.json,481,finite(flux) AND finite(flux_err) AND flux_err > 0,True,Measurement-level observation eligible under DEC-006; no temporal fitting window applied.
AT2020ysg,g,59264.32929399982,FLUX,5.645584417635414e-05,2.680850649126642e-06,,,,AT2020ysg.json,483,finite(flux) AND finite(flux_err) AND flux_err > 0,True,Measurement-level observation eligible under DEC-006; no temporal fitting window applied.
AT2020ysg,g,59266.415590300225,FLUX,5.0388667949886705e-05,3.87162599972265e-06,,,,AT2020ysg.json,486,finite(flux) AND finite(flux_err) AND flux_err > 0,True,Measurement-level observation eligible under DEC-006; no temporal fitting window applied.
AT2020ysg,g,59268.48988430016,FLUX,6.0065749522181315e-05,3.3718641934969406e-06,,,,AT2020ysg.json,488,finite(flux) AND finite(flux_err) AND flux_err > 0,True,Measurement-level observation eligible under DEC-006; no temporal fitting window applied.
AT2020ysg,g,59270.41615739977,FLUX,5.0902556101761314e-05,7.94957945993773e-06,,,,AT2020ysg.json,490,finite(flux) AND finite(flux_err) AND flux_err > 0,True,Measurement-level observation eligible under DEC-006; no temporal fitting window applied.
AT2020ysg,g,59275.20518520009,FLUX,5.9631424686756545e-05,5.084045200526815e-06,,,,AT2020ysg.json,492,finite(flux) AND finite(flux_err) AND flux_err > 0,True,Measurement-level observation eligible under DEC-006; no temporal fitting window applied.
AT2020ysg,g,59275.223437500186,FLUX,5.0160078496540865e-05,6.564357196993703e-06,,,,AT2020ysg.json,493,finite(flux) AND finite(flux_err) AND flux_err > 0,True,Measurement-level observation eligible under DEC-006; no temporal fitting window applied.
AT2020ysg,g,59276.247580999974,FLUX,6.26879464650034e-05,3.477765322580366e-06,,,,AT2020ysg.json,496,finite(flux) AND finite(flux_err) AND flux_err > 0,True,Measurement-level observation eligible under DEC-006; no temporal fitting window applied.
AT2020ysg,g,59276.422106499784,FLUX,5.9724671053437054e-05,4.575035127143068e-06,,,,AT2020ysg.json,499,finite(flux) AND finite(flux_err) AND flux_err > 0,True,Measurement-level observation eligible under DEC-006; no temporal fitting window applied.
AT2020ysg,g,59278.265520799905,FLUX,5.25836402457895e-05,3.5534939442470977e-06,,,,AT2020ysg.json,500,finite(flux) AND finite(flux_err) AND flux_err > 0,True,Measurement-level observation eligible under DEC-006; no temporal fitting window applied.
AT2020ysg,g,59278.31762730004,FLUX,5.958821108493081e-05,2.771289391488324e-06,,,,AT2020ysg.json,502,finite(flux) AND finite(flux_err) AND flux_err > 0,True,Measurement-level observation eligible under DEC-006; no temporal fitting window applied.
AT2020ysg,g,59280.23781249998,FLUX,5.7455279536306874e-05,2.541780354936616e-06,,,,AT2020ysg.json,506,finite(flux) AND finite(flux_err) AND flux_err > 0,True,Measurement-level observation eligible under DEC-006; no temporal fitting window applied.
AT2020ysg,g,59290.29758099979,FLUX,5.283629524655614e-05,2.5657669482772568e-06,,,,AT2020ysg.json,514,finite(flux) AND finite(flux_err) AND flux_err > 0,True,Measurement-level observation eligible under DEC-006; no temporal fitting window applied.
AT2020ysg,g,59290.41476849979,FLUX,5.673395763142715e-05,2.657157328305858e-06,,,,AT2020ysg.json,516,finite(flux) AND finite(flux_err) AND flux_err > 0,True,Measurement-level observation eligible under DEC-006; no temporal fitting window applied.
AT2020ysg,g,59291.28583330009,FLUX,5.273224535641865e-05,2.5663898304639478e-06,,,,AT2020ysg.json,519,finite(flux) AND finite(flux_err) AND flux_err > 0,True,Measurement-level observation eligible under DEC-006; no temporal fitting window applied.
AT2020ysg,g,59291.28678240022,FLUX,5.214904701357165e-05,2.49953331976309e-06,,,,AT2020ysg.json,520,finite(flux) AND finite(flux_err) AND flux_err > 0,True,Measurement-level observation eligible under DEC-006; no temporal fitting window applied.
AT2020ysg,g,59292.31503470009,FLUX,5.177292662718445e-05,2.4274426627544207e-06,,,,AT2020ysg.json,524,finite(flux) AND finite(flux_err) AND flux_err > 0,True,Measurement-level observation eligible under DEC-006; no temporal fitting window applied.
AT2020ysg,g,59293.29717590008,FLUX,5.6196022656921595e-05,2.681917856861263e-06,,,,AT2020ysg.json,529,finite(flux) AND finite(flux_err) AND flux_err > 0,True,Measurement-level observation eligible under DEC-006; no temporal fitting window applied.
AT2020ysg,g,59294.17998840008,FLUX,4.664618510216717e-05,4.365150890459169e-06,,,,AT2020ysg.json,530,finite(flux) AND finite(flux_err) AND flux_err > 0,True,Measurement-level observation eligible under DEC-006; no temporal fitting window applied.
AT2020ysg,g,59294.247523100115,FLUX,4.691368035162753e-05,4.759206186735167e-06,,,,AT2020ysg.json,531,finite(flux) AND finite(flux_err) AND flux_err > 0,True,Measurement-level observation eligible under DEC-006; no temporal fitting window applied.
AT2020ysg,g,59295.27569440007,FLUX,5.0325246073581796e-05,4.537496451818073e-06,,,,AT2020ysg.json,535,finite(flux) AND finite(flux_err) AND flux_err > 0,True,Measurement-level observation eligible under DEC-006; no temporal fitting window applied.
AT2020ysg,g,59296.30791669991,FLUX,5.343353566458373e-05,6.391412653350826e-06,,,,AT2020ysg.json,538,finite(flux) AND finite(flux_err) AND flux_err > 0,True,Measurement-level observation eligible under DEC-006; no temporal fitting window applied.
AT2020ysg,g,59296.316736099776,FLUX,4.434699260214187e-05,6.2064386952617966e-06,,,,AT2020ysg.json,539,finite(flux) AND finite(flux_err) AND flux_err > 0,True,Measurement-level observation eligible under DEC-006; no temporal fitting window applied.
AT2020ysg,g,59296.31773150014,FLUX,5.402124682139869e-05,5.813312279074533e-06,,,,AT2020ysg.json,540,finite(flux) AND finite(flux_err) AND flux_err > 0,True,Measurement-level observation eligible under DEC-006; no temporal fitting window applied.
AT2020ysg,g,59303.284305599984,FLUX,4.220928739384846e-05,6.07677841596599e-06,,,,AT2020ysg.json,547,finite(flux) AND finite(flux_err) AND flux_err > 0,True,Measurement-level observation eligible under DEC-006; no temporal fitting window applied.
AT2020ysg,g,59304.18956020009,FLUX,4.709671223698854e-05,3.0108955926475e-06,,,,AT2020ysg.json,548,finite(flux) AND finite(flux_err) AND flux_err > 0,True,Measurement-level observation eligible under DEC-006; no temporal fitting window applied.
AT2020ysg,g,59304.235902800225,FLUX,4.315931894912078e-05,5.401760884244837e-06,,,,AT2020ysg.json,549,finite(flux) AND finite(flux_err) AND flux_err > 0,True,Measurement-level observation eligible under DEC-006; no temporal fitting window applied.
AT2020ysg,g,59307.30928240018,FLUX,4.772167067069091e-05,2.226337411324342e-06,,,,AT2020ysg.json,556,finite(flux) AND finite(flux_err) AND flux_err > 0,True,Measurement-level observation eligible under DEC-006; no temporal fitting window applied.
AT2020ysg,g,59309.19465279998,FLUX,4.602136697349213e-05,2.3535718585624472e-06,,,,AT2020ysg.json,558,finite(flux) AND finite(flux_err) AND flux_err > 0,True,Measurement-level observation eligible under DEC-006; no temporal fitting window applied.
AT2020ysg,g,59311.21328700008,FLUX,4.254868800122858e-05,3.037281553579831e-06,,,,AT2020ysg.json,562,finite(flux) AND finite(flux_err) AND flux_err > 0,True,Measurement-level observation eligible under DEC-006; no temporal fitting window applied.
AT2020ysg,g,59311.214213000145,FLUX,3.9542611018624845e-05,2.4588567864781565e-06,,,,AT2020ysg.json,563,finite(flux) AND finite(flux_err) AND flux_err > 0,True,Measurement-level observation eligible under DEC-006; no temporal fitting window applied.
AT2020ysg,g,59312.32931709988,FLUX,4.338001335300094e-05,2.913073524389625e-06,,,,AT2020ysg.json,565,finite(flux) AND finite(flux_err) AND flux_err > 0,True,Measurement-level observation eligible under DEC-006; no temporal fitting window applied.
AT2020ysg,g,59313.24887729995,FLUX,4.264937250760157e-05,2.4310272588564952e-06,,,,AT2020ysg.json,568,finite(flux) AND finite(flux_err) AND flux_err > 0,True,Measurement-level observation eligible under DEC-006; no temporal fitting window applied.
AT2020ysg,g,59313.24981479999,FLUX,4.1534313776762906e-05,2.7205705628147563e-06,,,,AT2020ysg.json,569,finite(flux) AND finite(flux_err) AND flux_err > 0,True,Measurement-level observation eligible under DEC-006; no temporal fitting window applied.
AT2020ysg,g,59315.21383100003,FLUX,3.910749650229579e-05,2.120545501583239e-06,,,,AT2020ysg.json,572,finite(flux) AND finite(flux_err) AND flux_err > 0,True,Measurement-level observation eligible under DEC-006; no temporal fitting window applied.
AT2020ysg,g,59315.22832180001,FLUX,4.302436727426155e-05,2.3370561344487965e-06,,,,AT2020ysg.json,573,finite(flux) AND finite(flux_err) AND flux_err > 0,True,Measurement-level observation eligible under DEC-006; no temporal fitting window applied.
AT2020ysg,g,59317.17594909994,FLUX,3.833192909241949e-05,2.182125430373141e-06,,,,AT2020ysg.json,575,finite(flux) AND finite(flux_err) AND flux_err > 0,True,Measurement-level observation eligible under DEC-006; no temporal fitting window applied.
AT2020ysg,g,59317.17687499989,FLUX,3.92471878209454e-05,1.9612797511372266e-06,,,,AT2020ysg.json,576,finite(flux) AND finite(flux_err) AND flux_err > 0,True,Measurement-level observation eligible under DEC-006; no temporal fitting window applied.
AT2020ysg,g,59321.2552546002,FLUX,3.811577583014586e-05,2.2080107803542444e-06,,,,AT2020ysg.json,580,finite(flux) AND finite(flux_err) AND flux_err > 0,True,Measurement-level observation eligible under DEC-006; no temporal fitting window applied.
AT2020ysg,g,59323.25930560008,FLUX,3.577330965851259e-05,3.314652284734158e-06,,,,AT2020ysg.json,583,finite(flux) AND finite(flux_err) AND flux_err > 0,True,Measurement-level observation eligible under DEC-006; no temporal fitting window applied.
AT2020ysg,g,59325.3223611,FLUX,2.9397835924666333e-05,4.783989174781579e-06,,,,AT2020ysg.json,587,finite(flux) AND finite(flux_err) AND flux_err > 0,True,Measurement-level observation eligible under DEC-006; no temporal fitting window applied.
AT2020ysg,g,59329.31803240022,FLUX,2.1417265229258527e-05,9.689402039090892e-06,,,,AT2020ysg.json,590,finite(flux) AND finite(flux_err) AND flux_err > 0,True,Measurement-level observation eligible under DEC-006; no temporal fitting window applied.
AT2020ysg,g,59335.25577550009,FLUX,3.132749168979607e-05,3.0886865506158157e-06,,,,AT2020ysg.json,594,finite(flux) AND finite(flux_err) AND flux_err > 0,True,Measurement-level observation eligible under DEC-006; no temporal fitting window applied.
AT2020ysg,g,59335.256713000126,FLUX,3.8658899732642585e-05,3.223176469614642e-06,,,,AT2020ysg.json,595,finite(flux) AND finite(flux_err) AND flux_err > 0,True,Measurement-level observation eligible under DEC-006; no temporal fitting window applied.
AT2020ysg,g,59336.24881940009,FLUX,3.3614177822594195e-05,2.3174598042464554e-06,,,,AT2020ysg.json,596,finite(flux) AND finite(flux_err) AND flux_err > 0,True,Measurement-level observation eligible under DEC-006; no temporal fitting window applied.
AT2020ysg,g,59338.299050900154,FLUX,2.5781204490271534e-05,2.6941777473803964e-06,,,,AT2020ysg.json,600,finite(flux) AND finite(flux_err) AND flux_err > 0,True,Measurement-level observation eligible under DEC-006; no temporal fitting window applied.
AT2020ysg,g,59338.29997690022,FLUX,3.445731188910359e-05,2.726189916010238e-06,,,,AT2020ysg.json,601,finite(flux) AND finite(flux_err) AND flux_err > 0,True,Measurement-level observation eligible under DEC-006; no temporal fitting window applied.
AT2020ysg,g,59339.214282399975,FLUX,3.372481657806792e-05,2.2528953584082406e-06,,,,AT2020ysg.json,603,finite(flux) AND finite(flux_err) AND flux_err > 0,True,Measurement-level observation eligible under DEC-006; no temporal fitting window applied.
AT2020ysg,g,59340.21495370008,FLUX,3.312484856075974e-05,2.281244840082634e-06,,,,AT2020ysg.json,605,finite(flux) AND finite(flux_err) AND flux_err > 0,True,Measurement-level observation eligible under DEC-006; no temporal fitting window applied.
AT2020ysg,g,59340.21589120012,FLUX,3.000092237163389e-05,2.2744154389241838e-06,,,,AT2020ysg.json,606,finite(flux) AND finite(flux_err) AND flux_err > 0,True,Measurement-level observation eligible under DEC-006; no temporal fitting window applied.
AT2020ysg,g,59342.23692130018,FLUX,3.3003318663397064e-05,2.1858470834487675e-06,,,,AT2020ysg.json,611,finite(flux) AND finite(flux_err) AND flux_err > 0,True,Measurement-level observation eligible under DEC-006; no temporal fitting window applied.
AT2020ysg,g,59343.236516200006,FLUX,3.303274979821593e-05,2.435074054135558e-06,,,,AT2020ysg.json,614,finite(flux) AND finite(flux_err) AND flux_err > 0,True,Measurement-level observation eligible under DEC-006; no temporal fitting window applied.
AT2020ysg,g,59344.28841440007,FLUX,3.383997723090859e-05,2.369636759575783e-06,,,,AT2020ysg.json,617,finite(flux) AND finite(flux_err) AND flux_err > 0,True,Measurement-level observation eligible under DEC-006; no temporal fitting window applied.
AT2020ysg,g,59344.28940969985,FLUX,3.253939150260727e-05,2.2721085983719375e-06,,,,AT2020ysg.json,618,finite(flux) AND finite(flux_err) AND flux_err > 0,True,Measurement-level observation eligible under DEC-006; no temporal fitting window applied.
AT2020ysg,g,59346.33011570014,FLUX,2.571631629269632e-05,3.3815557489898752e-06,,,,AT2020ysg.json,620,finite(flux) AND finite(flux_err) AND flux_err > 0,True,Measurement-level observation eligible under DEC-006; no temporal fitting window applied.
AT2020ysg,g,59346.33105320018,FLUX,2.1597938118950564e-05,3.341056794880616e-06,,,,AT2020ysg.json,621,finite(flux) AND finite(flux_err) AND flux_err > 0,True,Measurement-level observation eligible under DEC-006; no temporal fitting window applied.
AT2020ysg,g,59348.233576400205,FLUX,3.267705072161026e-05,2.1690427362887026e-06,,,,AT2020ysg.json,624,finite(flux) AND finite(flux_err) AND flux_err > 0,True,Measurement-level observation eligible under DEC-006; no temporal fitting window applied.
AT2020ysg,g,59348.2459028,FLUX,3.4142763166740455e-05,2.305666473282466e-06,,,,AT2020ysg.json,625,finite(flux) AND finite(flux_err) AND flux_err > 0,True,Measurement-level observation eligible under DEC-006; no temporal fitting window applied.
AT2020ysg,g,59349.2134953998,FLUX,3.1103115115347854e-05,2.234145248227994e-06,,,,AT2020ysg.json,627,finite(flux) AND finite(flux_err) AND flux_err > 0,True,Measurement-level observation eligible under DEC-006; no temporal fitting window applied.
AT2020ysg,g,59350.19405090017,FLUX,2.9008821328413532e-05,3.2754176954717486e-06,,,,AT2020ysg.json,628,finite(flux) AND finite(flux_err) AND flux_err > 0,True,Measurement-level observation eligible under DEC-006; no temporal fitting window applied.
AT2020ysg,g,59350.205844900105,FLUX,3.107581831565725e-05,2.9183052679225225e-06,,,,AT2020ysg.json,629,finite(flux) AND finite(flux_err) AND flux_err > 0,True,Measurement-level observation eligible under DEC-006; no temporal fitting window applied.
AT2020ysg,g,59352.2066434999,FLUX,2.7377993632053795e-05,4.21907744716393e-06,,,,AT2020ysg.json,632,finite(flux) AND finite(flux_err) AND flux_err > 0,True,Measurement-level observation eligible under DEC-006; no temporal fitting window applied.
AT2020ysg,g,59353.220891200006,FLUX,2.6546274529060207e-05,4.537100252350001e-06,,,,AT2020ysg.json,635,finite(flux) AND finite(flux_err) AND flux_err > 0,True,Measurement-level observation eligible under DEC-006; no temporal fitting window applied.
AT2020ysg,g,59356.19942130009,FLUX,3.645651720034773e-05,6.864042224774163e-06,,,,AT2020ysg.json,636,finite(flux) AND finite(flux_err) AND flux_err > 0,True,Measurement-level observation eligible under DEC-006; no temporal fitting window applied.
AT2020ysg,g,59356.20085649984,FLUX,3.584560147712804e-05,7.3774470545e-06,,,,AT2020ysg.json,637,finite(flux) AND finite(flux_err) AND flux_err > 0,True,Measurement-level observation eligible under DEC-006; no temporal fitting window applied.
AT2020ysg,g,59359.18519680016,FLUX,4.0079385224682964e-05,1.0197662115995423e-05,,,,AT2020ysg.json,641,finite(flux) AND finite(flux_err) AND flux_err > 0,True,Measurement-level observation eligible under DEC-006; no temporal fitting window applied.
AT2020ysg,g,59361.23859950015,FLUX,3.4524500809580895e-05,6.3060765184857906e-06,,,,AT2020ysg.json,644,finite(flux) AND finite(flux_err) AND flux_err > 0,True,Measurement-level observation eligible under DEC-006; no temporal fitting window applied.
AT2020ysg,g,59362.185057899915,FLUX,3.0978448351205494e-05,2.358259951319608e-06,,,,AT2020ysg.json,645,finite(flux) AND finite(flux_err) AND flux_err > 0,True,Measurement-level observation eligible under DEC-006; no temporal fitting window applied.
AT2020ysg,g,59363.23920139996,FLUX,2.8820086478858537e-05,2.6846208870050735e-06,,,,AT2020ysg.json,649,finite(flux) AND finite(flux_err) AND flux_err > 0,True,Measurement-level observation eligible under DEC-006; no temporal fitting window applied.
AT2020ysg,g,59365.19469910022,FLUX,2.9332047824562696e-05,2.4103001486978994e-06,,,,AT2020ysg.json,650,finite(flux) AND finite(flux_err) AND flux_err > 0,True,Measurement-level observation eligible under DEC-006; no temporal fitting window applied.
AT2020ysg,g,59366.24789350014,FLUX,2.5436569152209928e-05,2.835412375493307e-06,,,,AT2020ysg.json,652,finite(flux) AND finite(flux_err) AND flux_err > 0,True,Measurement-level observation eligible under DEC-006; no temporal fitting window applied.
AT2020ysg,g,59367.243263899814,FLUX,3.348622695652768e-05,2.995074012299806e-06,,,,AT2020ysg.json,654,finite(flux) AND finite(flux_err) AND flux_err > 0,True,Measurement-level observation eligible under DEC-006; no temporal fitting window applied.
AT2020ysg,g,59369.21499999985,FLUX,2.8228130248786262e-05,2.599327178992093e-06,,,,AT2020ysg.json,656,finite(flux) AND finite(flux_err) AND flux_err > 0,True,Measurement-level observation eligible under DEC-006; no temporal fitting window applied.
AT2020ysg,g,59373.186759300064,FLUX,2.561805956656995e-05,2.4487216460346626e-06,,,,AT2020ysg.json,659,finite(flux) AND finite(flux_err) AND flux_err > 0,True,Measurement-level observation eligible under DEC-006; no temporal fitting window applied.
AT2020ysg,g,59379.194294000044,FLUX,2.8487002342492147e-05,2.7023674594169685e-06,,,,AT2020ysg.json,665,finite(flux) AND finite(flux_err) AND flux_err > 0,True,Measurement-level observation eligible under DEC-006; no temporal fitting window applied.
AT2020ysg,g,59385.20321760001,FLUX,2.4039064882497946e-05,7.524651906834959e-06,,,,AT2020ysg.json,668,finite(flux) AND finite(flux_err) AND flux_err > 0,True,Measurement-level observation eligible under DEC-006; no temporal fitting window applied.
AT2020ysg,g,59517.48233800009,FLUX,1.8231649759868325e-05,4.608358068833826e-06,,,,AT2020ysg.json,708,finite(flux) AND finite(flux_err) AND flux_err > 0,True,Measurement-level observation eligible under DEC-006; no temporal fitting window applied.
AT2020ysg,g,59524.55119210016,FLUX,1.7813746531287204e-05,5.391745123669903e-06,,,,AT2020ysg.json,712,finite(flux) AND finite(flux_err) AND flux_err > 0,True,Measurement-level observation eligible under DEC-006; no temporal fitting window applied.
AT2020ysg,g,59526.474687499925,FLUX,1.2072361296839994e-05,3.0747879545424877e-06,,,,AT2020ysg.json,713,finite(flux) AND finite(flux_err) AND flux_err > 0,True,Measurement-level observation eligible under DEC-006; no temporal fitting window applied.
AT2020ysg,g,59531.48501159996,FLUX,1.532259628798066e-05,2.547221269464628e-06,,,,AT2020ysg.json,717,finite(flux) AND finite(flux_err) AND flux_err > 0,True,Measurement-level observation eligible under DEC-006; no temporal fitting window applied.
AT2020ysg,g,59536.448877300136,FLUX,3.4130569944128896e-06,9.032754658609198e-06,,,,AT2020ysg.json,719,finite(flux) AND finite(flux_err) AND flux_err > 0,True,Measurement-level observation eligible under DEC-006; no temporal fitting window applied.
AT2020ysg,g,59622.26100690011,FLUX,1.8850263270398343e-06,5.410992847357473e-06,,,,AT2020ysg.json,722,finite(flux) AND finite(flux_err) AND flux_err > 0,True,Measurement-level observation eligible under DEC-006; no temporal fitting window applied.
AT2020ysg,g,59622.349340300076,FLUX,9.718335092182132e-06,4.619297226454271e-06,,,,AT2020ysg.json,723,finite(flux) AND finite(flux_err) AND flux_err > 0,True,Measurement-level observation eligible under DEC-006; no temporal fitting window applied.
AT2020ysg,g,59622.46239579981,FLUX,2.6307915996762554e-06,4.421026189582374e-06,,,,AT2020ysg.json,726,finite(flux) AND finite(flux_err) AND flux_err > 0,True,Measurement-level observation eligible under DEC-006; no temporal fitting window applied.
AT2020ysg,g,59623.23593749991,FLUX,1.0878474050475273e-05,6.115107847865323e-06,,,,AT2020ysg.json,729,finite(flux) AND finite(flux_err) AND flux_err > 0,True,Measurement-level observation eligible under DEC-006; no temporal fitting window applied.
AT2020ysg,g,59623.485671299975,FLUX,1.6156367443588556e-05,4.797455131047056e-06,,,,AT2020ysg.json,732,finite(flux) AND finite(flux_err) AND flux_err > 0,True,Measurement-level observation eligible under DEC-006; no temporal fitting window applied.
AT2020ysg,g,59624.241469900124,FLUX,1.050122799362715e-05,6.9270481712693745e-06,,,,AT2020ysg.json,733,finite(flux) AND finite(flux_err) AND flux_err > 0,True,Measurement-level observation eligible under DEC-006; no temporal fitting window applied.
AT2020ysg,g,59624.30903939996,FLUX,6.334204290367099e-06,5.688403240657061e-06,,,,AT2020ysg.json,734,finite(flux) AND finite(flux_err) AND flux_err > 0,True,Measurement-level observation eligible under DEC-006; no temporal fitting window applied.
AT2020ysg,g,59624.50835649995,FLUX,1.0845100186118743e-05,5.441091868773213e-06,,,,AT2020ysg.json,736,finite(flux) AND finite(flux_err) AND flux_err > 0,True,Measurement-level observation eligible under DEC-006; no temporal fitting window applied.
AT2020ysg,g,59629.43410879979,FLUX,1.4026601956688511e-05,7.562108488913165e-06,,,,AT2020ysg.json,739,finite(flux) AND finite(flux_err) AND flux_err > 0,True,Measurement-level observation eligible under DEC-006; no temporal fitting window applied.
AT2020ysg,g,59636.245729200076,FLUX,1.2461136527379139e-05,2.192447421271737e-06,,,,AT2020ysg.json,744,finite(flux) AND finite(flux_err) AND flux_err > 0,True,Measurement-level observation eligible under DEC-006; no temporal fitting window applied.
AT2020ysg,g,59636.442465300206,FLUX,6.1593569717337784e-06,2.5934772405525503e-06,,,,AT2020ysg.json,749,finite(flux) AND finite(flux_err) AND flux_err > 0,True,Measurement-level observation eligible under DEC-006; no temporal fitting window applied.
AT2020ysg,g,59636.45304400008,FLUX,1.4451268970990015e-05,2.6741609903949637e-06,,,,AT2020ysg.json,750,finite(flux) AND finite(flux_err) AND flux_err > 0,True,Measurement-level observation eligible under DEC-006; no temporal fitting window applied.
AT2020ysg,g,59637.22807870014,FLUX,7.800006780349284e-06,2.9419244234819413e-06,,,,AT2020ysg.json,751,finite(flux) AND finite(flux_err) AND flux_err > 0,True,Measurement-level observation eligible under DEC-006; no temporal fitting window applied.
AT2020ysg,g,59637.37518520001,FLUX,4.868917813319262e-06,3.00716581626205e-06,,,,AT2020ysg.json,753,finite(flux) AND finite(flux_err) AND flux_err > 0,True,Measurement-level observation eligible under DEC-006; no temporal fitting window applied.
AT2020ysg,g,59638.40287039988,FLUX,9.903354137786355e-06,2.8677496652613217e-06,,,,AT2020ysg.json,754,finite(flux) AND finite(flux_err) AND flux_err > 0,True,Measurement-level observation eligible under DEC-006; no temporal fitting window applied.
AT2020ysg,g,59638.44038189994,FLUX,9.875807515333204e-06,2.9666595952141206e-06,,,,AT2020ysg.json,755,finite(flux) AND finite(flux_err) AND flux_err > 0,True,Measurement-level observation eligible under DEC-006; no temporal fitting window applied.
AT2020ysg,g,59639.28071760014,FLUX,1.352766271578746e-05,2.6571857781490838e-06,,,,AT2020ysg.json,758,finite(flux) AND finite(flux_err) AND flux_err > 0,True,Measurement-level observation eligible under DEC-006; no temporal fitting window applied.
AT2020ysg,g,59639.2816666998,FLUX,1.1307531129799073e-05,2.8081416144146356e-06,,,,AT2020ysg.json,759,finite(flux) AND finite(flux_err) AND flux_err > 0,True,Measurement-level observation eligible under DEC-006; no temporal fitting window applied.
AT2020ysg,g,59639.37907409994,FLUX,4.418716079699541e-06,3.069613960479193e-06,,,,AT2020ysg.json,761,finite(flux) AND finite(flux_err) AND flux_err > 0,True,Measurement-level observation eligible under DEC-006; no temporal fitting window applied.
AT2020ysg,g,59640.451180600096,FLUX,1.1051632439583842e-05,2.372992106800379e-06,,,,AT2020ysg.json,765,finite(flux) AND finite(flux_err) AND flux_err > 0,True,Measurement-level observation eligible under DEC-006; no temporal fitting window applied.
AT2020ysg,g,59670.35344910016,FLUX,1.018882931859488e-05,1.924428208075054e-06,,,,AT2020ysg.json,769,finite(flux) AND finite(flux_err) AND flux_err > 0,True,Measurement-level observation eligible under DEC-006; no temporal fitting window applied.
AT2020ysg,g,59671.41456020018,FLUX,1.2602187924188096e-05,2.1251364603865637e-06,,,,AT2020ysg.json,773,finite(flux) AND finite(flux_err) AND flux_err > 0,True,Measurement-level observation eligible under DEC-006; no temporal fitting window applied.
AT2020ysg,g,59674.38130789995,FLUX,8.419763579570342e-06,2.793742800295823e-06,,,,AT2020ysg.json,776,finite(flux) AND finite(flux_err) AND flux_err > 0,True,Measurement-level observation eligible under DEC-006; no temporal fitting window applied.
AT2020ysg,g,59676.332071799785,FLUX,1.1499661577587124e-05,3.6594160742051015e-06,,,,AT2020ysg.json,777,finite(flux) AND finite(flux_err) AND flux_err > 0,True,Measurement-level observation eligible under DEC-006; no temporal fitting window applied.
AT2020ysg,g,59678.32002309989,FLUX,1.637029223993082e-05,2.839954656373004e-06,,,,AT2020ysg.json,781,finite(flux) AND finite(flux_err) AND flux_err > 0,True,Measurement-level observation eligible under DEC-006; no temporal fitting window applied.
AT2020ysg,g,59684.27793980017,FLUX,5.167192143756133e-06,9.302741595939754e-06,,,,AT2020ysg.json,784,finite(flux) AND finite(flux_err) AND flux_err > 0,True,Measurement-level observation eligible under DEC-006; no temporal fitting window applied.
AT2020ysg,g,59689.27642360004,FLUX,1.7911233197137275e-05,4.3461007568015045e-06,,,,AT2020ysg.json,789,finite(flux) AND finite(flux_err) AND flux_err > 0,True,Measurement-level observation eligible under DEC-006; no temporal fitting window applied.
AT2020ysg,g,59693.2468634001,FLUX,1.4842682115249685e-05,2.9626044294954907e-06,,,,AT2020ysg.json,790,finite(flux) AND finite(flux_err) AND flux_err > 0,True,Measurement-level observation eligible under DEC-006; no temporal fitting window applied.
AT2020ysg,g,59697.26718749991,FLUX,8.923872025295957e-06,1.92657131256889e-06,,,,AT2020ysg.json,793,finite(flux) AND finite(flux_err) AND flux_err > 0,True,Measurement-level observation eligible under DEC-006; no temporal fitting window applied.
AT2020ysg,g,59699.23947919998,FLUX,1.0743387064633083e-05,2.693122014452679e-06,,,,AT2020ysg.json,795,finite(flux) AND finite(flux_err) AND flux_err > 0,True,Measurement-level observation eligible under DEC-006; no temporal fitting window applied.
AT2020ysg,g,59701.26116900006,FLUX,9.053838351038252e-06,2.332615651372642e-06,,,,AT2020ysg.json,798,finite(flux) AND finite(flux_err) AND flux_err > 0,True,Measurement-level observation eligible under DEC-006; no temporal fitting window applied.
AT2020ysg,g,59701.28846060019,FLUX,8.915392469813235e-06,2.989174695190824e-06,,,,AT2020ysg.json,799,finite(flux) AND finite(flux_err) AND flux_err > 0,True,Measurement-level observation eligible under DEC-006; no temporal fitting window applied.
AT2020ysg,g,59703.26072920021,FLUX,6.593475168693974e-06,2.9924029026546176e-06,,,,AT2020ysg.json,800,finite(flux) AND finite(flux_err) AND flux_err > 0,True,Measurement-level observation eligible under DEC-006; no temporal fitting window applied.
AT2020ysg,g,59711.22806710005,FLUX,1.4779490191104427e-05,6.9437718586681494e-06,,,,AT2020ysg.json,802,finite(flux) AND finite(flux_err) AND flux_err > 0,True,Measurement-level observation eligible under DEC-006; no temporal fitting window applied.
AT2020ysg,g,59713.1936805998,FLUX,8.288882701346037e-06,6.960447952727826e-06,,,,AT2020ysg.json,804,finite(flux) AND finite(flux_err) AND flux_err > 0,True,Measurement-level observation eligible under DEC-006; no temporal fitting window applied.
AT2020ysg,g,59715.21277779993,FLUX,7.72712824585813e-06,2.1634001304520616e-06,,,,AT2020ysg.json,806,finite(flux) AND finite(flux_err) AND flux_err > 0,True,Measurement-level observation eligible under DEC-006; no temporal fitting window applied.
AT2020ysg,g,59722.279039400164,FLUX,5.795030949299707e-06,3.0811405349956753e-06,,,,AT2020ysg.json,809,finite(flux) AND finite(flux_err) AND flux_err > 0,True,Measurement-level observation eligible under DEC-006; no temporal fitting window applied.
AT2020ysg,g,59724.20745369978,FLUX,1.1636115439813497e-05,2.9154082352757295e-06,,,,AT2020ysg.json,811,finite(flux) AND finite(flux_err) AND flux_err > 0,True,Measurement-level observation eligible under DEC-006; no temporal fitting window applied.
AT2020ysg,g,59726.2375115999,FLUX,8.401945639416688e-06,2.2171399415985493e-06,,,,AT2020ysg.json,814,finite(flux) AND finite(flux_err) AND flux_err > 0,True,Measurement-level observation eligible under DEC-006; no temporal fitting window applied.
AT2020ysg,g,59731.1938426001,FLUX,1.1466182877285692e-05,2.8030774413270785e-06,,,,AT2020ysg.json,815,finite(flux) AND finite(flux_err) AND flux_err > 0,True,Measurement-level observation eligible under DEC-006; no temporal fitting window applied.
AT2020ysg,g,59736.236944399774,FLUX,1.5741532038322467e-05,4.767357948557096e-06,,,,AT2020ysg.json,819,finite(flux) AND finite(flux_err) AND flux_err > 0,True,Measurement-level observation eligible under DEC-006; no temporal fitting window applied.
AT2020ysg,g,59740.2603356,FLUX,1.4292303868470969e-05,7.599418815712794e-06,,,,AT2020ysg.json,823,finite(flux) AND finite(flux_err) AND flux_err > 0,True,Measurement-level observation eligible under DEC-006; no temporal fitting window applied.
AT2020ysg,g,59884.521226900164,FLUX,9.140420785266694e-06,3.293071130895366e-06,,,,AT2020ysg.json,855,finite(flux) AND finite(flux_err) AND flux_err > 0,True,Measurement-level observation eligible under DEC-006; no temporal fitting window applied.
AT2020ysg,g,59898.45480319997,FLUX,4.420800345751377e-06,6.017975505045459e-06,,,,AT2020ysg.json,858,finite(flux) AND finite(flux_err) AND flux_err > 0,True,Measurement-level observation eligible under DEC-006; no temporal fitting window applied.
AT2020ysg,g,59906.42697919998,FLUX,3.8004047715713395e-06,3.587318776823743e-06,,,,AT2020ysg.json,861,finite(flux) AND finite(flux_err) AND flux_err > 0,True,Measurement-level observation eligible under DEC-006; no temporal fitting window applied.
AT2020ysg,g,59909.48428239999,FLUX,1.064893448179053e-05,2.8559541764808895e-06,,,,AT2020ysg.json,864,finite(flux) AND finite(flux_err) AND flux_err > 0,True,Measurement-level observation eligible under DEC-006; no temporal fitting window applied.
AT2020ysg,g,59930.37491900008,FLUX,1.4338497138769096e-05,4.490712234897306e-06,,,,AT2020ysg.json,868,finite(flux) AND finite(flux_err) AND flux_err > 0,True,Measurement-level observation eligible under DEC-006; no temporal fitting window applied.
AT2020ysg,g,59930.48836810002,FLUX,5.407761792523957e-06,3.7350588653086493e-06,,,,AT2020ysg.json,870,finite(flux) AND finite(flux_err) AND flux_err > 0,True,Measurement-level observation eligible under DEC-006; no temporal fitting window applied.
AT2020ysg,g,59930.524745400064,FLUX,9.859060812298873e-06,3.9560805962298894e-06,,,,AT2020ysg.json,871,finite(flux) AND finite(flux_err) AND flux_err > 0,True,Measurement-level observation eligible under DEC-006; no temporal fitting window applied.
AT2020ysg,g,59931.53949069977,FLUX,1.1650085573542764e-05,3.454124306644361e-06,,,,AT2020ysg.json,872,finite(flux) AND finite(flux_err) AND flux_err > 0,True,Measurement-level observation eligible under DEC-006; no temporal fitting window applied.
AT2020ysg,g,59932.458217599895,FLUX,4.642761360262535e-06,3.025036187001503e-06,,,,AT2020ysg.json,874,finite(flux) AND finite(flux_err) AND flux_err > 0,True,Measurement-level observation eligible under DEC-006; no temporal fitting window applied.
AT2020ysg,g,59932.48967589997,FLUX,9.006937803596303e-06,2.70916901497895e-06,,,,AT2020ysg.json,875,finite(flux) AND finite(flux_err) AND flux_err > 0,True,Measurement-level observation eligible under DEC-006; no temporal fitting window applied.
AT2020ysg,g,59934.41171299992,FLUX,1.7753344782254665e-05,3.1982753410070627e-06,,,,AT2020ysg.json,876,finite(flux) AND finite(flux_err) AND flux_err > 0,True,Measurement-level observation eligible under DEC-006; no temporal fitting window applied.
AT2020ysg,g,59934.53168979986,FLUX,8.126141401147749e-06,3.1132095801003227e-06,,,,AT2020ysg.json,878,finite(flux) AND finite(flux_err) AND flux_err > 0,True,Measurement-level observation eligible under DEC-006; no temporal fitting window applied.
AT2020ysg,g,59935.39302079985,FLUX,8.165526443833165e-06,2.991357567984678e-06,,,,AT2020ysg.json,880,finite(flux) AND finite(flux_err) AND flux_err > 0,True,Measurement-level observation eligible under DEC-006; no temporal fitting window applied.
AT2020ysg,g,59935.45877309982,FLUX,1.1119520384729397e-05,2.259802090320277e-06,,,,AT2020ysg.json,881,finite(flux) AND finite(flux_err) AND flux_err > 0,True,Measurement-level observation eligible under DEC-006; no temporal fitting window applied.
AT2020ysg,g,59936.51180560002,FLUX,6.884504059708342e-06,2.328840907780289e-06,,,,AT2020ysg.json,883,finite(flux) AND finite(flux_err) AND flux_err > 0,True,Measurement-level observation eligible under DEC-006; no temporal fitting window applied.
AT2020ysg,g,59937.45685190009,FLUX,7.499735303709094e-06,2.6727730719233433e-06,,,,AT2020ysg.json,884,finite(flux) AND finite(flux_err) AND flux_err > 0,True,Measurement-level observation eligible under DEC-006; no temporal fitting window applied.
AT2020ysg,g,59937.500405100174,FLUX,9.391496106624401e-06,2.727984552335113e-06,,,,AT2020ysg.json,887,finite(flux) AND finite(flux_err) AND flux_err > 0,True,Measurement-level observation eligible under DEC-006; no temporal fitting window applied.
AT2020ysg,g,59951.4847916998,FLUX,-1.77222440847014e-06,1.2566109426329874e-05,,,,AT2020ysg.json,888,finite(flux) AND finite(flux_err) AND flux_err > 0,True,Measurement-level observation eligible under DEC-006; no temporal fitting window applied.
AT2020ysg,g,59965.41327549983,FLUX,9.078089945146915e-06,2.8989798612378767e-06,,,,AT2020ysg.json,890,finite(flux) AND finite(flux_err) AND flux_err > 0,True,Measurement-level observation eligible under DEC-006; no temporal fitting window applied.
AT2020ysg,g,59968.412141200155,FLUX,-3.923375978288577e-07,2.949806125919985e-06,,,,AT2020ysg.json,893,finite(flux) AND finite(flux_err) AND flux_err > 0,True,Measurement-level observation eligible under DEC-006; no temporal fitting window applied.
AT2020ysg,g,59971.37843749998,FLUX,5.593687770991804e-06,2.8396907044781385e-06,,,,AT2020ysg.json,895,finite(flux) AND finite(flux_err) AND flux_err > 0,True,Measurement-level observation eligible under DEC-006; no temporal fitting window applied.
AT2020ysg,g,59972.249270800035,FLUX,1.1918095040118853e-05,5.10744755923899e-06,,,,AT2020ysg.json,897,finite(flux) AND finite(flux_err) AND flux_err > 0,True,Measurement-level observation eligible under DEC-006; no temporal fitting window applied.
AT2020ysg,g,59972.4421064998,FLUX,5.534945520742355e-06,2.9547145481397313e-06,,,,AT2020ysg.json,900,finite(flux) AND finite(flux_err) AND flux_err > 0,True,Measurement-level observation eligible under DEC-006; no temporal fitting window applied.
AT2020ysg,g,59972.525034700055,FLUX,6.2350095104733275e-06,3.020028588369673e-06,,,,AT2020ysg.json,902,finite(flux) AND finite(flux_err) AND flux_err > 0,True,Measurement-level observation eligible under DEC-006; no temporal fitting window applied.
AT2020ysg,g,59977.32017360022,FLUX,5.479289816653201e-06,6.364269792182181e-06,,,,AT2020ysg.json,903,finite(flux) AND finite(flux_err) AND flux_err > 0,True,Measurement-level observation eligible under DEC-006; no temporal fitting window applied.
AT2020ysg,g,59977.53032410005,FLUX,1.3640283352065083e-06,3.6428907446423353e-06,,,,AT2020ysg.json,904,finite(flux) AND finite(flux_err) AND flux_err > 0,True,Measurement-level observation eligible under DEC-006; no temporal fitting window applied.
AT2020ysg,g,59979.255243100226,FLUX,-7.709397978954127e-06,1.1856515320853834e-05,,,,AT2020ysg.json,905,finite(flux) AND finite(flux_err) AND flux_err > 0,True,Measurement-level observation eligible under DEC-006; no temporal fitting window applied.
AT2020ysg,g,59979.316446799785,FLUX,4.423184063810182e-06,8.540119174426998e-06,,,,AT2020ysg.json,906,finite(flux) AND finite(flux_err) AND flux_err > 0,True,Measurement-level observation eligible under DEC-006; no temporal fitting window applied.
AT2020ysg,g,59979.35002310015,FLUX,5.16004805575643e-06,7.627947740035839e-06,,,,AT2020ysg.json,907,finite(flux) AND finite(flux_err) AND flux_err > 0,True,Measurement-level observation eligible under DEC-006; no temporal fitting window applied.
AT2020ysg,g,59984.23451389978,FLUX,3.5868918994176405e-06,9.75965639809089e-06,,,,AT2020ysg.json,910,finite(flux) AND finite(flux_err) AND flux_err > 0,True,Measurement-level observation eligible under DEC-006; no temporal fitting window applied.
AT2020ysg,g,59984.528472200036,FLUX,-6.565233935725418e-07,7.444705288350978e-06,,,,AT2020ysg.json,912,finite(flux) AND finite(flux_err) AND flux_err > 0,True,Measurement-level observation eligible under DEC-006; no temporal fitting window applied.
AT2020ysg,g,59985.27040510019,FLUX,-6.44030978587133e-06,6.297022425186397e-06,,,,AT2020ysg.json,913,finite(flux) AND finite(flux_err) AND flux_err > 0,True,Measurement-level observation eligible under DEC-006; no temporal fitting window applied.
AT2020ysg,g,59985.44133100007,FLUX,3.557546611699663e-06,6.175413649613605e-06,,,,AT2020ysg.json,915,finite(flux) AND finite(flux_err) AND flux_err > 0,True,Measurement-level observation eligible under DEC-006; no temporal fitting window applied.
AT2020ysg,g,59987.33949070005,FLUX,1.227957855235114e-05,5.789635901579859e-06,,,,AT2020ysg.json,916,finite(flux) AND finite(flux_err) AND flux_err > 0,True,Measurement-level observation eligible under DEC-006; no temporal fitting window applied.
AT2020ysg,g,59994.41030090023,FLUX,4.9663206549547094e-06,2.7251605127661054e-06,,,,AT2020ysg.json,923,finite(flux) AND finite(flux_err) AND flux_err > 0,True,Measurement-level observation eligible under DEC-006; no temporal fitting window applied.
AT2020ysg,g,59996.30603010021,FLUX,5.749344480617276e-06,2.6318459500614416e-06,,,,AT2020ysg.json,924,finite(flux) AND finite(flux_err) AND flux_err > 0,True,Measurement-level observation eligible under DEC-006; no temporal fitting window applied.
AT2020ysg,g,59996.426990699954,FLUX,7.383879838002009e-06,2.6221304769701643e-06,,,,AT2020ysg.json,926,finite(flux) AND finite(flux_err) AND flux_err > 0,True,Measurement-level observation eligible under DEC-006; no temporal fitting window applied.
AT2020ysg,g,60020.22135420004,FLUX,7.26190506219084e-06,2.2484415991745195e-06,,,,AT2020ysg.json,930,finite(flux) AND finite(flux_err) AND flux_err > 0,True,Measurement-level observation eligible under DEC-006; no temporal fitting window applied.
AT2020ysg,g,60021.27322919993,FLUX,6.859895399582871e-06,2.6581726419734107e-06,,,,AT2020ysg.json,933,finite(flux) AND finite(flux_err) AND flux_err > 0,True,Measurement-level observation eligible under DEC-006; no temporal fitting window applied.
AT2020ysg,g,60030.44687499991,FLUX,1.888772327871528e-06,3.804361180073794e-06,,,,AT2020ysg.json,936,finite(flux) AND finite(flux_err) AND flux_err > 0,True,Measurement-level observation eligible under DEC-006; no temporal fitting window applied.
AT2020ysg,g,60031.28802079987,FLUX,-1.6313427719231086e-06,3.6584460579615553e-06,,,,AT2020ysg.json,937,finite(flux) AND finite(flux_err) AND flux_err > 0,True,Measurement-level observation eligible under DEC-006; no temporal fitting window applied.
AT2020ysg,g,60032.31540510012,FLUX,-3.0313569955611346e-06,3.920454932369386e-06,,,,AT2020ysg.json,940,finite(flux) AND finite(flux_err) AND flux_err > 0,True,Measurement-level observation eligible under DEC-006; no temporal fitting window applied.
AT2020ysg,g,60036.27357639978,FLUX,-1.6132846490601084e-06,6.5298020774358835e-06,,,,AT2020ysg.json,943,finite(flux) AND finite(flux_err) AND flux_err > 0,True,Measurement-level observation eligible under DEC-006; no temporal fitting window applied.
AT2020ysg,g,60036.32092589978,FLUX,-2.3688082104975124e-06,7.440797029401374e-06,,,,AT2020ysg.json,944,finite(flux) AND finite(flux_err) AND flux_err > 0,True,Measurement-level observation eligible under DEC-006; no temporal fitting window applied.
AT2020ysg,g,60036.33629629994,FLUX,6.429275447638697e-06,7.738081215437388e-06,,,,AT2020ysg.json,945,finite(flux) AND finite(flux_err) AND flux_err > 0,True,Measurement-level observation eligible under DEC-006; no temporal fitting window applied.
AT2020ysg,g,60043.32658560015,FLUX,5.980851454028983e-06,5.541870372992895e-06,,,,AT2020ysg.json,947,finite(flux) AND finite(flux_err) AND flux_err > 0,True,Measurement-level observation eligible under DEC-006; no temporal fitting window applied.
AT2020ysg,g,60045.3195369998,FLUX,6.812646264847361e-06,2.422830478357017e-06,,,,AT2020ysg.json,951,finite(flux) AND finite(flux_err) AND flux_err > 0,True,Measurement-level observation eligible under DEC-006; no temporal fitting window applied.
AT2020ysg,g,60050.182106500026,FLUX,7.93766697937656e-06,2.138751620683398e-06,,,,AT2020ysg.json,952,finite(flux) AND finite(flux_err) AND flux_err > 0,True,Measurement-level observation eligible under DEC-006; no temporal fitting window applied.
AT2020ysg,g,60052.26797450008,FLUX,1.195920839030269e-05,2.608945964091892e-06,,,,AT2020ysg.json,953,finite(flux) AND finite(flux_err) AND flux_err > 0,True,Measurement-level observation eligible under DEC-006; no temporal fitting window applied.
AT2020ysg,g,60054.26151619991,FLUX,7.160918304571917e-06,3.281345881692315e-06,,,,AT2020ysg.json,955,finite(flux) AND finite(flux_err) AND flux_err > 0,True,Measurement-level observation eligible under DEC-006; no temporal fitting window applied.
AT2020ysg,g,60056.19319440005,FLUX,7.310080464282101e-06,2.155252647484315e-06,,,,AT2020ysg.json,957,finite(flux) AND finite(flux_err) AND flux_err > 0,True,Measurement-level observation eligible under DEC-006; no temporal fitting window applied.
AT2020ysg,g,60058.299340299796,FLUX,1.0869773969993029e-05,2.4319562758934894e-06,,,,AT2020ysg.json,959,finite(flux) AND finite(flux_err) AND flux_err > 0,True,Measurement-level observation eligible under DEC-006; no temporal fitting window applied.
AT2020ysg,g,60060.242071799934,FLUX,6.249746085308459e-06,3.128984168385244e-06,,,,AT2020ysg.json,961,finite(flux) AND finite(flux_err) AND flux_err > 0,True,Measurement-level observation eligible under DEC-006; no temporal fitting window applied.
AT2020ysg,g,60062.25745370006,FLUX,7.084967075917806e-06,3.883295133017245e-06,,,,AT2020ysg.json,962,finite(flux) AND finite(flux_err) AND flux_err > 0,True,Measurement-level observation eligible under DEC-006; no temporal fitting window applied.
AT2020ysg,g,60077.29020830011,FLUX,7.01438428070802e-06,2.6954929734238825e-06,,,,AT2020ysg.json,964,finite(flux) AND finite(flux_err) AND flux_err > 0,True,Measurement-level observation eligible under DEC-006; no temporal fitting window applied.
AT2020ysg,g,60081.32862270018,FLUX,9.645229052379411e-06,4.181984214821992e-06,,,,AT2020ysg.json,967,finite(flux) AND finite(flux_err) AND flux_err > 0,True,Measurement-level observation eligible under DEC-006; no temporal fitting window applied.
AT2020ysg,g,60083.19908560021,FLUX,8.630353493122208e-06,2.3744655207546324e-06,,,,AT2020ysg.json,968,finite(flux) AND finite(flux_err) AND flux_err > 0,True,Measurement-level observation eligible under DEC-006; no temporal fitting window applied.
AT2020ysg,g,60085.21826389991,FLUX,7.521850150933835e-06,2.412628079846564e-06,,,,AT2020ysg.json,970,finite(flux) AND finite(flux_err) AND flux_err > 0,True,Measurement-level observation eligible under DEC-006; no temporal fitting window applied.
AT2020ysg,g,60086.21531250002,FLUX,-1.0557029678111703e-05,2.096293866191744e-06,,,,AT2020ysg.json,971,finite(flux) AND finite(flux_err) AND flux_err > 0,True,Measurement-level observation eligible under DEC-006; no temporal fitting window applied.
AT2020ysg,g,60089.263055600226,FLUX,8.694578232423978e-06,3.0972368064086816e-06,,,,AT2020ysg.json,973,finite(flux) AND finite(flux_err) AND flux_err > 0,True,Measurement-level observation eligible under DEC-006; no temporal fitting window applied.
AT2020ysg,g,60105.22087959992,FLUX,9.259697877777156e-06,2.4514812974047767e-06,,,,AT2020ysg.json,976,finite(flux) AND finite(flux_err) AND flux_err > 0,True,Measurement-level observation eligible under DEC-006; no temporal fitting window applied.
AT2020ysg,g,60111.246076399926,FLUX,9.056716461582432e-06,3.7430031494042116e-06,,,,AT2020ysg.json,977,finite(flux) AND finite(flux_err) AND flux_err > 0,True,Measurement-level observation eligible under DEC-006; no temporal fitting window applied.
AT2020ysg,g,60113.2661342998,FLUX,3.7645688341269704e-06,4.0695995592348e-06,,,,AT2020ysg.json,978,finite(flux) AND finite(flux_err) AND flux_err > 0,True,Measurement-level observation eligible under DEC-006; no temporal fitting window applied.
AT2020ysg,g,60115.23988430016,FLUX,9.100443490862325e-06,4.018621913984104e-06,,,,AT2020ysg.json,980,finite(flux) AND finite(flux_err) AND flux_err > 0,True,Measurement-level observation eligible under DEC-006; no temporal fitting window applied.
AT2020ysg,g,60117.266921299975,FLUX,9.698607267753496e-06,6.033923018896691e-06,,,,AT2020ysg.json,981,finite(flux) AND finite(flux_err) AND flux_err > 0,True,Measurement-level observation eligible under DEC-006; no temporal fitting window applied.
AT2020ysg,g,60253.465729199816,FLUX,9.201981902736501e-06,6.001569537568737e-06,,,,AT2020ysg.json,993,finite(flux) AND finite(flux_err) AND flux_err > 0,True,Measurement-level observation eligible under DEC-006; no temporal fitting window applied.
AT2020ysg,g,60260.492986099795,FLUX,1.4410591525080543e-06,3.638773951441831e-06,,,,AT2020ysg.json,994,finite(flux) AND finite(flux_err) AND flux_err > 0,True,Measurement-level observation eligible under DEC-006; no temporal fitting window applied.
AT2020ysg,g,60263.49561339989,FLUX,4.856965939495664e-06,4.2426201657792754e-06,,,,AT2020ysg.json,995,finite(flux) AND finite(flux_err) AND flux_err > 0,True,Measurement-level observation eligible under DEC-006; no temporal fitting window applied.
AT2020ysg,g,60287.46843749983,FLUX,1.8277233186205405e-06,3.7865348754820707e-06,,,,AT2020ysg.json,996,finite(flux) AND finite(flux_err) AND flux_err > 0,True,Measurement-level observation eligible under DEC-006; no temporal fitting window applied.
AT2020ysg,g,60291.46548609994,FLUX,1.3669192731688824e-06,2.229085633863457e-06,,,,AT2020ysg.json,997,finite(flux) AND finite(flux_err) AND flux_err > 0,True,Measurement-level observation eligible under DEC-006; no temporal fitting window applied.
AT2020ysg,g,60323.4542129999,FLUX,7.222240534778389e-06,3.5266603142922957e-06,,,,AT2020ysg.json,999,finite(flux) AND finite(flux_err) AND flux_err > 0,True,Measurement-level observation eligible under DEC-006; no temporal fitting window applied.
AT2020ysg,g,60324.40414350014,FLUX,5.1902005632785065e-06,2.489709534118963e-06,,,,AT2020ysg.json,1000,finite(flux) AND finite(flux_err) AND flux_err > 0,True,Measurement-level observation eligible under DEC-006; no temporal fitting window applied.
AT2020ysg,g,60341.420578700025,FLUX,7.922405772563602e-06,4.406422827717946e-06,,,,AT2020ysg.json,1001,finite(flux) AND finite(flux_err) AND flux_err > 0,True,Measurement-level observation eligible under DEC-006; no temporal fitting window applied.
AT2020ysg,g,60352.48146989988,FLUX,3.125717651610124e-06,2.87427479847524e-06,,,,AT2020ysg.json,1002,finite(flux) AND finite(flux_err) AND flux_err > 0,True,Measurement-level observation eligible under DEC-006; no temporal fitting window applied.
AT2020ysg,g,60354.4795022998,FLUX,3.54666977835511e-06,2.4392218497113216e-06,,,,AT2020ysg.json,1003,finite(flux) AND finite(flux_err) AND flux_err > 0,True,Measurement-level observation eligible under DEC-006; no temporal fitting window applied.
AT2020ysg,g,60368.43025460001,FLUX,5.355784725215096e-06,6.200618371153039e-06,,,,AT2020ysg.json,1004,finite(flux) AND finite(flux_err) AND flux_err > 0,True,Measurement-level observation eligible under DEC-006; no temporal fitting window applied.
AT2020ysg,g,60374.402407399844,FLUX,-6.783044335789419e-07,2.529305418623425e-06,,,,AT2020ysg.json,1005,finite(flux) AND finite(flux_err) AND flux_err > 0,True,Measurement-level observation eligible under DEC-006; no temporal fitting window applied.
AT2020ysg,g,60396.34224539995,FLUX,1.0147651576501678e-05,5.843472527431881e-06,,,,AT2020ysg.json,1006,finite(flux) AND finite(flux_err) AND flux_err > 0,True,Measurement-level observation eligible under DEC-006; no temporal fitting window applied.
AT2020ysg,g,60398.244618100114,FLUX,6.8805783899649764e-06,2.896150678305245e-06,,,,AT2020ysg.json,1007,finite(flux) AND finite(flux_err) AND flux_err > 0,True,Measurement-level observation eligible under DEC-006; no temporal fitting window applied.
AT2020ysg,g,60404.32858800003,FLUX,6.0467716570226525e-06,2.3809239736400964e-06,,,,AT2020ysg.json,1009,finite(flux) AND finite(flux_err) AND flux_err > 0,True,Measurement-level observation eligible under DEC-006; no temporal fitting window applied.
AT2020ysg,g,60408.33111110004,FLUX,7.084367835637288e-06,2.268706542726981e-06,,,,AT2020ysg.json,1010,finite(flux) AND finite(flux_err) AND flux_err > 0,True,Measurement-level observation eligible under DEC-006; no temporal fitting window applied.
AT2020ysg,g,60413.30317129986,FLUX,7.35113589191409e-06,2.4048334574252766e-06,,,,AT2020ysg.json,1011,finite(flux) AND finite(flux_err) AND flux_err > 0,True,Measurement-level observation eligible under DEC-006; no temporal fitting window applied.
AT2020ysg,g,60417.31946759997,FLUX,1.6990411582677625e-06,4.473438251057449e-06,,,,AT2020ysg.json,1012,finite(flux) AND finite(flux_err) AND flux_err > 0,True,Measurement-level observation eligible under DEC-006; no temporal fitting window applied.
AT2020ysg,g,60420.22909720009,FLUX,3.393364348054285e-06,6.2303327276705775e-06,,,,AT2020ysg.json,1013,finite(flux) AND finite(flux_err) AND flux_err > 0,True,Measurement-level observation eligible under DEC-006; no temporal fitting window applied.
AT2020ysg,g,60422.245486100204,FLUX,-5.200882570185419e-06,7.453140866206041e-06,,,,AT2020ysg.json,1014,finite(flux) AND finite(flux_err) AND flux_err > 0,True,Measurement-level observation eligible under DEC-006; no temporal fitting window applied.
AT2020ysg,g,60431.28859949997,FLUX,1.792178865168362e-06,2.0571098382289184e-06,,,,AT2020ysg.json,1015,finite(flux) AND finite(flux_err) AND flux_err > 0,True,Measurement-level observation eligible under DEC-006; no temporal fitting window applied.
AT2020ysg,g,60439.246111100074,FLUX,3.545672850976652e-06,2.969929733406109e-06,,,,AT2020ysg.json,1016,finite(flux) AND finite(flux_err) AND flux_err > 0,True,Measurement-level observation eligible under DEC-006; no temporal fitting window applied.
AT2020ysg,g,60441.21841439977,FLUX,4.622730235499828e-06,2.654074488032247e-06,,,,AT2020ysg.json,1017,finite(flux) AND finite(flux_err) AND flux_err > 0,True,Measurement-level observation eligible under DEC-006; no temporal fitting window applied.
AT2020ysg,g,60445.26626159996,FLUX,5.663225551308551e-06,4.651417693126999e-06,,,,AT2020ysg.json,1018,finite(flux) AND finite(flux_err) AND flux_err > 0,True,Measurement-level observation eligible under DEC-006; no temporal fitting window applied.
AT2020ysg,g,60448.21648149984,FLUX,9.818522446115348e-07,6.087567886520081e-06,,,,AT2020ysg.json,1019,finite(flux) AND finite(flux_err) AND flux_err > 0,True,Measurement-level observation eligible under DEC-006; no temporal fitting window applied.
AT2020ysg,g,60450.28062500013,FLUX,1.1452364662095733e-05,9.789846386158231e-06,,,,AT2020ysg.json,1020,finite(flux) AND finite(flux_err) AND flux_err > 0,True,Measurement-level observation eligible under DEC-006; no temporal fitting window applied.
AT2020ysg,g,60460.22199069988,FLUX,1.8623802738334021e-06,2.697348940302677e-06,,,,AT2020ysg.json,1021,finite(flux) AND finite(flux_err) AND flux_err > 0,True,Measurement-level observation eligible under DEC-006; no temporal fitting window applied.
AT2020ysg,g,60462.22452550009,FLUX,3.664194973775873e-06,2.4136538517966343e-06,,,,AT2020ysg.json,1022,finite(flux) AND finite(flux_err) AND flux_err > 0,True,Measurement-level observation eligible under DEC-006; no temporal fitting window applied.
AT2020ysg,g,60619.514259300195,FLUX,1.0329764117988705e-05,4.112930889390615e-06,,,,AT2020ysg.json,1023,finite(flux) AND finite(flux_err) AND flux_err > 0,True,Measurement-level observation eligible under DEC-006; no temporal fitting window applied.
AT2020ysg,g,60623.49048609985,FLUX,8.96430201037076e-06,4.182654439602547e-06,,,,AT2020ysg.json,1024,finite(flux) AND finite(flux_err) AND flux_err > 0,True,Measurement-level observation eligible under DEC-006; no temporal fitting window applied.
AT2020ysg,g,60628.52923610015,FLUX,5.130931592745975e-06,4.337686909963845e-06,,,,AT2020ysg.json,1025,finite(flux) AND finite(flux_err) AND flux_err > 0,True,Measurement-level observation eligible under DEC-006; no temporal fitting window applied.
AT2020ysg,g,60649.52854169998,FLUX,8.309267249269581e-07,2.8271834708650567e-06,,,,AT2020ysg.json,1026,finite(flux) AND finite(flux_err) AND flux_err > 0,True,Measurement-level observation eligible under DEC-006; no temporal fitting window applied.
AT2020ysg,g,60651.51789350016,FLUX,2.721083025199876e-06,3.080415358131395e-06,,,,AT2020ysg.json,1027,finite(flux) AND finite(flux_err) AND flux_err > 0,True,Measurement-level observation eligible under DEC-006; no temporal fitting window applied.
AT2020ysg,g,60668.4150231001,FLUX,1.0880219719303509e-06,3.4783978326373853e-06,,,,AT2020ysg.json,1028,finite(flux) AND finite(flux_err) AND flux_err > 0,True,Measurement-level observation eligible under DEC-006; no temporal fitting window applied.
AT2020ysg,g,60680.441145800054,FLUX,-7.506758364445944e-07,3.053785432058968e-06,,,,AT2020ysg.json,1029,finite(flux) AND finite(flux_err) AND flux_err > 0,True,Measurement-level observation eligible under DEC-006; no temporal fitting window applied.
AT2020ysg,g,60684.445439800154,FLUX,4.573492218413259e-06,3.5680360201480785e-06,,,,AT2020ysg.json,1030,finite(flux) AND finite(flux_err) AND flux_err > 0,True,Measurement-level observation eligible under DEC-006; no temporal fitting window applied.
