event,band,mjd,measurement_mode,flux,flux_err,magnitude,magnitude_error,upper_limit,source_raw_file,source_row_index,eligibility_rule,eligible,notes
AT2020wey,g,58422.47346059978,FLUX,2.45987567827789e-06,5.8928812512242314e-06,,,,AT2020wey.json,0,finite(flux) AND finite(flux_err) AND flux_err > 0,True,Measurement-level observation eligible under DEC-006; no temporal fitting window applied.
AT2020wey,g,58422.47437500022,FLUX,-1.8968570793613496e-06,5.9424214011440025e-06,,,,AT2020wey.json,1,finite(flux) AND finite(flux_err) AND flux_err > 0,True,Measurement-level observation eligible under DEC-006; no temporal fitting window applied.
AT2020wey,g,58423.47309029987,FLUX,5.52038065776987e-06,5.185036561066556e-06,,,,AT2020wey.json,4,finite(flux) AND finite(flux_err) AND flux_err > 0,True,Measurement-level observation eligible under DEC-006; no temporal fitting window applied.
AT2020wey,g,58425.51209490001,FLUX,3.6490380974702318e-06,3.8531527965756615e-06,,,,AT2020wey.json,9,finite(flux) AND finite(flux_err) AND flux_err > 0,True,Measurement-level observation eligible under DEC-006; no temporal fitting window applied.
AT2020wey,g,58425.51302079996,FLUX,-1.6345946168918782e-06,4.211920102215728e-06,,,,AT2020wey.json,10,finite(flux) AND finite(flux_err) AND flux_err > 0,True,Measurement-level observation eligible under DEC-006; no temporal fitting window applied.
AT2020wey,g,58426.451273099985,FLUX,-7.338208188662989e-06,3.3021530956390005e-06,,,,AT2020wey.json,11,finite(flux) AND finite(flux_err) AND flux_err > 0,True,Measurement-level observation eligible under DEC-006; no temporal fitting window applied.
AT2020wey,g,58427.51491900021,FLUX,6.380480460571073e-06,3.2027011146146455e-06,,,,AT2020wey.json,14,finite(flux) AND finite(flux_err) AND flux_err > 0,True,Measurement-level observation eligible under DEC-006; no temporal fitting window applied.
AT2020wey,g,58428.53129629977,FLUX,4.91079482591237e-06,2.7249875616629746e-06,,,,AT2020wey.json,17,finite(flux) AND finite(flux_err) AND flux_err > 0,True,Measurement-level observation eligible under DEC-006; no temporal fitting window applied.
AT2020wey,g,58428.532222200185,FLUX,3.3174496542421694e-06,2.582649052386622e-06,,,,AT2020wey.json,18,finite(flux) AND finite(flux_err) AND flux_err > 0,True,Measurement-level observation eligible under DEC-006; no temporal fitting window applied.
AT2020wey,g,58429.45197919989,FLUX,3.3946441216136207e-06,2.657521986832817e-06,,,,AT2020wey.json,20,finite(flux) AND finite(flux_err) AND flux_err > 0,True,Measurement-level observation eligible under DEC-006; no temporal fitting window applied.
AT2020wey,g,58430.3880671002,FLUX,6.885895156413004e-07,3.277583358230421e-06,,,,AT2020wey.json,21,finite(flux) AND finite(flux_err) AND flux_err > 0,True,Measurement-level observation eligible under DEC-006; no temporal fitting window applied.
AT2020wey,g,58430.511088000145,FLUX,7.206473381827702e-06,2.431635019599708e-06,,,,AT2020wey.json,23,finite(flux) AND finite(flux_err) AND flux_err > 0,True,Measurement-level observation eligible under DEC-006; no temporal fitting window applied.
AT2020wey,g,58431.49245369993,FLUX,3.1116596021315285e-06,4.407117562834844e-06,,,,AT2020wey.json,24,finite(flux) AND finite(flux_err) AND flux_err > 0,True,Measurement-level observation eligible under DEC-006; no temporal fitting window applied.
AT2020wey,g,58431.494884300046,FLUX,-3.3179672227663134e-06,4.52267422570902e-06,,,,AT2020wey.json,25,finite(flux) AND finite(flux_err) AND flux_err > 0,True,Measurement-level observation eligible under DEC-006; no temporal fitting window applied.
AT2020wey,g,58432.46334489994,FLUX,3.26034929975279e-06,3.1653981130390677e-06,,,,AT2020wey.json,28,finite(flux) AND finite(flux_err) AND flux_err > 0,True,Measurement-level observation eligible under DEC-006; no temporal fitting window applied.
AT2020wey,g,58434.42306709988,FLUX,9.945305464739099e-06,4.805851322288998e-06,,,,AT2020wey.json,30,finite(flux) AND finite(flux_err) AND flux_err > 0,True,Measurement-level observation eligible under DEC-006; no temporal fitting window applied.
AT2020wey,g,58434.424074099865,FLUX,6.310877097700361e-06,4.758478866631459e-06,,,,AT2020wey.json,31,finite(flux) AND finite(flux_err) AND flux_err > 0,True,Measurement-level observation eligible under DEC-006; no temporal fitting window applied.
AT2020wey,g,58437.49832180003,FLUX,-3.427377052939715e-06,3.853626503152192e-06,,,,AT2020wey.json,36,finite(flux) AND finite(flux_err) AND flux_err > 0,True,Measurement-level observation eligible under DEC-006; no temporal fitting window applied.
AT2020wey,g,58437.49923609989,FLUX,2.0013775401565083e-06,3.9228202341276355e-06,,,,AT2020wey.json,37,finite(flux) AND finite(flux_err) AND flux_err > 0,True,Measurement-level observation eligible under DEC-006; no temporal fitting window applied.
AT2020wey,g,58438.473263899796,FLUX,2.142077538479586e-06,2.9071203687589714e-06,,,,AT2020wey.json,38,finite(flux) AND finite(flux_err) AND flux_err > 0,True,Measurement-level observation eligible under DEC-006; no temporal fitting window applied.
AT2020wey,g,58441.473541699816,FLUX,4.2403892234660905e-06,2.7825424888094975e-06,,,,AT2020wey.json,42,finite(flux) AND finite(flux_err) AND flux_err > 0,True,Measurement-level observation eligible under DEC-006; no temporal fitting window applied.
AT2020wey,g,58443.514050900005,FLUX,9.15830622859497e-08,3.925219615842994e-06,,,,AT2020wey.json,46,finite(flux) AND finite(flux_err) AND flux_err > 0,True,Measurement-level observation eligible under DEC-006; no temporal fitting window applied.
AT2020wey,g,58443.51496529998,FLUX,3.3710757145678467e-06,3.98449249772883e-06,,,,AT2020wey.json,47,finite(flux) AND finite(flux_err) AND flux_err > 0,True,Measurement-level observation eligible under DEC-006; no temporal fitting window applied.
AT2020wey,g,58450.4712731,FLUX,1.7922793701489479e-06,5.256880296663115e-06,,,,AT2020wey.json,55,finite(flux) AND finite(flux_err) AND flux_err > 0,True,Measurement-level observation eligible under DEC-006; no temporal fitting window applied.
AT2020wey,g,58450.47505789995,FLUX,6.113400836463821e-06,4.8918322264017606e-06,,,,AT2020wey.json,56,finite(flux) AND finite(flux_err) AND flux_err > 0,True,Measurement-level observation eligible under DEC-006; no temporal fitting window applied.
AT2020wey,g,58457.2862383998,FLUX,-1.363938654160749e-06,4.748996671030498e-06,,,,AT2020wey.json,58,finite(flux) AND finite(flux_err) AND flux_err > 0,True,Measurement-level observation eligible under DEC-006; no temporal fitting window applied.
AT2020wey,g,58464.47348379996,FLUX,2.08370237338133e-06,3.0699359594210894e-06,,,,AT2020wey.json,59,finite(flux) AND finite(flux_err) AND flux_err > 0,True,Measurement-level observation eligible under DEC-006; no temporal fitting window applied.
AT2020wey,g,58465.53510419978,FLUX,-1.179109172787475e-06,3.1216194957739886e-06,,,,AT2020wey.json,62,finite(flux) AND finite(flux_err) AND flux_err > 0,True,Measurement-level observation eligible under DEC-006; no temporal fitting window applied.
AT2020wey,g,58465.536018500105,FLUX,-2.386006092446178e-06,3.292122529712441e-06,,,,AT2020wey.json,63,finite(flux) AND finite(flux_err) AND flux_err > 0,True,Measurement-level observation eligible under DEC-006; no temporal fitting window applied.
AT2020wey,g,58468.45208329987,FLUX,-7.60810371886286e-07,2.6095924062351357e-06,,,,AT2020wey.json,64,finite(flux) AND finite(flux_err) AND flux_err > 0,True,Measurement-level observation eligible under DEC-006; no temporal fitting window applied.
AT2020wey,g,58468.452997699846,FLUX,3.101211777940509e-07,2.5470355456840105e-06,,,,AT2020wey.json,65,finite(flux) AND finite(flux_err) AND flux_err > 0,True,Measurement-level observation eligible under DEC-006; no temporal fitting window applied.
AT2020wey,g,58469.494328700006,FLUX,-4.890942573533522e-06,2.6185930204698753e-06,,,,AT2020wey.json,68,finite(flux) AND finite(flux_err) AND flux_err > 0,True,Measurement-level observation eligible under DEC-006; no temporal fitting window applied.
AT2020wey,g,58472.50773150008,FLUX,-3.1146821424605024e-06,4.8930349995814915e-06,,,,AT2020wey.json,71,finite(flux) AND finite(flux_err) AND flux_err > 0,True,Measurement-level observation eligible under DEC-006; no temporal fitting window applied.
AT2020wey,g,58472.50958329998,FLUX,8.27395349558777e-06,4.917598396741309e-06,,,,AT2020wey.json,72,finite(flux) AND finite(flux_err) AND flux_err > 0,True,Measurement-level observation eligible under DEC-006; no temporal fitting window applied.
AT2020wey,g,58475.531979199965,FLUX,1.4194604194823194e-06,9.624873497548926e-06,,,,AT2020wey.json,73,finite(flux) AND finite(flux_err) AND flux_err > 0,True,Measurement-level observation eligible under DEC-006; no temporal fitting window applied.
AT2020wey,g,58475.53618060006,FLUX,5.717084890376215e-06,1.0371029578627321e-05,,,,AT2020wey.json,74,finite(flux) AND finite(flux_err) AND flux_err > 0,True,Measurement-level observation eligible under DEC-006; no temporal fitting window applied.
AT2020wey,g,58480.49017360015,FLUX,2.3515642119768998e-07,5.986975176322803e-06,,,,AT2020wey.json,78,finite(flux) AND finite(flux_err) AND flux_err > 0,True,Measurement-level observation eligible under DEC-006; no temporal fitting window applied.
AT2020wey,g,58482.50020830007,FLUX,-2.930500131420865e-06,4.412480379913099e-06,,,,AT2020wey.json,80,finite(flux) AND finite(flux_err) AND flux_err > 0,True,Measurement-level observation eligible under DEC-006; no temporal fitting window applied.
AT2020wey,g,58482.55081020016,FLUX,-8.738469653493079e-07,4.954192582873461e-06,,,,AT2020wey.json,81,finite(flux) AND finite(flux_err) AND flux_err > 0,True,Measurement-level observation eligible under DEC-006; no temporal fitting window applied.
AT2020wey,g,58486.42795140017,FLUX,-5.857343074019164e-06,4.626806017292358e-06,,,,AT2020wey.json,82,finite(flux) AND finite(flux_err) AND flux_err > 0,True,Measurement-level observation eligible under DEC-006; no temporal fitting window applied.
AT2020wey,g,58486.42886570003,FLUX,2.616748189775897e-07,4.604724784535037e-06,,,,AT2020wey.json,83,finite(flux) AND finite(flux_err) AND flux_err > 0,True,Measurement-level observation eligible under DEC-006; no temporal fitting window applied.
AT2020wey,g,58487.45700229984,FLUX,-1.417544129545374e-07,3.074957398311632e-06,,,,AT2020wey.json,87,finite(flux) AND finite(flux_err) AND flux_err > 0,True,Measurement-level observation eligible under DEC-006; no temporal fitting window applied.
AT2020wey,g,58487.47329859994,FLUX,1.952620729442304e-06,3.6081385457656443e-06,,,,AT2020wey.json,88,finite(flux) AND finite(flux_err) AND flux_err > 0,True,Measurement-level observation eligible under DEC-006; no temporal fitting window applied.
AT2020wey,g,58493.53483799985,FLUX,5.876280209391296e-07,2.8050348687609063e-06,,,,AT2020wey.json,93,finite(flux) AND finite(flux_err) AND flux_err > 0,True,Measurement-level observation eligible under DEC-006; no temporal fitting window applied.
AT2020wey,g,58507.475185200106,FLUX,-9.704351316505988e-06,1.1553055793549186e-05,,,,AT2020wey.json,100,finite(flux) AND finite(flux_err) AND flux_err > 0,True,Measurement-level observation eligible under DEC-006; no temporal fitting window applied.
AT2020wey,g,58507.51965280017,FLUX,0,1.3285461286137472e-05,,,,AT2020wey.json,101,finite(flux) AND finite(flux_err) AND flux_err > 0,True,Measurement-level observation eligible under DEC-006; no temporal fitting window applied.
AT2020wey,g,58508.19884259999,FLUX,-1.2254663243180056e-06,4.116873314033419e-06,,,,AT2020wey.json,102,finite(flux) AND finite(flux_err) AND flux_err > 0,True,Measurement-level observation eligible under DEC-006; no temporal fitting window applied.
AT2020wey,g,58508.19974539988,FLUX,-2.2791093680139324e-06,3.589809273073668e-06,,,,AT2020wey.json,103,finite(flux) AND finite(flux_err) AND flux_err > 0,True,Measurement-level observation eligible under DEC-006; no temporal fitting window applied.
AT2020wey,g,58509.23899309989,FLUX,2.573483695684248e-06,5.416473055276543e-06,,,,AT2020wey.json,106,finite(flux) AND finite(flux_err) AND flux_err > 0,True,Measurement-level observation eligible under DEC-006; no temporal fitting window applied.
AT2020wey,g,58511.17533560004,FLUX,6.027246302546586e-06,4.74046916924304e-06,,,,AT2020wey.json,109,finite(flux) AND finite(flux_err) AND flux_err > 0,True,Measurement-level observation eligible under DEC-006; no temporal fitting window applied.
AT2020wey,g,58511.177199100144,FLUX,6.818391355183282e-06,3.716853435965602e-06,,,,AT2020wey.json,110,finite(flux) AND finite(flux_err) AND flux_err > 0,True,Measurement-level observation eligible under DEC-006; no temporal fitting window applied.
AT2020wey,g,58522.425844899844,FLUX,-4.021005816515247e-06,4.123090458563024e-06,,,,AT2020wey.json,112,finite(flux) AND finite(flux_err) AND flux_err > 0,True,Measurement-level observation eligible under DEC-006; no temporal fitting window applied.
AT2020wey,g,58534.261388900224,FLUX,-1.1028318741040652e-05,1.6533515518134734e-05,,,,AT2020wey.json,118,finite(flux) AND finite(flux_err) AND flux_err > 0,True,Measurement-level observation eligible under DEC-006; no temporal fitting window applied.
AT2020wey,g,58540.17185189994,FLUX,-5.913938004206786e-06,3.361218305444904e-06,,,,AT2020wey.json,121,finite(flux) AND finite(flux_err) AND flux_err > 0,True,Measurement-level observation eligible under DEC-006; no temporal fitting window applied.
AT2020wey,g,58541.242303200066,FLUX,6.193322451740955e-07,3.565175665378092e-06,,,,AT2020wey.json,124,finite(flux) AND finite(flux_err) AND flux_err > 0,True,Measurement-level observation eligible under DEC-006; no temporal fitting window applied.
AT2020wey,g,58541.243217600044,FLUX,1.3230362566684603e-06,4.75980086525693e-06,,,,AT2020wey.json,125,finite(flux) AND finite(flux_err) AND flux_err > 0,True,Measurement-level observation eligible under DEC-006; no temporal fitting window applied.
AT2020wey,g,58547.27968750009,FLUX,-9.296795660135925e-08,3.973663367136067e-06,,,,AT2020wey.json,129,finite(flux) AND finite(flux_err) AND flux_err > 0,True,Measurement-level observation eligible under DEC-006; no temporal fitting window applied.
AT2020wey,g,58558.38306709984,FLUX,-8.994700791558939e-06,7.961727736842261e-06,,,,AT2020wey.json,135,finite(flux) AND finite(flux_err) AND flux_err > 0,True,Measurement-level observation eligible under DEC-006; no temporal fitting window applied.
AT2020wey,g,58559.301643500105,FLUX,3.81071302423365e-06,8.970243671454308e-06,,,,AT2020wey.json,138,finite(flux) AND finite(flux_err) AND flux_err > 0,True,Measurement-level observation eligible under DEC-006; no temporal fitting window applied.
AT2020wey,g,58559.30255790008,FLUX,2.537556611007611e-06,7.695522664419555e-06,,,,AT2020wey.json,139,finite(flux) AND finite(flux_err) AND flux_err > 0,True,Measurement-level observation eligible under DEC-006; no temporal fitting window applied.
AT2020wey,g,58560.208159700036,FLUX,7.473359518421664e-07,8.268073456012402e-06,,,,AT2020wey.json,140,finite(flux) AND finite(flux_err) AND flux_err > 0,True,Measurement-level observation eligible under DEC-006; no temporal fitting window applied.
AT2020wey,g,58560.24762730021,FLUX,-5.209750089140636e-06,7.627067141315991e-06,,,,AT2020wey.json,141,finite(flux) AND finite(flux_err) AND flux_err > 0,True,Measurement-level observation eligible under DEC-006; no temporal fitting window applied.
AT2020wey,g,58561.233703699894,FLUX,-1.4481902465773043e-05,1.2820340845705695e-05,,,,AT2020wey.json,143,finite(flux) AND finite(flux_err) AND flux_err > 0,True,Measurement-level observation eligible under DEC-006; no temporal fitting window applied.
AT2020wey,g,58561.239988400135,FLUX,-1.4763039173371404e-05,1.1800229912295516e-05,,,,AT2020wey.json,144,finite(flux) AND finite(flux_err) AND flux_err > 0,True,Measurement-level observation eligible under DEC-006; no temporal fitting window applied.
AT2020wey,g,58567.199213000014,FLUX,-6.994071255661236e-07,4.090179194407849e-06,,,,AT2020wey.json,147,finite(flux) AND finite(flux_err) AND flux_err > 0,True,Measurement-level observation eligible under DEC-006; no temporal fitting window applied.
AT2020wey,g,58567.20011569979,FLUX,1.996479900504776e-06,3.944833502095842e-06,,,,AT2020wey.json,148,finite(flux) AND finite(flux_err) AND flux_err > 0,True,Measurement-level observation eligible under DEC-006; no temporal fitting window applied.
AT2020wey,g,58568.19912040001,FLUX,-3.920224278316606e-07,2.7336866769511855e-06,,,,AT2020wey.json,151,finite(flux) AND finite(flux_err) AND flux_err > 0,True,Measurement-level observation eligible under DEC-006; no temporal fitting window applied.
AT2020wey,g,58575.26289349981,FLUX,1.087569757193568e-06,3.3288864218423105e-06,,,,AT2020wey.json,153,finite(flux) AND finite(flux_err) AND flux_err > 0,True,Measurement-level observation eligible under DEC-006; no temporal fitting window applied.
AT2020wey,g,58575.269571799785,FLUX,-3.954225811992077e-06,3.1257174101238483e-06,,,,AT2020wey.json,154,finite(flux) AND finite(flux_err) AND flux_err > 0,True,Measurement-level observation eligible under DEC-006; no temporal fitting window applied.
AT2020wey,g,58581.21748840017,FLUX,-9.72349587180457e-07,3.13376465026108e-06,,,,AT2020wey.json,157,finite(flux) AND finite(flux_err) AND flux_err > 0,True,Measurement-level observation eligible under DEC-006; no temporal fitting window applied.
AT2020wey,g,58582.32600690005,FLUX,3.10650757603731e-06,3.4245567800230543e-06,,,,AT2020wey.json,161,finite(flux) AND finite(flux_err) AND flux_err > 0,True,Measurement-level observation eligible under DEC-006; no temporal fitting window applied.
AT2020wey,g,58584.2175925998,FLUX,4.267554143466518e-06,5.409851822396873e-06,,,,AT2020wey.json,163,finite(flux) AND finite(flux_err) AND flux_err > 0,True,Measurement-level observation eligible under DEC-006; no temporal fitting window applied.
AT2020wey,g,58584.220972199924,FLUX,4.131675878941303e-06,5.459355937658995e-06,,,,AT2020wey.json,164,finite(flux) AND finite(flux_err) AND flux_err > 0,True,Measurement-level observation eligible under DEC-006; no temporal fitting window applied.
AT2020wey,g,58585.192546300124,FLUX,1.1165902258266085e-05,4.358998313882035e-06,,,,AT2020wey.json,167,finite(flux) AND finite(flux_err) AND flux_err > 0,True,Measurement-level observation eligible under DEC-006; no temporal fitting window applied.
AT2020wey,g,58585.2113194,FLUX,-4.229925176338904e-06,5.08169372515703e-06,,,,AT2020wey.json,168,finite(flux) AND finite(flux_err) AND flux_err > 0,True,Measurement-level observation eligible under DEC-006; no temporal fitting window applied.
AT2020wey,g,58586.186122700106,FLUX,4.014753528488585e-06,6.220486486801485e-06,,,,AT2020wey.json,169,finite(flux) AND finite(flux_err) AND flux_err > 0,True,Measurement-level observation eligible under DEC-006; no temporal fitting window applied.
AT2020wey,g,58587.20011569979,FLUX,1.0299894247363104e-05,6.349461009317588e-06,,,,AT2020wey.json,171,finite(flux) AND finite(flux_err) AND flux_err > 0,True,Measurement-level observation eligible under DEC-006; no temporal fitting window applied.
AT2020wey,g,58587.21471060021,FLUX,-5.747205227029919e-06,6.339703587157258e-06,,,,AT2020wey.json,172,finite(flux) AND finite(flux_err) AND flux_err > 0,True,Measurement-level observation eligible under DEC-006; no temporal fitting window applied.
AT2020wey,g,58591.17188660009,FLUX,-1.359056316991062e-05,9.301243655266652e-06,,,,AT2020wey.json,174,finite(flux) AND finite(flux_err) AND flux_err > 0,True,Measurement-level observation eligible under DEC-006; no temporal fitting window applied.
AT2020wey,g,58591.17331020022,FLUX,-3.4789912921226887e-06,8.948690425292025e-06,,,,AT2020wey.json,175,finite(flux) AND finite(flux_err) AND flux_err > 0,True,Measurement-level observation eligible under DEC-006; no temporal fitting window applied.
AT2020wey,g,58592.15641199984,FLUX,-1.732197203715602e-08,9.933005624879063e-06,,,,AT2020wey.json,177,finite(flux) AND finite(flux_err) AND flux_err > 0,True,Measurement-level observation eligible under DEC-006; no temporal fitting window applied.
AT2020wey,g,58594.213414399885,FLUX,-2.551370205418352e-06,8.367916260682564e-06,,,,AT2020wey.json,183,finite(flux) AND finite(flux_err) AND flux_err > 0,True,Measurement-level observation eligible under DEC-006; no temporal fitting window applied.
AT2020wey,g,58594.21437499998,FLUX,6.922349462935301e-06,9.900461952798092e-06,,,,AT2020wey.json,184,finite(flux) AND finite(flux_err) AND flux_err > 0,True,Measurement-level observation eligible under DEC-006; no temporal fitting window applied.
AT2020wey,g,58596.206145800184,FLUX,-6.906455987724337e-06,4.045932225494453e-06,,,,AT2020wey.json,185,finite(flux) AND finite(flux_err) AND flux_err > 0,True,Measurement-level observation eligible under DEC-006; no temporal fitting window applied.
AT2020wey,g,58598.22377309995,FLUX,-3.963307146956741e-06,3.219801874394599e-06,,,,AT2020wey.json,186,finite(flux) AND finite(flux_err) AND flux_err > 0,True,Measurement-level observation eligible under DEC-006; no temporal fitting window applied.
AT2020wey,g,58598.22500000009,FLUX,1.882970061723319e-07,2.9978731797277825e-06,,,,AT2020wey.json,187,finite(flux) AND finite(flux_err) AND flux_err > 0,True,Measurement-level observation eligible under DEC-006; no temporal fitting window applied.
AT2020wey,g,58600.20486109983,FLUX,4.078969773170935e-06,3.56573214652174e-06,,,,AT2020wey.json,189,finite(flux) AND finite(flux_err) AND flux_err > 0,True,Measurement-level observation eligible under DEC-006; no temporal fitting window applied.
AT2020wey,g,58605.23853009986,FLUX,-1.5618036919692083e-06,4.682410536091328e-06,,,,AT2020wey.json,192,finite(flux) AND finite(flux_err) AND flux_err > 0,True,Measurement-level observation eligible under DEC-006; no temporal fitting window applied.
AT2020wey,g,58606.15653940011,FLUX,-3.8356158949693816e-07,3.4019634333736567e-06,,,,AT2020wey.json,193,finite(flux) AND finite(flux_err) AND flux_err > 0,True,Measurement-level observation eligible under DEC-006; no temporal fitting window applied.
AT2020wey,g,58606.16033559991,FLUX,3.577851473025155e-06,3.346893561467556e-06,,,,AT2020wey.json,194,finite(flux) AND finite(flux_err) AND flux_err > 0,True,Measurement-level observation eligible under DEC-006; no temporal fitting window applied.
AT2020wey,g,58608.19932870008,FLUX,1.8020376909631164e-07,3.5413145283523666e-06,,,,AT2020wey.json,197,finite(flux) AND finite(flux_err) AND flux_err > 0,True,Measurement-level observation eligible under DEC-006; no temporal fitting window applied.
AT2020wey,g,58609.194918999914,FLUX,-3.15907420292361e-06,4.073569814817649e-06,,,,AT2020wey.json,199,finite(flux) AND finite(flux_err) AND flux_err > 0,True,Measurement-level observation eligible under DEC-006; no temporal fitting window applied.
AT2020wey,g,58617.18400460016,FLUX,-1.1174445963200686e-06,6.689517355737841e-06,,,,AT2020wey.json,200,finite(flux) AND finite(flux_err) AND flux_err > 0,True,Measurement-level observation eligible under DEC-006; no temporal fitting window applied.
AT2020wey,g,58619.21881939983,FLUX,3.56823762900454e-06,1.4440900081115337e-05,,,,AT2020wey.json,203,finite(flux) AND finite(flux_err) AND flux_err > 0,True,Measurement-level observation eligible under DEC-006; no temporal fitting window applied.
AT2020wey,g,58643.173402800225,FLUX,5.371898195687994e-06,9.240165887378684e-06,,,,AT2020wey.json,207,finite(flux) AND finite(flux_err) AND flux_err > 0,True,Measurement-level observation eligible under DEC-006; no temporal fitting window applied.
AT2020wey,g,58737.507407399826,FLUX,-1.2089926276386154e-06,3.728507544470704e-06,,,,AT2020wey.json,211,finite(flux) AND finite(flux_err) AND flux_err > 0,True,Measurement-level observation eligible under DEC-006; no temporal fitting window applied.
AT2020wey,g,58745.515856499784,FLUX,-9.90325175795672e-06,8.44920242810722e-06,,,,AT2020wey.json,213,finite(flux) AND finite(flux_err) AND flux_err > 0,True,Measurement-level observation eligible under DEC-006; no temporal fitting window applied.
AT2020wey,g,58748.511458300054,FLUX,9.75354868113393e-06,6.136566232932456e-06,,,,AT2020wey.json,215,finite(flux) AND finite(flux_err) AND flux_err > 0,True,Measurement-level observation eligible under DEC-006; no temporal fitting window applied.
AT2020wey,g,58756.474143499974,FLUX,2.4992646424742607e-06,4.232887297586793e-06,,,,AT2020wey.json,216,finite(flux) AND finite(flux_err) AND flux_err > 0,True,Measurement-level observation eligible under DEC-006; no temporal fitting window applied.
AT2020wey,g,58759.449201399926,FLUX,-3.7620960250590516e-06,3.87951966281579e-06,,,,AT2020wey.json,219,finite(flux) AND finite(flux_err) AND flux_err > 0,True,Measurement-level observation eligible under DEC-006; no temporal fitting window applied.
AT2020wey,g,58763.44416669989,FLUX,-8.323338250965021e-06,4.493539206548607e-06,,,,AT2020wey.json,221,finite(flux) AND finite(flux_err) AND flux_err > 0,True,Measurement-level observation eligible under DEC-006; no temporal fitting window applied.
AT2020wey,g,58766.43521990022,FLUX,4.838322386455644e-06,8.648376034392117e-06,,,,AT2020wey.json,222,finite(flux) AND finite(flux_err) AND flux_err > 0,True,Measurement-level observation eligible under DEC-006; no temporal fitting window applied.
AT2020wey,g,58775.425196799915,FLUX,-7.564446946531621e-06,6.985866913447297e-06,,,,AT2020wey.json,225,finite(flux) AND finite(flux_err) AND flux_err > 0,True,Measurement-level observation eligible under DEC-006; no temporal fitting window applied.
AT2020wey,g,58778.52489579981,FLUX,1.9974479806946976e-06,5.884235461886797e-06,,,,AT2020wey.json,229,finite(flux) AND finite(flux_err) AND flux_err > 0,True,Measurement-level observation eligible under DEC-006; no temporal fitting window applied.
AT2020wey,g,58788.51209490001,FLUX,3.601660100359569e-06,3.7881959849684655e-06,,,,AT2020wey.json,232,finite(flux) AND finite(flux_err) AND flux_err > 0,True,Measurement-level observation eligible under DEC-006; no temporal fitting window applied.
AT2020wey,g,58798.5514814998,FLUX,9.16981830127767e-06,6.483909528128384e-06,,,,AT2020wey.json,237,finite(flux) AND finite(flux_err) AND flux_err > 0,True,Measurement-level observation eligible under DEC-006; no temporal fitting window applied.
AT2020wey,g,58804.4834143999,FLUX,-1.9082225928478374e-05,1.0075046191721168e-05,,,,AT2020wey.json,238,finite(flux) AND finite(flux_err) AND flux_err > 0,True,Measurement-level observation eligible under DEC-006; no temporal fitting window applied.
AT2020wey,g,58805.51365739992,FLUX,4.913921604498314e-06,6.312187481912189e-06,,,,AT2020wey.json,242,finite(flux) AND finite(flux_err) AND flux_err > 0,True,Measurement-level observation eligible under DEC-006; no temporal fitting window applied.
AT2020wey,g,58805.51410879986,FLUX,-1.0734576224837972e-06,6.486515584805045e-06,,,,AT2020wey.json,243,finite(flux) AND finite(flux_err) AND flux_err > 0,True,Measurement-level observation eligible under DEC-006; no temporal fitting window applied.
AT2020wey,g,58812.431330999825,FLUX,1.1170179498426706e-06,3.3399989412651976e-06,,,,AT2020wey.json,246,finite(flux) AND finite(flux_err) AND flux_err > 0,True,Measurement-level observation eligible under DEC-006; no temporal fitting window applied.
AT2020wey,g,58830.55670139985,FLUX,-4.411148173080571e-06,9.02726585132199e-06,,,,AT2020wey.json,256,finite(flux) AND finite(flux_err) AND flux_err > 0,True,Measurement-level observation eligible under DEC-006; no temporal fitting window applied.
AT2020wey,g,58833.5113309999,FLUX,-1.7111109060828404e-06,1.1050147335842346e-05,,,,AT2020wey.json,265,finite(flux) AND finite(flux_err) AND flux_err > 0,True,Measurement-level observation eligible under DEC-006; no temporal fitting window applied.
AT2020wey,g,58833.533715299796,FLUX,5.210201162201408e-06,9.821383820274433e-06,,,,AT2020wey.json,266,finite(flux) AND finite(flux_err) AND flux_err > 0,True,Measurement-level observation eligible under DEC-006; no temporal fitting window applied.
AT2020wey,g,58835.520370400045,FLUX,-7.356846453106374e-06,6.604902891149385e-06,,,,AT2020wey.json,271,finite(flux) AND finite(flux_err) AND flux_err > 0,True,Measurement-level observation eligible under DEC-006; no temporal fitting window applied.
AT2020wey,g,58837.49351850012,FLUX,-3.990815440501416e-08,5.283266503105779e-06,,,,AT2020wey.json,275,finite(flux) AND finite(flux_err) AND flux_err > 0,True,Measurement-level observation eligible under DEC-006; no temporal fitting window applied.
AT2020wey,g,58846.48950230004,FLUX,-3.695824344599905e-07,3.1065456384626888e-06,,,,AT2020wey.json,278,finite(flux) AND finite(flux_err) AND flux_err > 0,True,Measurement-level observation eligible under DEC-006; no temporal fitting window applied.
AT2020wey,g,58846.49040509993,FLUX,-1.8967186531465824e-06,3.3283160214444364e-06,,,,AT2020wey.json,279,finite(flux) AND finite(flux_err) AND flux_err > 0,True,Measurement-level observation eligible under DEC-006; no temporal fitting window applied.
AT2020wey,g,58849.48819439998,FLUX,-3.8385389063241985e-06,3.878493428465572e-06,,,,AT2020wey.json,281,finite(flux) AND finite(flux_err) AND flux_err > 0,True,Measurement-level observation eligible under DEC-006; no temporal fitting window applied.
AT2020wey,g,58849.48909719987,FLUX,0,3.6251381568054036e-06,,,,AT2020wey.json,282,finite(flux) AND finite(flux_err) AND flux_err > 0,True,Measurement-level observation eligible under DEC-006; no temporal fitting window applied.
AT2020wey,g,58850.43561339984,FLUX,-7.72614965231446e-06,4.532093594794892e-06,,,,AT2020wey.json,283,finite(flux) AND finite(flux_err) AND flux_err > 0,True,Measurement-level observation eligible under DEC-006; no temporal fitting window applied.
AT2020wey,g,58852.49347219989,FLUX,1.9202691444691914e-06,2.743308002402374e-06,,,,AT2020wey.json,290,finite(flux) AND finite(flux_err) AND flux_err > 0,True,Measurement-level observation eligible under DEC-006; no temporal fitting window applied.
AT2020wey,g,58853.46811340004,FLUX,3.698437127855263e-07,2.687536049844845e-06,,,,AT2020wey.json,292,finite(flux) AND finite(flux_err) AND flux_err > 0,True,Measurement-level observation eligible under DEC-006; no temporal fitting window applied.
AT2020wey,g,58855.49221060006,FLUX,-2.1806456116443124e-06,4.490958216751758e-06,,,,AT2020wey.json,295,finite(flux) AND finite(flux_err) AND flux_err > 0,True,Measurement-level observation eligible under DEC-006; no temporal fitting window applied.
AT2020wey,g,58855.49312500004,FLUX,-2.4375525402264055e-06,4.081405792343004e-06,,,,AT2020wey.json,296,finite(flux) AND finite(flux_err) AND flux_err > 0,True,Measurement-level observation eligible under DEC-006; no temporal fitting window applied.
AT2020wey,g,58859.51525459997,FLUX,-1.0452775210591314e-06,1.2831092817922239e-05,,,,AT2020wey.json,302,finite(flux) AND finite(flux_err) AND flux_err > 0,True,Measurement-level observation eligible under DEC-006; no temporal fitting window applied.
AT2020wey,g,58859.51621530019,FLUX,-4.492198301880023e-06,1.2633731417359158e-05,,,,AT2020wey.json,303,finite(flux) AND finite(flux_err) AND flux_err > 0,True,Measurement-level observation eligible under DEC-006; no temporal fitting window applied.
AT2020wey,g,58861.34870370012,FLUX,-6.382581322664576e-06,1.0450811799589617e-05,,,,AT2020wey.json,309,finite(flux) AND finite(flux_err) AND flux_err > 0,True,Measurement-level observation eligible under DEC-006; no temporal fitting window applied.
AT2020wey,g,58861.34960650001,FLUX,1.030309857835696e-05,1.0970350244106385e-05,,,,AT2020wey.json,310,finite(flux) AND finite(flux_err) AND flux_err > 0,True,Measurement-level observation eligible under DEC-006; no temporal fitting window applied.
AT2020wey,g,58862.43662039982,FLUX,2.1585575250804964e-06,9.028225094458212e-06,,,,AT2020wey.json,314,finite(flux) AND finite(flux_err) AND flux_err > 0,True,Measurement-level observation eligible under DEC-006; no temporal fitting window applied.
AT2020wey,g,58864.199201399926,FLUX,-1.3280542759665473e-06,3.82122854074311e-06,,,,AT2020wey.json,315,finite(flux) AND finite(flux_err) AND flux_err > 0,True,Measurement-level observation eligible under DEC-006; no temporal fitting window applied.
AT2020wey,g,58864.2006019,FLUX,1.294982202737266e-06,3.5200354146488964e-06,,,,AT2020wey.json,316,finite(flux) AND finite(flux_err) AND flux_err > 0,True,Measurement-level observation eligible under DEC-006; no temporal fitting window applied.
AT2020wey,g,58866.386932900175,FLUX,-7.914811602683613e-06,3.305757178594442e-06,,,,AT2020wey.json,321,finite(flux) AND finite(flux_err) AND flux_err > 0,True,Measurement-level observation eligible under DEC-006; no temporal fitting window applied.
AT2020wey,g,58871.22211810015,FLUX,-1.6388674937209256e-06,4.210289602010422e-06,,,,AT2020wey.json,324,finite(flux) AND finite(flux_err) AND flux_err > 0,True,Measurement-level observation eligible under DEC-006; no temporal fitting window applied.
AT2020wey,g,58871.22394679999,FLUX,6.736104734461152e-06,4.060775643329994e-06,,,,AT2020wey.json,325,finite(flux) AND finite(flux_err) AND flux_err > 0,True,Measurement-level observation eligible under DEC-006; no temporal fitting window applied.
AT2020wey,g,58872.24252310023,FLUX,4.8653507858981265e-06,3.1666585301498865e-06,,,,AT2020wey.json,328,finite(flux) AND finite(flux_err) AND flux_err > 0,True,Measurement-level observation eligible under DEC-006; no temporal fitting window applied.
AT2020wey,g,58872.24342590012,FLUX,-2.834521083240933e-06,3.1393429718099527e-06,,,,AT2020wey.json,329,finite(flux) AND finite(flux_err) AND flux_err > 0,True,Measurement-level observation eligible under DEC-006; no temporal fitting window applied.
AT2020wey,g,58873.34645830002,FLUX,-1.6835940286269924e-06,2.814728341666088e-06,,,,AT2020wey.json,332,finite(flux) AND finite(flux_err) AND flux_err > 0,True,Measurement-level observation eligible under DEC-006; no temporal fitting window applied.
AT2020wey,g,58873.347361099906,FLUX,6.303008535979375e-06,2.7894708568241934e-06,,,,AT2020wey.json,333,finite(flux) AND finite(flux_err) AND flux_err > 0,True,Measurement-level observation eligible under DEC-006; no temporal fitting window applied.
AT2020wey,g,58874.362442099955,FLUX,-1.0044923854175e-06,2.5807790800375776e-06,,,,AT2020wey.json,336,finite(flux) AND finite(flux_err) AND flux_err > 0,True,Measurement-level observation eligible under DEC-006; no temporal fitting window applied.
AT2020wey,g,58874.363344899844,FLUX,-8.939934197307697e-07,2.5703857448289614e-06,,,,AT2020wey.json,337,finite(flux) AND finite(flux_err) AND flux_err > 0,True,Measurement-level observation eligible under DEC-006; no temporal fitting window applied.
AT2020wey,g,58875.32718749996,FLUX,-6.738411559870231e-06,3.632723886048657e-06,,,,AT2020wey.json,340,finite(flux) AND finite(flux_err) AND flux_err > 0,True,Measurement-level observation eligible under DEC-006; no temporal fitting window applied.
AT2020wey,g,58875.3290161998,FLUX,-5.275733196555089e-06,3.4199355557871257e-06,,,,AT2020wey.json,341,finite(flux) AND finite(flux_err) AND flux_err > 0,True,Measurement-level observation eligible under DEC-006; no temporal fitting window applied.
AT2020wey,g,58876.21457180008,FLUX,3.6521008862082284e-06,3.1901532663753415e-06,,,,AT2020wey.json,342,finite(flux) AND finite(flux_err) AND flux_err > 0,True,Measurement-level observation eligible under DEC-006; no temporal fitting window applied.
AT2020wey,g,58876.21642359998,FLUX,5.720881303601894e-06,3.3227366090232986e-06,,,,AT2020wey.json,343,finite(flux) AND finite(flux_err) AND flux_err > 0,True,Measurement-level observation eligible under DEC-006; no temporal fitting window applied.
AT2020wey,g,58877.240891200025,FLUX,1.2517935563304478e-06,4.247970314933122e-06,,,,AT2020wey.json,346,finite(flux) AND finite(flux_err) AND flux_err > 0,True,Measurement-level observation eligible under DEC-006; no temporal fitting window applied.
AT2020wey,g,58877.241782399826,FLUX,7.814348059477407e-07,4.294525322501708e-06,,,,AT2020wey.json,347,finite(flux) AND finite(flux_err) AND flux_err > 0,True,Measurement-level observation eligible under DEC-006; no temporal fitting window applied.
AT2020wey,g,58879.2589004999,FLUX,4.425073406120255e-06,5.71652626177566e-06,,,,AT2020wey.json,352,finite(flux) AND finite(flux_err) AND flux_err > 0,True,Measurement-level observation eligible under DEC-006; no temporal fitting window applied.
AT2020wey,g,58880.26456019981,FLUX,2.515117172743466e-07,4.139423162052577e-06,,,,AT2020wey.json,356,finite(flux) AND finite(flux_err) AND flux_err > 0,True,Measurement-level observation eligible under DEC-006; no temporal fitting window applied.
AT2020wey,g,58880.26546300016,FLUX,5.533369802833189e-06,4.527921322777762e-06,,,,AT2020wey.json,357,finite(flux) AND finite(flux_err) AND flux_err > 0,True,Measurement-level observation eligible under DEC-006; no temporal fitting window applied.
AT2020wey,g,58881.23796299985,FLUX,1.907180835021371e-06,5.242313339890006e-06,,,,AT2020wey.json,358,finite(flux) AND finite(flux_err) AND flux_err > 0,True,Measurement-level observation eligible under DEC-006; no temporal fitting window applied.
AT2020wey,g,58881.23885420011,FLUX,-6.827300555658592e-06,6.074832612208781e-06,,,,AT2020wey.json,359,finite(flux) AND finite(flux_err) AND flux_err > 0,True,Measurement-level observation eligible under DEC-006; no temporal fitting window applied.
AT2020wey,g,58883.408993099816,FLUX,-2.559059781125717e-06,6.61002181920834e-06,,,,AT2020wey.json,364,finite(flux) AND finite(flux_err) AND flux_err > 0,True,Measurement-level observation eligible under DEC-006; no temporal fitting window applied.
AT2020wey,g,58883.41039349977,FLUX,-2.927670121814021e-07,7.073604013576494e-06,,,,AT2020wey.json,365,finite(flux) AND finite(flux_err) AND flux_err > 0,True,Measurement-level observation eligible under DEC-006; no temporal fitting window applied.
AT2020wey,g,58884.2816666998,FLUX,3.4865850808486845e-06,1.1075602626740952e-05,,,,AT2020wey.json,368,finite(flux) AND finite(flux_err) AND flux_err > 0,True,Measurement-level observation eligible under DEC-006; no temporal fitting window applied.
AT2020wey,g,58884.28443290014,FLUX,1.1590330181770212e-06,1.0648487490004117e-05,,,,AT2020wey.json,369,finite(flux) AND finite(flux_err) AND flux_err > 0,True,Measurement-level observation eligible under DEC-006; no temporal fitting window applied.
AT2020wey,g,58885.2797801001,FLUX,1.0278384686914775e-05,1.2667852008930624e-05,,,,AT2020wey.json,372,finite(flux) AND finite(flux_err) AND flux_err > 0,True,Measurement-level observation eligible under DEC-006; no temporal fitting window applied.
AT2020wey,g,58885.28309029993,FLUX,-5.1902700763980025e-06,1.4051238444013093e-05,,,,AT2020wey.json,373,finite(flux) AND finite(flux_err) AND flux_err > 0,True,Measurement-level observation eligible under DEC-006; no temporal fitting window applied.
AT2020wey,g,58886.23790509999,FLUX,-8.303520904268389e-06,8.598713162465282e-06,,,,AT2020wey.json,374,finite(flux) AND finite(flux_err) AND flux_err > 0,True,Measurement-level observation eligible under DEC-006; no temporal fitting window applied.
AT2020wey,g,58886.23939809995,FLUX,-1.4247403515581477e-06,9.407147291344013e-06,,,,AT2020wey.json,375,finite(flux) AND finite(flux_err) AND flux_err > 0,True,Measurement-level observation eligible under DEC-006; no temporal fitting window applied.
AT2020wey,g,58887.234224500135,FLUX,-1.226146561929547e-06,1.109130486019684e-05,,,,AT2020wey.json,379,finite(flux) AND finite(flux_err) AND flux_err > 0,True,Measurement-level observation eligible under DEC-006; no temporal fitting window applied.
AT2020wey,g,58887.2351505002,FLUX,2.487342852325159e-06,1.1099461080766263e-05,,,,AT2020wey.json,380,finite(flux) AND finite(flux_err) AND flux_err > 0,True,Measurement-level observation eligible under DEC-006; no temporal fitting window applied.
AT2020wey,g,58890.259664400015,FLUX,8.11265820018834e-06,1.0420958139268733e-05,,,,AT2020wey.json,383,finite(flux) AND finite(flux_err) AND flux_err > 0,True,Measurement-level observation eligible under DEC-006; no temporal fitting window applied.
AT2020wey,g,58890.265173600055,FLUX,-4.814437026937826e-06,9.23129324155832e-06,,,,AT2020wey.json,384,finite(flux) AND finite(flux_err) AND flux_err > 0,True,Measurement-level observation eligible under DEC-006; no temporal fitting window applied.
AT2020wey,g,58891.205555600114,FLUX,7.433688527635753e-06,5.516320682321207e-06,,,,AT2020wey.json,385,finite(flux) AND finite(flux_err) AND flux_err > 0,True,Measurement-level observation eligible under DEC-006; no temporal fitting window applied.
AT2020wey,g,58891.206446799915,FLUX,-5.407178962614741e-06,5.228731208078882e-06,,,,AT2020wey.json,386,finite(flux) AND finite(flux_err) AND flux_err > 0,True,Measurement-level observation eligible under DEC-006; no temporal fitting window applied.
AT2020wey,g,58892.17796299979,FLUX,4.3856792592828795e-07,3.4530673410146376e-06,,,,AT2020wey.json,389,finite(flux) AND finite(flux_err) AND flux_err > 0,True,Measurement-level observation eligible under DEC-006; no temporal fitting window applied.
AT2020wey,g,58892.17886570003,FLUX,1.1564211219587061e-06,3.286713329570129e-06,,,,AT2020wey.json,390,finite(flux) AND finite(flux_err) AND flux_err > 0,True,Measurement-level observation eligible under DEC-006; no temporal fitting window applied.
AT2020wey,g,58893.21958329994,FLUX,3.003206201120567e-06,2.918154773375346e-06,,,,AT2020wey.json,391,finite(flux) AND finite(flux_err) AND flux_err > 0,True,Measurement-level observation eligible under DEC-006; no temporal fitting window applied.
AT2020wey,g,58893.227557899896,FLUX,1.1564630420572053e-06,3.1601406249863593e-06,,,,AT2020wey.json,392,finite(flux) AND finite(flux_err) AND flux_err > 0,True,Measurement-level observation eligible under DEC-006; no temporal fitting window applied.
AT2020wey,g,58894.19853009982,FLUX,3.1397541157527557e-06,3.1229960877364366e-06,,,,AT2020wey.json,395,finite(flux) AND finite(flux_err) AND flux_err > 0,True,Measurement-level observation eligible under DEC-006; no temporal fitting window applied.
AT2020wey,g,58894.201053199824,FLUX,-8.985850026141424e-07,2.944056630633484e-06,,,,AT2020wey.json,396,finite(flux) AND finite(flux_err) AND flux_err > 0,True,Measurement-level observation eligible under DEC-006; no temporal fitting window applied.
AT2020wey,g,58895.215729199816,FLUX,1.2412226892832179e-06,3.1293398412769334e-06,,,,AT2020wey.json,399,finite(flux) AND finite(flux_err) AND flux_err > 0,True,Measurement-level observation eligible under DEC-006; no temporal fitting window applied.
AT2020wey,g,58895.21673610015,FLUX,6.251414041713625e-06,3.4974799299311098e-06,,,,AT2020wey.json,400,finite(flux) AND finite(flux_err) AND flux_err > 0,True,Measurement-level observation eligible under DEC-006; no temporal fitting window applied.
AT2020wey,g,58896.24153940007,FLUX,3.3103213165559913e-06,2.9691402163813205e-06,,,,AT2020wey.json,403,finite(flux) AND finite(flux_err) AND flux_err > 0,True,Measurement-level observation eligible under DEC-006; no temporal fitting window applied.
AT2020wey,g,58896.24244209984,FLUX,7.225972286285241e-06,2.9599579352976965e-06,,,,AT2020wey.json,404,finite(flux) AND finite(flux_err) AND flux_err > 0,True,Measurement-level observation eligible under DEC-006; no temporal fitting window applied.
AT2020wey,g,58898.26353010023,FLUX,-4.675192646002161e-06,2.78337925989235e-06,,,,AT2020wey.json,407,finite(flux) AND finite(flux_err) AND flux_err > 0,True,Measurement-level observation eligible under DEC-006; no temporal fitting window applied.
AT2020wey,g,58898.26443290012,FLUX,-4.721342850410045e-06,2.6544083933110866e-06,,,,AT2020wey.json,408,finite(flux) AND finite(flux_err) AND flux_err > 0,True,Measurement-level observation eligible under DEC-006; no temporal fitting window applied.
AT2020wey,g,58899.19974539988,FLUX,6.246007232021926e-07,3.192309140045206e-06,,,,AT2020wey.json,411,finite(flux) AND finite(flux_err) AND flux_err > 0,True,Measurement-level observation eligible under DEC-006; no temporal fitting window applied.
AT2020wey,g,58900.28762729978,FLUX,-1.5831869681076042e-06,3.2346650535007344e-06,,,,AT2020wey.json,415,finite(flux) AND finite(flux_err) AND flux_err > 0,True,Measurement-level observation eligible under DEC-006; no temporal fitting window applied.
AT2020wey,g,58900.31075230008,FLUX,-5.420604609654228e-06,4.604710677246338e-06,,,,AT2020wey.json,416,finite(flux) AND finite(flux_err) AND flux_err > 0,True,Measurement-level observation eligible under DEC-006; no temporal fitting window applied.
AT2020wey,g,58900.311203700025,FLUX,-3.470534248354981e-06,5.021572354637406e-06,,,,AT2020wey.json,417,finite(flux) AND finite(flux_err) AND flux_err > 0,True,Measurement-level observation eligible under DEC-006; no temporal fitting window applied.
AT2020wey,g,58903.26390049979,FLUX,1.6116237593464495e-06,3.186283528944947e-06,,,,AT2020wey.json,420,finite(flux) AND finite(flux_err) AND flux_err > 0,True,Measurement-level observation eligible under DEC-006; no temporal fitting window applied.
AT2020wey,g,58903.26480320003,FLUX,-2.877228001758873e-06,2.6374575256572083e-06,,,,AT2020wey.json,421,finite(flux) AND finite(flux_err) AND flux_err > 0,True,Measurement-level observation eligible under DEC-006; no temporal fitting window applied.
AT2020wey,g,58904.263483799994,FLUX,-3.5599913099971635e-06,2.9368296312236095e-06,,,,AT2020wey.json,423,finite(flux) AND finite(flux_err) AND flux_err > 0,True,Measurement-level observation eligible under DEC-006; no temporal fitting window applied.
AT2020wey,g,58905.26644679997,FLUX,-7.038750723361884e-06,4.481838578348837e-06,,,,AT2020wey.json,425,finite(flux) AND finite(flux_err) AND flux_err > 0,True,Measurement-level observation eligible under DEC-006; no temporal fitting window applied.
AT2020wey,g,58906.2691434999,FLUX,-5.756581788356488e-06,4.190638964835472e-06,,,,AT2020wey.json,428,finite(flux) AND finite(flux_err) AND flux_err > 0,True,Measurement-level observation eligible under DEC-006; no temporal fitting window applied.
AT2020wey,g,58906.27004629979,FLUX,-7.010733040521588e-06,4.522972626449169e-06,,,,AT2020wey.json,429,finite(flux) AND finite(flux_err) AND flux_err > 0,True,Measurement-level observation eligible under DEC-006; no temporal fitting window applied.
AT2020wey,g,58912.15483799996,FLUX,-4.715486152951698e-06,5.828219262348624e-06,,,,AT2020wey.json,432,finite(flux) AND finite(flux_err) AND flux_err > 0,True,Measurement-level observation eligible under DEC-006; no temporal fitting window applied.
AT2020wey,g,58912.16228009993,FLUX,2.2242049359634475e-06,5.7031166519371505e-06,,,,AT2020wey.json,433,finite(flux) AND finite(flux_err) AND flux_err > 0,True,Measurement-level observation eligible under DEC-006; no temporal fitting window applied.
AT2020wey,g,58913.2610185002,FLUX,-1.749157332441643e-06,6.372171676609821e-06,,,,AT2020wey.json,438,finite(flux) AND finite(flux_err) AND flux_err > 0,True,Measurement-level observation eligible under DEC-006; no temporal fitting window applied.
AT2020wey,g,58914.219699100126,FLUX,2.4903350972284116e-06,7.80707709508606e-06,,,,AT2020wey.json,439,finite(flux) AND finite(flux_err) AND flux_err > 0,True,Measurement-level observation eligible under DEC-006; no temporal fitting window applied.
AT2020wey,g,58915.20251160022,FLUX,-7.055171877395818e-06,8.9598529857039e-06,,,,AT2020wey.json,442,finite(flux) AND finite(flux_err) AND flux_err > 0,True,Measurement-level observation eligible under DEC-006; no temporal fitting window applied.
AT2020wey,g,58915.20341440011,FLUX,1.4734314897549505e-05,8.754553425105203e-06,,,,AT2020wey.json,443,finite(flux) AND finite(flux_err) AND flux_err > 0,True,Measurement-level observation eligible under DEC-006; no temporal fitting window applied.
AT2020wey,g,58940.180763899814,FLUX,-2.559763413525316e-06,4.728929388977009e-06,,,,AT2020wey.json,445,finite(flux) AND finite(flux_err) AND flux_err > 0,True,Measurement-level observation eligible under DEC-006; no temporal fitting window applied.
AT2020wey,g,58941.25666669989,FLUX,-2.608734581950982e-06,8.854519311096924e-06,,,,AT2020wey.json,448,finite(flux) AND finite(flux_err) AND flux_err > 0,True,Measurement-level observation eligible under DEC-006; no temporal fitting window applied.
AT2020wey,g,58941.25841439981,FLUX,-1.3700652536340869e-05,8.002858693328723e-06,,,,AT2020wey.json,449,finite(flux) AND finite(flux_err) AND flux_err > 0,True,Measurement-level observation eligible under DEC-006; no temporal fitting window applied.
AT2020wey,g,58954.17258099979,FLUX,-6.506968613707414e-06,3.199548381281828e-06,,,,AT2020wey.json,452,finite(flux) AND finite(flux_err) AND flux_err > 0,True,Measurement-level observation eligible under DEC-006; no temporal fitting window applied.
AT2020wey,g,58956.21751159988,FLUX,-7.348492718400758e-06,3.2732276439409366e-06,,,,AT2020wey.json,456,finite(flux) AND finite(flux_err) AND flux_err > 0,True,Measurement-level observation eligible under DEC-006; no temporal fitting window applied.
AT2020wey,g,58962.222025500145,FLUX,-1.4501113690082045e-06,3.4332913197311163e-06,,,,AT2020wey.json,459,finite(flux) AND finite(flux_err) AND flux_err > 0,True,Measurement-level observation eligible under DEC-006; no temporal fitting window applied.
AT2020wey,g,58963.20001159981,FLUX,6.154529392821484e-08,3.122366204754023e-06,,,,AT2020wey.json,460,finite(flux) AND finite(flux_err) AND flux_err > 0,True,Measurement-level observation eligible under DEC-006; no temporal fitting window applied.
AT2020wey,g,58963.201828700025,FLUX,-6.642016148630691e-09,3.00067903925451e-06,,,,AT2020wey.json,461,finite(flux) AND finite(flux_err) AND flux_err > 0,True,Measurement-level observation eligible under DEC-006; no temporal fitting window applied.
AT2020wey,g,58963.256446800195,FLUX,4.500356723760069e-06,3.312883547960808e-06,,,,AT2020wey.json,462,finite(flux) AND finite(flux_err) AND flux_err > 0,True,Measurement-level observation eligible under DEC-006; no temporal fitting window applied.
AT2020wey,g,58963.259398099966,FLUX,-2.6870789872827805e-07,3.222078548158214e-06,,,,AT2020wey.json,463,finite(flux) AND finite(flux_err) AND flux_err > 0,True,Measurement-level observation eligible under DEC-006; no temporal fitting window applied.
AT2020wey,g,58964.19164349977,FLUX,5.986324865150054e-06,3.3935010240147025e-06,,,,AT2020wey.json,464,finite(flux) AND finite(flux_err) AND flux_err > 0,True,Measurement-level observation eligible under DEC-006; no temporal fitting window applied.
AT2020wey,g,58965.21664350014,FLUX,4.983398354702513e-06,3.2507350244181027e-06,,,,AT2020wey.json,466,finite(flux) AND finite(flux_err) AND flux_err > 0,True,Measurement-level observation eligible under DEC-006; no temporal fitting window applied.
AT2020wey,g,58967.216851899866,FLUX,3.525363637719114e-06,3.5342422417476813e-06,,,,AT2020wey.json,468,finite(flux) AND finite(flux_err) AND flux_err > 0,True,Measurement-level observation eligible under DEC-006; no temporal fitting window applied.
AT2020wey,g,58968.22049769992,FLUX,-1.4286348839281393e-07,3.653684803231269e-06,,,,AT2020wey.json,470,finite(flux) AND finite(flux_err) AND flux_err > 0,True,Measurement-level observation eligible under DEC-006; no temporal fitting window applied.
AT2020wey,g,58970.22111110017,FLUX,8.598837085279889e-07,5.969485566230361e-06,,,,AT2020wey.json,471,finite(flux) AND finite(flux_err) AND flux_err > 0,True,Measurement-level observation eligible under DEC-006; no temporal fitting window applied.
AT2020wey,g,58971.24182870006,FLUX,-5.426960447651934e-06,7.2911492393977065e-06,,,,AT2020wey.json,473,finite(flux) AND finite(flux_err) AND flux_err > 0,True,Measurement-level observation eligible under DEC-006; no temporal fitting window applied.
AT2020wey,g,58972.24099540012,FLUX,-7.466506659356388e-06,7.609083113981148e-06,,,,AT2020wey.json,476,finite(flux) AND finite(flux_err) AND flux_err > 0,True,Measurement-level observation eligible under DEC-006; no temporal fitting window applied.
AT2020wey,g,58972.242916699965,FLUX,4.7486227155411025e-06,7.188496061371134e-06,,,,AT2020wey.json,477,finite(flux) AND finite(flux_err) AND flux_err > 0,True,Measurement-level observation eligible under DEC-006; no temporal fitting window applied.
AT2020wey,g,58975.22495369986,FLUX,5.688110410104782e-06,9.761827767043524e-06,,,,AT2020wey.json,482,finite(flux) AND finite(flux_err) AND flux_err > 0,True,Measurement-level observation eligible under DEC-006; no temporal fitting window applied.
AT2020wey,g,58975.23592589982,FLUX,-1.0807592627147348e-06,8.624141182409697e-06,,,,AT2020wey.json,483,finite(flux) AND finite(flux_err) AND flux_err > 0,True,Measurement-level observation eligible under DEC-006; no temporal fitting window applied.
AT2020wey,g,58978.18178239977,FLUX,-2.158058139192484e-06,3.3857213282319607e-06,,,,AT2020wey.json,486,finite(flux) AND finite(flux_err) AND flux_err > 0,True,Measurement-level observation eligible under DEC-006; no temporal fitting window applied.
AT2020wey,g,58978.182708300184,FLUX,6.7868926323899305e-06,3.767391159337288e-06,,,,AT2020wey.json,487,finite(flux) AND finite(flux_err) AND flux_err > 0,True,Measurement-level observation eligible under DEC-006; no temporal fitting window applied.
AT2020wey,g,58979.219490699936,FLUX,2.8944983026102317e-06,3.4653717813595137e-06,,,,AT2020wey.json,489,finite(flux) AND finite(flux_err) AND flux_err > 0,True,Measurement-level observation eligible under DEC-006; no temporal fitting window applied.
AT2020wey,g,58980.17550930008,FLUX,-9.241157037610215e-07,2.7295471827048552e-06,,,,AT2020wey.json,490,finite(flux) AND finite(flux_err) AND flux_err > 0,True,Measurement-level observation eligible under DEC-006; no temporal fitting window applied.
AT2020wey,g,58981.177743100096,FLUX,1.6159107252494026e-06,3.1528694385500118e-06,,,,AT2020wey.json,492,finite(flux) AND finite(flux_err) AND flux_err > 0,True,Measurement-level observation eligible under DEC-006; no temporal fitting window applied.
AT2020wey,g,58981.18435190013,FLUX,1.1070151533421636e-06,3.3402971810891213e-06,,,,AT2020wey.json,493,finite(flux) AND finite(flux_err) AND flux_err > 0,True,Measurement-level observation eligible under DEC-006; no temporal fitting window applied.
AT2020wey,g,58985.182187499944,FLUX,4.377358317075662e-06,3.1650028500990242e-06,,,,AT2020wey.json,496,finite(flux) AND finite(flux_err) AND flux_err > 0,True,Measurement-level observation eligible under DEC-006; no temporal fitting window applied.
AT2020wey,g,58986.176967599895,FLUX,3.14362756349816e-06,3.47051357088489e-06,,,,AT2020wey.json,497,finite(flux) AND finite(flux_err) AND flux_err > 0,True,Measurement-level observation eligible under DEC-006; no temporal fitting window applied.
AT2020wey,g,58986.18030089978,FLUX,1.8064941965070397e-06,3.196153558615211e-06,,,,AT2020wey.json,498,finite(flux) AND finite(flux_err) AND flux_err > 0,True,Measurement-level observation eligible under DEC-006; no temporal fitting window applied.
AT2020wey,g,58987.22078699991,FLUX,-3.6271369692757136e-06,3.424316570252591e-06,,,,AT2020wey.json,502,finite(flux) AND finite(flux_err) AND flux_err > 0,True,Measurement-level observation eligible under DEC-006; no temporal fitting window applied.
AT2020wey,g,58992.18343750015,FLUX,2.0756363804191436e-06,3.433813713775132e-06,,,,AT2020wey.json,504,finite(flux) AND finite(flux_err) AND flux_err > 0,True,Measurement-level observation eligible under DEC-006; no temporal fitting window applied.
AT2020wey,g,58993.235601900145,FLUX,5.066282407247301e-06,4.623008299126573e-06,,,,AT2020wey.json,506,finite(flux) AND finite(flux_err) AND flux_err > 0,True,Measurement-level observation eligible under DEC-006; no temporal fitting window applied.
AT2020wey,g,58993.23938659998,FLUX,-2.529583375692157e-08,5.114750395131016e-06,,,,AT2020wey.json,507,finite(flux) AND finite(flux_err) AND flux_err > 0,True,Measurement-level observation eligible under DEC-006; no temporal fitting window applied.
AT2020wey,g,58994.23915510019,FLUX,7.573278822170243e-06,4.124996940289791e-06,,,,AT2020wey.json,508,finite(flux) AND finite(flux_err) AND flux_err > 0,True,Measurement-level observation eligible under DEC-006; no temporal fitting window applied.
AT2020wey,g,58995.17807869986,FLUX,-2.4276686258607118e-06,3.874445853991522e-06,,,,AT2020wey.json,509,finite(flux) AND finite(flux_err) AND flux_err > 0,True,Measurement-level observation eligible under DEC-006; no temporal fitting window applied.
AT2020wey,g,58996.18254629988,FLUX,-1.8594577302546962e-06,4.29834126962441e-06,,,,AT2020wey.json,511,finite(flux) AND finite(flux_err) AND flux_err > 0,True,Measurement-level observation eligible under DEC-006; no temporal fitting window applied.
AT2020wey,g,58996.18348379992,FLUX,2.3163860894062258e-06,3.6299343769644088e-06,,,,AT2020wey.json,512,finite(flux) AND finite(flux_err) AND flux_err > 0,True,Measurement-level observation eligible under DEC-006; no temporal fitting window applied.
AT2020wey,g,58997.17258099979,FLUX,2.9252845446857282e-06,4.718850755291415e-06,,,,AT2020wey.json,515,finite(flux) AND finite(flux_err) AND flux_err > 0,True,Measurement-level observation eligible under DEC-006; no temporal fitting window applied.
AT2020wey,g,58999.218877300154,FLUX,-9.267899539798495e-06,9.18731371156757e-06,,,,AT2020wey.json,520,finite(flux) AND finite(flux_err) AND flux_err > 0,True,Measurement-level observation eligible under DEC-006; no temporal fitting window applied.
AT2020wey,g,58999.2212731,FLUX,-6.439468230894043e-07,7.814994987681238e-06,,,,AT2020wey.json,521,finite(flux) AND finite(flux_err) AND flux_err > 0,True,Measurement-level observation eligible under DEC-006; no temporal fitting window applied.
AT2020wey,g,59000.2370023001,FLUX,9.818108297608613e-06,8.917506253961987e-06,,,,AT2020wey.json,522,finite(flux) AND finite(flux_err) AND flux_err > 0,True,Measurement-level observation eligible under DEC-006; no temporal fitting window applied.
AT2020wey,g,59013.22101850016,FLUX,1.7227706811054294e-06,7.210880414057549e-06,,,,AT2020wey.json,523,finite(flux) AND finite(flux_err) AND flux_err > 0,True,Measurement-level observation eligible under DEC-006; no temporal fitting window applied.
AT2020wey,g,59121.49187499983,FLUX,5.8474083013564396e-06,3.2633621376701777e-06,,,,AT2020wey.json,543,finite(flux) AND finite(flux_err) AND flux_err > 0,True,Measurement-level observation eligible under DEC-006; no temporal fitting window applied.
AT2020wey,g,59124.4873147998,FLUX,1.8684279916650066e-05,9.830956985972879e-06,,,,AT2020wey.json,546,finite(flux) AND finite(flux_err) AND flux_err > 0,True,Measurement-level observation eligible under DEC-006; no temporal fitting window applied.
AT2020wey,g,59124.517777800094,FLUX,8.080906255301943e-06,9.619177833515585e-06,,,,AT2020wey.json,547,finite(flux) AND finite(flux_err) AND flux_err > 0,True,Measurement-level observation eligible under DEC-006; no temporal fitting window applied.
AT2020wey,g,59125.45075230021,FLUX,1.1300642026118001e-05,1.0677667679192919e-05,,,,AT2020wey.json,548,finite(flux) AND finite(flux_err) AND flux_err > 0,True,Measurement-level observation eligible under DEC-006; no temporal fitting window applied.
AT2020wey,g,59126.4683333002,FLUX,1.7466594887073238e-05,8.966381406733469e-06,,,,AT2020wey.json,550,finite(flux) AND finite(flux_err) AND flux_err > 0,True,Measurement-level observation eligible under DEC-006; no temporal fitting window applied.
AT2020wey,g,59126.47113429988,FLUX,1.878442525851871e-05,8.541712978791439e-06,,,,AT2020wey.json,551,finite(flux) AND finite(flux_err) AND flux_err > 0,True,Measurement-level observation eligible under DEC-006; no temporal fitting window applied.
AT2020wey,g,59128.456423600204,FLUX,3.0180614945562258e-05,9.690824629847409e-06,,,,AT2020wey.json,554,finite(flux) AND finite(flux_err) AND flux_err > 0,True,Measurement-level observation eligible under DEC-006; no temporal fitting window applied.
AT2020wey,g,59129.45438659983,FLUX,3.462474603892097e-05,7.0562252226503406e-06,,,,AT2020wey.json,557,finite(flux) AND finite(flux_err) AND flux_err > 0,True,Measurement-level observation eligible under DEC-006; no temporal fitting window applied.
AT2020wey,g,59130.49268520018,FLUX,4.215401844247569e-05,6.15480378635968e-06,,,,AT2020wey.json,560,finite(flux) AND finite(flux_err) AND flux_err > 0,True,Measurement-level observation eligible under DEC-006; no temporal fitting window applied.
AT2020wey,g,59135.446388899814,FLUX,6.498598952563595e-05,4.185518228209744e-06,,,,AT2020wey.json,561,finite(flux) AND finite(flux_err) AND flux_err > 0,True,Measurement-level observation eligible under DEC-006; no temporal fitting window applied.
AT2020wey,g,59137.45052079996,FLUX,8.832983581049613e-05,4.622506982637685e-06,,,,AT2020wey.json,563,finite(flux) AND finite(flux_err) AND flux_err > 0,True,Measurement-level observation eligible under DEC-006; no temporal fitting window applied.
AT2020wey,g,59141.45395829994,FLUX,8.741680739621966e-05,4.246495234104331e-06,,,,AT2020wey.json,566,finite(flux) AND finite(flux_err) AND flux_err > 0,True,Measurement-level observation eligible under DEC-006; no temporal fitting window applied.
AT2020wey,g,59143.42997690011,FLUX,0.00013543267095875386,5.303014060937222e-06,,,,AT2020wey.json,568,finite(flux) AND finite(flux_err) AND flux_err > 0,True,Measurement-level observation eligible under DEC-006; no temporal fitting window applied.
AT2020wey,g,59144.477037000004,FLUX,0.00016881055315095414,5.33814156255183e-06,,,,AT2020wey.json,571,finite(flux) AND finite(flux_err) AND flux_err > 0,True,Measurement-level observation eligible under DEC-006; no temporal fitting window applied.
AT2020wey,g,59144.477511600126,FLUX,0.00016292626402990396,5.833296550133892e-06,,,,AT2020wey.json,572,finite(flux) AND finite(flux_err) AND flux_err > 0,True,Measurement-level observation eligible under DEC-006; no temporal fitting window applied.
AT2020wey,g,59144.51557870023,FLUX,0.00015804599027740546,5.630924348441384e-06,,,,AT2020wey.json,573,finite(flux) AND finite(flux_err) AND flux_err > 0,True,Measurement-level observation eligible under DEC-006; no temporal fitting window applied.
AT2020wey,g,59145.45104169985,FLUX,0.00017146685807287336,5.510556154309321e-06,,,,AT2020wey.json,574,finite(flux) AND finite(flux_err) AND flux_err > 0,True,Measurement-level observation eligible under DEC-006; no temporal fitting window applied.
AT2020wey,g,59149.50841439981,FLUX,0.0002104726628023109,6.278465467601027e-06,,,,AT2020wey.json,577,finite(flux) AND finite(flux_err) AND flux_err > 0,True,Measurement-level observation eligible under DEC-006; no temporal fitting window applied.
AT2020wey,g,59150.512557900045,FLUX,0.00024681333356643643,8.171769729498483e-06,,,,AT2020wey.json,579,finite(flux) AND finite(flux_err) AND flux_err > 0,True,Measurement-level observation eligible under DEC-006; no temporal fitting window applied.
AT2020wey,g,59151.392419000156,FLUX,0.00023717025469371757,1.1324108282330873e-05,,,,AT2020wey.json,580,finite(flux) AND finite(flux_err) AND flux_err > 0,True,Measurement-level observation eligible under DEC-006; no temporal fitting window applied.
AT2020wey,g,59153.515729200095,FLUX,0.0002282282135962585,1.138801928220977e-05,,,,AT2020wey.json,583,finite(flux) AND finite(flux_err) AND flux_err > 0,True,Measurement-level observation eligible under DEC-006; no temporal fitting window applied.
AT2020wey,g,59155.3709028,FLUX,0.00021416909961586948,1.2725656315371124e-05,,,,AT2020wey.json,584,finite(flux) AND finite(flux_err) AND flux_err > 0,True,Measurement-level observation eligible under DEC-006; no temporal fitting window applied.
AT2020wey,g,59156.49336809991,FLUX,0.0001892544587778004,8.89232081975901e-06,,,,AT2020wey.json,586,finite(flux) AND finite(flux_err) AND flux_err > 0,True,Measurement-level observation eligible under DEC-006; no temporal fitting window applied.
AT2020wey,g,59156.49430559995,FLUX,0.00018011220748917687,8.92681432257682e-06,,,,AT2020wey.json,587,finite(flux) AND finite(flux_err) AND flux_err > 0,True,Measurement-level observation eligible under DEC-006; no temporal fitting window applied.
AT2020wey,g,59157.518321800046,FLUX,0.0002006995399517345,8.925991476051886e-06,,,,AT2020wey.json,590,finite(flux) AND finite(flux_err) AND flux_err > 0,True,Measurement-level observation eligible under DEC-006; no temporal fitting window applied.
AT2020wey,g,59158.490393499844,FLUX,0.000177471932967263,9.015109625161827e-06,,,,AT2020wey.json,591,finite(flux) AND finite(flux_err) AND flux_err > 0,True,Measurement-level observation eligible under DEC-006; no temporal fitting window applied.
AT2020wey,g,59158.49133099988,FLUX,0.00018379922201561846,9.211546852529848e-06,,,,AT2020wey.json,592,finite(flux) AND finite(flux_err) AND flux_err > 0,True,Measurement-level observation eligible under DEC-006; no temporal fitting window applied.
AT2020wey,g,59159.51569439983,FLUX,0.0001950726210698252,7.554174903309375e-06,,,,AT2020wey.json,596,finite(flux) AND finite(flux_err) AND flux_err > 0,True,Measurement-level observation eligible under DEC-006; no temporal fitting window applied.
AT2020wey,g,59163.42874999996,FLUX,0.00010490224344573676,5.6835978490494034e-06,,,,AT2020wey.json,597,finite(flux) AND finite(flux_err) AND flux_err > 0,True,Measurement-level observation eligible under DEC-006; no temporal fitting window applied.
AT2020wey,g,59163.42922449997,FLUX,9.670324408820655e-05,5.882593341854798e-06,,,,AT2020wey.json,598,finite(flux) AND finite(flux_err) AND flux_err > 0,True,Measurement-level observation eligible under DEC-006; no temporal fitting window applied.
AT2020wey,g,59163.484479200095,FLUX,0.00010387405254740125,4.9366220830372475e-06,,,,AT2020wey.json,599,finite(flux) AND finite(flux_err) AND flux_err > 0,True,Measurement-level observation eligible under DEC-006; no temporal fitting window applied.
AT2020wey,g,59164.46009259997,FLUX,0.00010354025570157917,4.9824240106852365e-06,,,,AT2020wey.json,601,finite(flux) AND finite(flux_err) AND flux_err > 0,True,Measurement-level observation eligible under DEC-006; no temporal fitting window applied.
AT2020wey,g,59165.3885764,FLUX,9.331177967506965e-05,4.439819132875352e-06,,,,AT2020wey.json,603,finite(flux) AND finite(flux_err) AND flux_err > 0,True,Measurement-level observation eligible under DEC-006; no temporal fitting window applied.
AT2020wey,g,59165.39094909979,FLUX,9.201467976566783e-05,4.5451981725762906e-06,,,,AT2020wey.json,604,finite(flux) AND finite(flux_err) AND flux_err > 0,True,Measurement-level observation eligible under DEC-006; no temporal fitting window applied.
AT2020wey,g,59166.485127300024,FLUX,7.379448785064186e-05,3.892913630416612e-06,,,,AT2020wey.json,607,finite(flux) AND finite(flux_err) AND flux_err > 0,True,Measurement-level observation eligible under DEC-006; no temporal fitting window applied.
AT2020wey,g,59167.524166699965,FLUX,5.750955640731719e-05,4.139611773480285e-06,,,,AT2020wey.json,611,finite(flux) AND finite(flux_err) AND flux_err > 0,True,Measurement-level observation eligible under DEC-006; no temporal fitting window applied.
AT2020wey,g,59167.5251042,FLUX,5.2957471174589364e-05,3.774075465473266e-06,,,,AT2020wey.json,612,finite(flux) AND finite(flux_err) AND flux_err > 0,True,Measurement-level observation eligible under DEC-006; no temporal fitting window applied.
AT2020wey,g,59169.49306710018,FLUX,3.683220924863969e-05,3.6378775942694668e-06,,,,AT2020wey.json,613,finite(flux) AND finite(flux_err) AND flux_err > 0,True,Measurement-level observation eligible under DEC-006; no temporal fitting window applied.
AT2020wey,g,59169.494004600216,FLUX,3.80710036365805e-05,3.3844941661550097e-06,,,,AT2020wey.json,614,finite(flux) AND finite(flux_err) AND flux_err > 0,True,Measurement-level observation eligible under DEC-006; no temporal fitting window applied.
AT2020wey,g,59170.45662039984,FLUX,3.964080722192972e-05,3.517761330332185e-06,,,,AT2020wey.json,617,finite(flux) AND finite(flux_err) AND flux_err > 0,True,Measurement-level observation eligible under DEC-006; no temporal fitting window applied.
AT2020wey,g,59173.468078699894,FLUX,2.6874437707456774e-05,3.879028133635737e-06,,,,AT2020wey.json,621,finite(flux) AND finite(flux_err) AND flux_err > 0,True,Measurement-level observation eligible under DEC-006; no temporal fitting window applied.
AT2020wey,g,59176.497256900184,FLUX,3.305951627076649e-05,3.368442929071184e-06,,,,AT2020wey.json,622,finite(flux) AND finite(flux_err) AND flux_err > 0,True,Measurement-level observation eligible under DEC-006; no temporal fitting window applied.
AT2020wey,g,59176.49819440022,FLUX,3.273712593765247e-05,3.2459600899322164e-06,,,,AT2020wey.json,623,finite(flux) AND finite(flux_err) AND flux_err > 0,True,Measurement-level observation eligible under DEC-006; no temporal fitting window applied.
AT2020wey,g,59178.51795140002,FLUX,3.8091718598356274e-05,3.425611544684045e-06,,,,AT2020wey.json,626,finite(flux) AND finite(flux_err) AND flux_err > 0,True,Measurement-level observation eligible under DEC-006; no temporal fitting window applied.
AT2020wey,g,59181.50836810004,FLUX,4.123768720455068e-05,6.436887398026399e-06,,,,AT2020wey.json,631,finite(flux) AND finite(flux_err) AND flux_err > 0,True,Measurement-level observation eligible under DEC-006; no temporal fitting window applied.
AT2020wey,g,59181.50930560008,FLUX,1.9415120434108598e-05,6.834587878262175e-06,,,,AT2020wey.json,632,finite(flux) AND finite(flux_err) AND flux_err > 0,True,Measurement-level observation eligible under DEC-006; no temporal fitting window applied.
AT2020wey,g,59182.55324070016,FLUX,2.290714569946903e-05,6.455003558671712e-06,,,,AT2020wey.json,634,finite(flux) AND finite(flux_err) AND flux_err > 0,True,Measurement-level observation eligible under DEC-006; no temporal fitting window applied.
AT2020wey,g,59184.427766200155,FLUX,3.1180522971955295e-05,8.149603807134149e-06,,,,AT2020wey.json,635,finite(flux) AND finite(flux_err) AND flux_err > 0,True,Measurement-level observation eligible under DEC-006; no temporal fitting window applied.
AT2020wey,g,59185.45136569999,FLUX,1.946551437279671e-05,8.202532972803868e-06,,,,AT2020wey.json,639,finite(flux) AND finite(flux_err) AND flux_err > 0,True,Measurement-level observation eligible under DEC-006; no temporal fitting window applied.
AT2020wey,g,59185.45230320003,FLUX,2.9513756634211008e-05,7.869476957134817e-06,,,,AT2020wey.json,640,finite(flux) AND finite(flux_err) AND flux_err > 0,True,Measurement-level observation eligible under DEC-006; no temporal fitting window applied.
AT2020wey,g,59187.51119210012,FLUX,7.85124185100122e-06,1.0935278438056206e-05,,,,AT2020wey.json,643,finite(flux) AND finite(flux_err) AND flux_err > 0,True,Measurement-level observation eligible under DEC-006; no temporal fitting window applied.
AT2020wey,g,59188.45474540023,FLUX,1.9754714680450163e-05,6.660164775732953e-06,,,,AT2020wey.json,645,finite(flux) AND finite(flux_err) AND flux_err > 0,True,Measurement-level observation eligible under DEC-006; no temporal fitting window applied.
AT2020wey,g,59189.49353010021,FLUX,1.3722291926654408e-05,6.186771816008411e-06,,,,AT2020wey.json,646,finite(flux) AND finite(flux_err) AND flux_err > 0,True,Measurement-level observation eligible under DEC-006; no temporal fitting window applied.
AT2020wey,g,59193.42770829983,FLUX,1.451022521728968e-05,3.7200441980607306e-06,,,,AT2020wey.json,648,finite(flux) AND finite(flux_err) AND flux_err > 0,True,Measurement-level observation eligible under DEC-006; no temporal fitting window applied.
AT2020wey,g,59194.43442129996,FLUX,1.7232066154728445e-05,4.306580636075315e-06,,,,AT2020wey.json,650,finite(flux) AND finite(flux_err) AND flux_err > 0,True,Measurement-level observation eligible under DEC-006; no temporal fitting window applied.
AT2020wey,g,59194.43549769977,FLUX,1.7778252169821894e-05,3.877274427448147e-06,,,,AT2020wey.json,651,finite(flux) AND finite(flux_err) AND flux_err > 0,True,Measurement-level observation eligible under DEC-006; no temporal fitting window applied.
AT2020wey,g,59198.39048610022,FLUX,1.4513038407544856e-05,3.4571563879699887e-06,,,,AT2020wey.json,656,finite(flux) AND finite(flux_err) AND flux_err > 0,True,Measurement-level observation eligible under DEC-006; no temporal fitting window applied.
AT2020wey,g,59198.40731480019,FLUX,1.3469066516356973e-05,3.4771049898807477e-06,,,,AT2020wey.json,657,finite(flux) AND finite(flux_err) AND flux_err > 0,True,Measurement-level observation eligible under DEC-006; no temporal fitting window applied.
AT2020wey,g,59199.53542819992,FLUX,1.1381686323535681e-05,4.099759679761276e-06,,,,AT2020wey.json,660,finite(flux) AND finite(flux_err) AND flux_err > 0,True,Measurement-level observation eligible under DEC-006; no temporal fitting window applied.
AT2020wey,g,59199.536365699954,FLUX,1.4400301567879317e-05,4.188323959667537e-06,,,,AT2020wey.json,661,finite(flux) AND finite(flux_err) AND flux_err > 0,True,Measurement-level observation eligible under DEC-006; no temporal fitting window applied.
AT2020wey,g,59202.495034699794,FLUX,1.2287840653727732e-05,3.6964993588415786e-06,,,,AT2020wey.json,662,finite(flux) AND finite(flux_err) AND flux_err > 0,True,Measurement-level observation eligible under DEC-006; no temporal fitting window applied.
AT2020wey,g,59202.49597219983,FLUX,8.701300261974134e-06,4.07939069824527e-06,,,,AT2020wey.json,663,finite(flux) AND finite(flux_err) AND flux_err > 0,True,Measurement-level observation eligible under DEC-006; no temporal fitting window applied.
AT2020wey,g,59203.364965300076,FLUX,8.797559992462748e-06,4.342830342873762e-06,,,,AT2020wey.json,666,finite(flux) AND finite(flux_err) AND flux_err > 0,True,Measurement-level observation eligible under DEC-006; no temporal fitting window applied.
AT2020wey,g,59204.44968750002,FLUX,1.1446573416596952e-05,3.0108776435966646e-06,,,,AT2020wey.json,670,finite(flux) AND finite(flux_err) AND flux_err > 0,True,Measurement-level observation eligible under DEC-006; no temporal fitting window applied.
AT2020wey,g,59204.450625000056,FLUX,8.309401109796619e-06,3.147004567369304e-06,,,,AT2020wey.json,671,finite(flux) AND finite(flux_err) AND flux_err > 0,True,Measurement-level observation eligible under DEC-006; no temporal fitting window applied.
AT2020wey,g,59210.24457179988,FLUX,1.2990521714653403e-05,1.1181506978570656e-05,,,,AT2020wey.json,672,finite(flux) AND finite(flux_err) AND flux_err > 0,True,Measurement-level observation eligible under DEC-006; no temporal fitting window applied.
AT2020wey,g,59210.345324099995,FLUX,2.2727563911337908e-05,8.54030241167321e-06,,,,AT2020wey.json,673,finite(flux) AND finite(flux_err) AND flux_err > 0,True,Measurement-level observation eligible under DEC-006; no temporal fitting window applied.
AT2020wey,g,59210.3457986,FLUX,1.6146315186426635e-05,8.619938643417068e-06,,,,AT2020wey.json,674,finite(flux) AND finite(flux_err) AND flux_err > 0,True,Measurement-level observation eligible under DEC-006; no temporal fitting window applied.
AT2020wey,g,59215.43304400006,FLUX,-5.122699177341369e-06,1.4196076281646399e-05,,,,AT2020wey.json,675,finite(flux) AND finite(flux_err) AND flux_err > 0,True,Measurement-level observation eligible under DEC-006; no temporal fitting window applied.
AT2020wey,g,59215.43399310019,FLUX,1.4705486246752847e-05,1.3965750047644518e-05,,,,AT2020wey.json,676,finite(flux) AND finite(flux_err) AND flux_err > 0,True,Measurement-level observation eligible under DEC-006; no temporal fitting window applied.
AT2020wey,g,59216.45495369984,FLUX,7.290337319925465e-06,7.532156114363222e-06,,,,AT2020wey.json,677,finite(flux) AND finite(flux_err) AND flux_err > 0,True,Measurement-level observation eligible under DEC-006; no temporal fitting window applied.
AT2020wey,g,59217.43101850012,FLUX,8.969942648585137e-06,5.6616238461794545e-06,,,,AT2020wey.json,680,finite(flux) AND finite(flux_err) AND flux_err > 0,True,Measurement-level observation eligible under DEC-006; no temporal fitting window applied.
AT2020wey,g,59217.43195600016,FLUX,1.563012436982415e-05,5.4800785868869785e-06,,,,AT2020wey.json,681,finite(flux) AND finite(flux_err) AND flux_err > 0,True,Measurement-level observation eligible under DEC-006; no temporal fitting window applied.
AT2020wey,g,59219.2840741002,FLUX,1.0591534008929613e-05,3.6494273895792218e-06,,,,AT2020wey.json,683,finite(flux) AND finite(flux_err) AND flux_err > 0,True,Measurement-level observation eligible under DEC-006; no temporal fitting window applied.
AT2020wey,g,59219.28505790001,FLUX,9.796707666394594e-06,3.450065716898373e-06,,,,AT2020wey.json,684,finite(flux) AND finite(flux_err) AND flux_err > 0,True,Measurement-level observation eligible under DEC-006; no temporal fitting window applied.
AT2020wey,g,59220.349340300076,FLUX,1.5210593153559393e-05,4.601413111697035e-06,,,,AT2020wey.json,687,finite(flux) AND finite(flux_err) AND flux_err > 0,True,Measurement-level observation eligible under DEC-006; no temporal fitting window applied.
AT2020wey,g,59221.34819439985,FLUX,7.4792949691922405e-06,3.3667825670869683e-06,,,,AT2020wey.json,688,finite(flux) AND finite(flux_err) AND flux_err > 0,True,Measurement-level observation eligible under DEC-006; no temporal fitting window applied.
AT2020wey,g,59221.349131899886,FLUX,8.428387062344256e-06,3.1703886741442696e-06,,,,AT2020wey.json,689,finite(flux) AND finite(flux_err) AND flux_err > 0,True,Measurement-level observation eligible under DEC-006; no temporal fitting window applied.
AT2020wey,g,59222.391655100044,FLUX,9.61662560396081e-06,2.9113249946039817e-06,,,,AT2020wey.json,692,finite(flux) AND finite(flux_err) AND flux_err > 0,True,Measurement-level observation eligible under DEC-006; no temporal fitting window applied.
AT2020wey,g,59223.38828699989,FLUX,1.2794952232121464e-05,3.5514423329886596e-06,,,,AT2020wey.json,694,finite(flux) AND finite(flux_err) AND flux_err > 0,True,Measurement-level observation eligible under DEC-006; no temporal fitting window applied.
AT2020wey,g,59223.38922449993,FLUX,4.458885469789667e-06,3.628045046663983e-06,,,,AT2020wey.json,695,finite(flux) AND finite(flux_err) AND flux_err > 0,True,Measurement-level observation eligible under DEC-006; no temporal fitting window applied.
AT2020wey,g,59224.45033559995,FLUX,6.596338344920449e-06,4.926634410790732e-06,,,,AT2020wey.json,703,finite(flux) AND finite(flux_err) AND flux_err > 0,True,Measurement-level observation eligible under DEC-006; no temporal fitting window applied.
AT2020wey,g,59225.34495369997,FLUX,1.0873958728351447e-05,3.009391275627352e-06,,,,AT2020wey.json,704,finite(flux) AND finite(flux_err) AND flux_err > 0,True,Measurement-level observation eligible under DEC-006; no temporal fitting window applied.
AT2020wey,g,59225.345891200006,FLUX,8.792584433504594e-06,3.1473612972773633e-06,,,,AT2020wey.json,705,finite(flux) AND finite(flux_err) AND flux_err > 0,True,Measurement-level observation eligible under DEC-006; no temporal fitting window applied.
AT2020wey,g,59226.39153939998,FLUX,1.0831619130923765e-05,3.372947171985191e-06,,,,AT2020wey.json,706,finite(flux) AND finite(flux_err) AND flux_err > 0,True,Measurement-level observation eligible under DEC-006; no temporal fitting window applied.
AT2020wey,g,59227.43578700023,FLUX,5.333218215697708e-06,2.8874971175575157e-06,,,,AT2020wey.json,710,finite(flux) AND finite(flux_err) AND flux_err > 0,True,Measurement-level observation eligible under DEC-006; no temporal fitting window applied.
AT2020wey,g,59228.43278940022,FLUX,1.2571916010651791e-05,3.1528256538561105e-06,,,,AT2020wey.json,711,finite(flux) AND finite(flux_err) AND flux_err > 0,True,Measurement-level observation eligible under DEC-006; no temporal fitting window applied.
AT2020wey,g,59231.38249999983,FLUX,8.749247001097873e-06,3.128079664954642e-06,,,,AT2020wey.json,716,finite(flux) AND finite(flux_err) AND flux_err > 0,True,Measurement-level observation eligible under DEC-006; no temporal fitting window applied.
AT2020wey,g,59231.38343749987,FLUX,7.912292913614233e-06,3.1689283288516316e-06,,,,AT2020wey.json,717,finite(flux) AND finite(flux_err) AND flux_err > 0,True,Measurement-level observation eligible under DEC-006; no temporal fitting window applied.
AT2020wey,g,59232.39115739986,FLUX,1.3684076632807547e-05,2.663775977014037e-06,,,,AT2020wey.json,719,finite(flux) AND finite(flux_err) AND flux_err > 0,True,Measurement-level observation eligible under DEC-006; no temporal fitting window applied.
AT2020wey,g,59233.338634300046,FLUX,5.862052722311865e-06,3.3740552633730113e-06,,,,AT2020wey.json,720,finite(flux) AND finite(flux_err) AND flux_err > 0,True,Measurement-level observation eligible under DEC-006; no temporal fitting window applied.
AT2020wey,g,59233.33957180008,FLUX,6.1075085160260195e-06,3.822288648929852e-06,,,,AT2020wey.json,721,finite(flux) AND finite(flux_err) AND flux_err > 0,True,Measurement-level observation eligible under DEC-006; no temporal fitting window applied.
AT2020wey,g,59248.26324070012,FLUX,1.3214275194670072e-05,3.1320459877057736e-06,,,,AT2020wey.json,722,finite(flux) AND finite(flux_err) AND flux_err > 0,True,Measurement-level observation eligible under DEC-006; no temporal fitting window applied.
AT2020wey,g,59248.4066319,FLUX,2.25360255635908e-07,4.227557027628259e-06,,,,AT2020wey.json,724,finite(flux) AND finite(flux_err) AND flux_err > 0,True,Measurement-level observation eligible under DEC-006; no temporal fitting window applied.
AT2020wey,g,59248.47040509991,FLUX,-6.031715338830943e-06,5.7073450069335866e-06,,,,AT2020wey.json,726,finite(flux) AND finite(flux_err) AND flux_err > 0,True,Measurement-level observation eligible under DEC-006; no temporal fitting window applied.
AT2020wey,g,59249.45574070001,FLUX,3.122056840330299e-06,5.661268086409473e-06,,,,AT2020wey.json,731,finite(flux) AND finite(flux_err) AND flux_err > 0,True,Measurement-level observation eligible under DEC-006; no temporal fitting window applied.
AT2020wey,g,59250.28423610004,FLUX,9.09799900246932e-06,4.400776959550775e-06,,,,AT2020wey.json,733,finite(flux) AND finite(flux_err) AND flux_err > 0,True,Measurement-level observation eligible under DEC-006; no temporal fitting window applied.
AT2020wey,g,59250.309444400016,FLUX,5.9917169421016715e-06,3.7736129067817676e-06,,,,AT2020wey.json,734,finite(flux) AND finite(flux_err) AND flux_err > 0,True,Measurement-level observation eligible under DEC-006; no temporal fitting window applied.
AT2020wey,g,59250.31655090023,FLUX,-1.583696195367092e-06,3.659851514762485e-06,,,,AT2020wey.json,735,finite(flux) AND finite(flux_err) AND flux_err > 0,True,Measurement-level observation eligible under DEC-006; no temporal fitting window applied.
AT2020wey,g,59251.26498840004,FLUX,3.3089438248606197e-06,2.901981255277725e-06,,,,AT2020wey.json,738,finite(flux) AND finite(flux_err) AND flux_err > 0,True,Measurement-level observation eligible under DEC-006; no temporal fitting window applied.
AT2020wey,g,59251.361527800094,FLUX,2.589434589632748e-06,3.5429086960515993e-06,,,,AT2020wey.json,740,finite(flux) AND finite(flux_err) AND flux_err > 0,True,Measurement-level observation eligible under DEC-006; no temporal fitting window applied.
AT2020wey,g,59251.36248840019,FLUX,1.0295382322053921e-05,3.6111856879961727e-06,,,,AT2020wey.json,741,finite(flux) AND finite(flux_err) AND flux_err > 0,True,Measurement-level observation eligible under DEC-006; no temporal fitting window applied.
AT2020wey,g,59251.437627300154,FLUX,6.750616604151171e-06,3.314383776681001e-06,,,,AT2020wey.json,742,finite(flux) AND finite(flux_err) AND flux_err > 0,True,Measurement-level observation eligible under DEC-006; no temporal fitting window applied.
AT2020wey,g,59252.25871529989,FLUX,5.606154760148579e-06,2.683406136119748e-06,,,,AT2020wey.json,748,finite(flux) AND finite(flux_err) AND flux_err > 0,True,Measurement-level observation eligible under DEC-006; no temporal fitting window applied.
AT2020wey,g,59252.275659699924,FLUX,5.077284628966312e-06,2.9045840638959525e-06,,,,AT2020wey.json,749,finite(flux) AND finite(flux_err) AND flux_err > 0,True,Measurement-level observation eligible under DEC-006; no temporal fitting window applied.
AT2020wey,g,59252.3922917,FLUX,7.238924416739193e-06,2.9088407414364336e-06,,,,AT2020wey.json,751,finite(flux) AND finite(flux_err) AND flux_err > 0,True,Measurement-level observation eligible under DEC-006; no temporal fitting window applied.
AT2020wey,g,59253.249895799905,FLUX,1.0761761234051162e-05,3.2952850588979145e-06,,,,AT2020wey.json,752,finite(flux) AND finite(flux_err) AND flux_err > 0,True,Measurement-level observation eligible under DEC-006; no temporal fitting window applied.
AT2020wey,g,59253.26885419991,FLUX,4.978074224083117e-06,3.831430742244016e-06,,,,AT2020wey.json,753,finite(flux) AND finite(flux_err) AND flux_err > 0,True,Measurement-level observation eligible under DEC-006; no temporal fitting window applied.
AT2020wey,g,59253.269317099825,FLUX,4.351184951629572e-06,3.4509409358427578e-06,,,,AT2020wey.json,754,finite(flux) AND finite(flux_err) AND flux_err > 0,True,Measurement-level observation eligible under DEC-006; no temporal fitting window applied.
AT2020wey,g,59253.3655208,FLUX,8.07971733222964e-06,3.153343628976972e-06,,,,AT2020wey.json,758,finite(flux) AND finite(flux_err) AND flux_err > 0,True,Measurement-level observation eligible under DEC-006; no temporal fitting window applied.
AT2020wey,g,59253.36648150021,FLUX,6.606477381990297e-06,3.209292587198933e-06,,,,AT2020wey.json,759,finite(flux) AND finite(flux_err) AND flux_err > 0,True,Measurement-level observation eligible under DEC-006; no temporal fitting window applied.
AT2020wey,g,59253.367928199936,FLUX,-1.3941507534172475e-06,3.2078032248100518e-06,,,,AT2020wey.json,760,finite(flux) AND finite(flux_err) AND flux_err > 0,True,Measurement-level observation eligible under DEC-006; no temporal fitting window applied.
AT2020wey,g,59254.141655100044,FLUX,1.2573732696777063e-05,3.900406752309331e-06,,,,AT2020wey.json,762,finite(flux) AND finite(flux_err) AND flux_err > 0,True,Measurement-level observation eligible under DEC-006; no temporal fitting window applied.
AT2020wey,g,59254.28940969985,FLUX,6.7102587035580115e-06,2.4551221751436543e-06,,,,AT2020wey.json,764,finite(flux) AND finite(flux_err) AND flux_err > 0,True,Measurement-level observation eligible under DEC-006; no temporal fitting window applied.
AT2020wey,g,59254.30504629994,FLUX,6.850086211122948e-06,2.6745740511721075e-06,,,,AT2020wey.json,765,finite(flux) AND finite(flux_err) AND flux_err > 0,True,Measurement-level observation eligible under DEC-006; no temporal fitting window applied.
AT2020wey,g,59255.36722220015,FLUX,3.7427337121985654e-06,2.6569960854823876e-06,,,,AT2020wey.json,767,finite(flux) AND finite(flux_err) AND flux_err > 0,True,Measurement-level observation eligible under DEC-006; no temporal fitting window applied.
AT2020wey,g,59256.28187499987,FLUX,7.107771052548176e-06,2.8708409898241165e-06,,,,AT2020wey.json,772,finite(flux) AND finite(flux_err) AND flux_err > 0,True,Measurement-level observation eligible under DEC-006; no temporal fitting window applied.
AT2020wey,g,59256.30065969983,FLUX,4.1883478170573495e-06,3.3243173995759047e-06,,,,AT2020wey.json,773,finite(flux) AND finite(flux_err) AND flux_err > 0,True,Measurement-level observation eligible under DEC-006; no temporal fitting window applied.
AT2020wey,g,59256.30159719987,FLUX,5.677107976235388e-06,2.9703166849032617e-06,,,,AT2020wey.json,774,finite(flux) AND finite(flux_err) AND flux_err > 0,True,Measurement-level observation eligible under DEC-006; no temporal fitting window applied.
AT2020wey,g,59256.36576389987,FLUX,7.345880728400432e-06,5.077289004695497e-06,,,,AT2020wey.json,775,finite(flux) AND finite(flux_err) AND flux_err > 0,True,Measurement-level observation eligible under DEC-006; no temporal fitting window applied.
AT2020wey,g,59260.19637730019,FLUX,1.2345876956118107e-05,5.346561046536415e-06,,,,AT2020wey.json,779,finite(flux) AND finite(flux_err) AND flux_err > 0,True,Measurement-level observation eligible under DEC-006; no temporal fitting window applied.
AT2020wey,g,59260.29641199997,FLUX,1.1665196611806044e-05,4.281447391987056e-06,,,,AT2020wey.json,780,finite(flux) AND finite(flux_err) AND flux_err > 0,True,Measurement-level observation eligible under DEC-006; no temporal fitting window applied.
AT2020wey,g,59260.367013900075,FLUX,8.488184892956398e-07,3.999667464827059e-06,,,,AT2020wey.json,782,finite(flux) AND finite(flux_err) AND flux_err > 0,True,Measurement-level observation eligible under DEC-006; no temporal fitting window applied.
AT2020wey,g,59262.18373840023,FLUX,1.2501345056939716e-06,6.273921153598347e-06,,,,AT2020wey.json,786,finite(flux) AND finite(flux_err) AND flux_err > 0,True,Measurement-level observation eligible under DEC-006; no temporal fitting window applied.
AT2020wey,g,59262.184212999884,FLUX,2.851470595820641e-06,5.333896234526169e-06,,,,AT2020wey.json,787,finite(flux) AND finite(flux_err) AND flux_err > 0,True,Measurement-level observation eligible under DEC-006; no temporal fitting window applied.
AT2020wey,g,59262.30390049983,FLUX,2.921820842347589e-06,3.46900638590294e-06,,,,AT2020wey.json,789,finite(flux) AND finite(flux_err) AND flux_err > 0,True,Measurement-level observation eligible under DEC-006; no temporal fitting window applied.
AT2020wey,g,59263.346493099816,FLUX,-3.950239090301495e-07,5.1723155556500845e-06,,,,AT2020wey.json,792,finite(flux) AND finite(flux_err) AND flux_err > 0,True,Measurement-level observation eligible under DEC-006; no temporal fitting window applied.
AT2020wey,g,59264.27782410011,FLUX,5.220171944057527e-06,4.002955933914593e-06,,,,AT2020wey.json,794,finite(flux) AND finite(flux_err) AND flux_err > 0,True,Measurement-level observation eligible under DEC-006; no temporal fitting window applied.
AT2020wey,g,59265.383611099795,FLUX,-2.7601809224573845e-06,4.13038885179927e-06,,,,AT2020wey.json,797,finite(flux) AND finite(flux_err) AND flux_err > 0,True,Measurement-level observation eligible under DEC-006; no temporal fitting window applied.
AT2020wey,g,59265.38456019992,FLUX,5.006644527535644e-06,3.124752479707602e-06,,,,AT2020wey.json,798,finite(flux) AND finite(flux_err) AND flux_err > 0,True,Measurement-level observation eligible under DEC-006; no temporal fitting window applied.
AT2020wey,g,59266.287268499844,FLUX,1.2834260841374454e-05,7.94552656871357e-06,,,,AT2020wey.json,800,finite(flux) AND finite(flux_err) AND flux_err > 0,True,Measurement-level observation eligible under DEC-006; no temporal fitting window applied.
AT2020wey,g,59267.28218750004,FLUX,2.5320066845275492e-06,6.731877506434653e-06,,,,AT2020wey.json,801,finite(flux) AND finite(flux_err) AND flux_err > 0,True,Measurement-level observation eligible under DEC-006; no temporal fitting window applied.
AT2020wey,g,59267.283125000075,FLUX,4.083112666902573e-07,6.973933148830815e-06,,,,AT2020wey.json,802,finite(flux) AND finite(flux_err) AND flux_err > 0,True,Measurement-level observation eligible under DEC-006; no temporal fitting window applied.
AT2020wey,g,59268.20462960005,FLUX,9.55125911990405e-06,6.309135039123704e-06,,,,AT2020wey.json,805,finite(flux) AND finite(flux_err) AND flux_err > 0,True,Measurement-level observation eligible under DEC-006; no temporal fitting window applied.
AT2020wey,g,59268.30659720022,FLUX,1.0023814388090807e-05,7.24366643267878e-06,,,,AT2020wey.json,807,finite(flux) AND finite(flux_err) AND flux_err > 0,True,Measurement-level observation eligible under DEC-006; no temporal fitting window applied.
AT2020wey,g,59268.30707179988,FLUX,1.1470730243149483e-05,7.231095405497515e-06,,,,AT2020wey.json,808,finite(flux) AND finite(flux_err) AND flux_err > 0,True,Measurement-level observation eligible under DEC-006; no temporal fitting window applied.
AT2020wey,g,59269.27539349999,FLUX,1.3044371126307706e-05,7.4496262825730526e-06,,,,AT2020wey.json,809,finite(flux) AND finite(flux_err) AND flux_err > 0,True,Measurement-level observation eligible under DEC-006; no temporal fitting window applied.
AT2020wey,g,59269.27633100003,FLUX,1.428040277573355e-05,7.0658313487215035e-06,,,,AT2020wey.json,810,finite(flux) AND finite(flux_err) AND flux_err > 0,True,Measurement-level observation eligible under DEC-006; no temporal fitting window applied.
AT2020wey,g,59271.383784700185,FLUX,-7.912651625267652e-06,1.918510956202409e-05,,,,AT2020wey.json,814,finite(flux) AND finite(flux_err) AND flux_err > 0,True,Measurement-level observation eligible under DEC-006; no temporal fitting window applied.
AT2020wey,g,59271.385856499895,FLUX,1.8680477117985027e-05,1.4893869545051742e-05,,,,AT2020wey.json,815,finite(flux) AND finite(flux_err) AND flux_err > 0,True,Measurement-level observation eligible under DEC-006; no temporal fitting window applied.
AT2020wey,g,59273.29770829994,FLUX,1.2867104612259069e-05,1.4235981105464698e-05,,,,AT2020wey.json,819,finite(flux) AND finite(flux_err) AND flux_err > 0,True,Measurement-level observation eligible under DEC-006; no temporal fitting window applied.
AT2020wey,g,59273.29913190007,FLUX,4.49197871729555e-06,1.5041057143507708e-05,,,,AT2020wey.json,820,finite(flux) AND finite(flux_err) AND flux_err > 0,True,Measurement-level observation eligible under DEC-006; no temporal fitting window applied.
AT2020wey,g,59273.32462960016,FLUX,4.127575278736422e-05,1.8968021945191367e-05,,,,AT2020wey.json,821,finite(flux) AND finite(flux_err) AND flux_err > 0,True,Measurement-level observation eligible under DEC-006; no temporal fitting window applied.
AT2020wey,g,59275.17780089984,FLUX,5.297041463032232e-06,3.872843992031932e-06,,,,AT2020wey.json,823,finite(flux) AND finite(flux_err) AND flux_err > 0,True,Measurement-level observation eligible under DEC-006; no temporal fitting window applied.
AT2020wey,g,59275.18124999991,FLUX,-7.563732614875506e-07,4.75357049722618e-06,,,,AT2020wey.json,824,finite(flux) AND finite(flux_err) AND flux_err > 0,True,Measurement-level observation eligible under DEC-006; no temporal fitting window applied.
AT2020wey,g,59276.239340300206,FLUX,2.791298990038216e-06,3.657431832300432e-06,,,,AT2020wey.json,827,finite(flux) AND finite(flux_err) AND flux_err > 0,True,Measurement-level observation eligible under DEC-006; no temporal fitting window applied.
AT2020wey,g,59278.245833300054,FLUX,-1.8697978700084525e-06,4.715441029472989e-06,,,,AT2020wey.json,831,finite(flux) AND finite(flux_err) AND flux_err > 0,True,Measurement-level observation eligible under DEC-006; no temporal fitting window applied.
AT2020wey,g,59278.24677080009,FLUX,-7.665714858566517e-06,5.180959337486817e-06,,,,AT2020wey.json,832,finite(flux) AND finite(flux_err) AND flux_err > 0,True,Measurement-level observation eligible under DEC-006; no temporal fitting window applied.
AT2020wey,g,59281.33924769983,FLUX,1.5443109442802583e-06,3.69126642442697e-06,,,,AT2020wey.json,834,finite(flux) AND finite(flux_err) AND flux_err > 0,True,Measurement-level observation eligible under DEC-006; no temporal fitting window applied.
AT2020wey,g,59290.22425930016,FLUX,9.313135772567166e-07,3.2107089387063184e-06,,,,AT2020wey.json,835,finite(flux) AND finite(flux_err) AND flux_err > 0,True,Measurement-level observation eligible under DEC-006; no temporal fitting window applied.
AT2020wey,g,59292.28171300003,FLUX,3.3168027193277174e-06,3.8303558483544e-06,,,,AT2020wey.json,840,finite(flux) AND finite(flux_err) AND flux_err > 0,True,Measurement-level observation eligible under DEC-006; no temporal fitting window applied.
AT2020wey,g,59293.28348380001,FLUX,-4.136375781735941e-06,3.399500749842934e-06,,,,AT2020wey.json,843,finite(flux) AND finite(flux_err) AND flux_err > 0,True,Measurement-level observation eligible under DEC-006; no temporal fitting window applied.
AT2020wey,g,59293.28442130005,FLUX,-2.5797136559582985e-06,3.821681518238145e-06,,,,AT2020wey.json,844,finite(flux) AND finite(flux_err) AND flux_err > 0,True,Measurement-level observation eligible under DEC-006; no temporal fitting window applied.
AT2020wey,g,59294.24074070016,FLUX,5.473563566228643e-06,5.3290980257981425e-06,,,,AT2020wey.json,846,finite(flux) AND finite(flux_err) AND flux_err > 0,True,Measurement-level observation eligible under DEC-006; no temporal fitting window applied.
AT2020wey,g,59295.25521990005,FLUX,2.2723651716289952e-06,6.799786523184764e-06,,,,AT2020wey.json,847,finite(flux) AND finite(flux_err) AND flux_err > 0,True,Measurement-level observation eligible under DEC-006; no temporal fitting window applied.
AT2020wey,g,59296.299050900154,FLUX,-2.0342779778117727e-05,1.0971835882915146e-05,,,,AT2020wey.json,848,finite(flux) AND finite(flux_err) AND flux_err > 0,True,Measurement-level observation eligible under DEC-006; no temporal fitting window applied.
AT2020wey,g,59301.26148150023,FLUX,2.4420459281569143e-05,1.2902243894717862e-05,,,,AT2020wey.json,851,finite(flux) AND finite(flux_err) AND flux_err > 0,True,Measurement-level observation eligible under DEC-006; no temporal fitting window applied.
AT2020wey,g,59302.18454860011,FLUX,1.0104826279881329e-05,8.65674178421957e-06,,,,AT2020wey.json,852,finite(flux) AND finite(flux_err) AND flux_err > 0,True,Measurement-level observation eligible under DEC-006; no temporal fitting window applied.
AT2020wey,g,59302.18548610015,FLUX,1.3358889546796856e-05,8.447236611335938e-06,,,,AT2020wey.json,853,finite(flux) AND finite(flux_err) AND flux_err > 0,True,Measurement-level observation eligible under DEC-006; no temporal fitting window applied.
AT2020wey,g,59303.26440969994,FLUX,6.154004608650515e-06,8.449488320772822e-06,,,,AT2020wey.json,856,finite(flux) AND finite(flux_err) AND flux_err > 0,True,Measurement-level observation eligible under DEC-006; no temporal fitting window applied.
AT2020wey,g,59304.19527779985,FLUX,5.117891347490721e-06,4.582038455872039e-06,,,,AT2020wey.json,860,finite(flux) AND finite(flux_err) AND flux_err > 0,True,Measurement-level observation eligible under DEC-006; no temporal fitting window applied.
AT2020wey,g,59304.22365739988,FLUX,2.8128016946828547e-06,6.963814941678995e-06,,,,AT2020wey.json,861,finite(flux) AND finite(flux_err) AND flux_err > 0,True,Measurement-level observation eligible under DEC-006; no temporal fitting window applied.
AT2020wey,g,59306.2808333002,FLUX,1.6186435481541772e-07,3.191740218925201e-06,,,,AT2020wey.json,864,finite(flux) AND finite(flux_err) AND flux_err > 0,True,Measurement-level observation eligible under DEC-006; no temporal fitting window applied.
AT2020wey,g,59306.281770799775,FLUX,-2.6292663906844634e-06,3.5607127564670215e-06,,,,AT2020wey.json,865,finite(flux) AND finite(flux_err) AND flux_err > 0,True,Measurement-level observation eligible under DEC-006; no temporal fitting window applied.
AT2020wey,g,59307.1629050998,FLUX,6.780667292376778e-06,2.903899714527953e-06,,,,AT2020wey.json,866,finite(flux) AND finite(flux_err) AND flux_err > 0,True,Measurement-level observation eligible under DEC-006; no temporal fitting window applied.
AT2020wey,g,59308.26159719983,FLUX,7.643124809170163e-06,3.286745655074635e-06,,,,AT2020wey.json,869,finite(flux) AND finite(flux_err) AND flux_err > 0,True,Measurement-level observation eligible under DEC-006; no temporal fitting window applied.
AT2020wey,g,59309.18600689992,FLUX,9.83007502816511e-06,3.5881587619326227e-06,,,,AT2020wey.json,870,finite(flux) AND finite(flux_err) AND flux_err > 0,True,Measurement-level observation eligible under DEC-006; no temporal fitting window applied.
AT2020wey,g,59310.24012729991,FLUX,3.922504018634802e-06,3.1575378692672832e-06,,,,AT2020wey.json,872,finite(flux) AND finite(flux_err) AND flux_err > 0,True,Measurement-level observation eligible under DEC-006; no temporal fitting window applied.
AT2020wey,g,59310.241088000126,FLUX,7.457610841097592e-06,3.5377109944629394e-06,,,,AT2020wey.json,873,finite(flux) AND finite(flux_err) AND flux_err > 0,True,Measurement-level observation eligible under DEC-006; no temporal fitting window applied.
AT2020wey,g,59312.23951390013,FLUX,1.0272087372073504e-06,4.190285258738969e-06,,,,AT2020wey.json,876,finite(flux) AND finite(flux_err) AND flux_err > 0,True,Measurement-level observation eligible under DEC-006; no temporal fitting window applied.
AT2020wey,g,59314.24008100014,FLUX,-8.688601903174788e-07,3.4933921755271717e-06,,,,AT2020wey.json,878,finite(flux) AND finite(flux_err) AND flux_err > 0,True,Measurement-level observation eligible under DEC-006; no temporal fitting window applied.
AT2020wey,g,59316.32466439996,FLUX,5.83963357022451e-06,3.2989060638790554e-06,,,,AT2020wey.json,881,finite(flux) AND finite(flux_err) AND flux_err > 0,True,Measurement-level observation eligible under DEC-006; no temporal fitting window applied.
AT2020wey,g,59321.240335599985,FLUX,-2.1556197130573937e-06,3.5216532974462995e-06,,,,AT2020wey.json,883,finite(flux) AND finite(flux_err) AND flux_err > 0,True,Measurement-level observation eligible under DEC-006; no temporal fitting window applied.
AT2020wey,g,59323.1869907002,FLUX,3.0606657753433052e-06,6.036639820163824e-06,,,,AT2020wey.json,885,finite(flux) AND finite(flux_err) AND flux_err > 0,True,Measurement-level observation eligible under DEC-006; no temporal fitting window applied.
AT2020wey,g,59324.183379599825,FLUX,-5.7533684244591466e-06,6.204461155149219e-06,,,,AT2020wey.json,887,finite(flux) AND finite(flux_err) AND flux_err > 0,True,Measurement-level observation eligible under DEC-006; no temporal fitting window applied.
AT2020wey,g,59328.220613399986,FLUX,6.096595069922514e-06,9.31669453365427e-06,,,,AT2020wey.json,891,finite(flux) AND finite(flux_err) AND flux_err > 0,True,Measurement-level observation eligible under DEC-006; no temporal fitting window applied.
AT2020wey,g,59329.301944400184,FLUX,-1.2753000560172187e-05,1.0847812046581021e-05,,,,AT2020wey.json,895,finite(flux) AND finite(flux_err) AND flux_err > 0,True,Measurement-level observation eligible under DEC-006; no temporal fitting window applied.
AT2020wey,g,59329.30386570003,FLUX,9.172975027554028e-06,1.3706960688679806e-05,,,,AT2020wey.json,896,finite(flux) AND finite(flux_err) AND flux_err > 0,True,Measurement-level observation eligible under DEC-006; no temporal fitting window applied.
AT2020wey,g,59329.326597199775,FLUX,6.3036863067006245e-06,1.388014920780332e-05,,,,AT2020wey.json,897,finite(flux) AND finite(flux_err) AND flux_err > 0,True,Measurement-level observation eligible under DEC-006; no temporal fitting window applied.
AT2020wey,g,59334.18209489994,FLUX,3.2967268402233563e-06,3.5725735209146884e-06,,,,AT2020wey.json,898,finite(flux) AND finite(flux_err) AND flux_err > 0,True,Measurement-level observation eligible under DEC-006; no temporal fitting window applied.
AT2020wey,g,59336.23361109989,FLUX,1.5322076234471798e-06,3.5193387694271984e-06,,,,AT2020wey.json,902,finite(flux) AND finite(flux_err) AND flux_err > 0,True,Measurement-level observation eligible under DEC-006; no temporal fitting window applied.
AT2020wey,g,59338.20171299996,FLUX,3.679210564455395e-06,3.755102725535731e-06,,,,AT2020wey.json,904,finite(flux) AND finite(flux_err) AND flux_err > 0,True,Measurement-level observation eligible under DEC-006; no temporal fitting window applied.
AT2020wey,g,59340.178993099835,FLUX,7.398082709998694e-06,3.6500876482445038e-06,,,,AT2020wey.json,906,finite(flux) AND finite(flux_err) AND flux_err > 0,True,Measurement-level observation eligible under DEC-006; no temporal fitting window applied.
AT2020wey,g,59340.20396990003,FLUX,-1.8740369079427402e-06,3.638856351710473e-06,,,,AT2020wey.json,907,finite(flux) AND finite(flux_err) AND flux_err > 0,True,Measurement-level observation eligible under DEC-006; no temporal fitting window applied.
AT2020wey,g,59342.243182899896,FLUX,4.807094566718388e-07,3.7664866712058878e-06,,,,AT2020wey.json,910,finite(flux) AND finite(flux_err) AND flux_err > 0,True,Measurement-level observation eligible under DEC-006; no temporal fitting window applied.
AT2020wey,g,59344.26252309978,FLUX,-4.7947376730554135e-06,3.396649778915105e-06,,,,AT2020wey.json,913,finite(flux) AND finite(flux_err) AND flux_err > 0,True,Measurement-level observation eligible under DEC-006; no temporal fitting window applied.
AT2020wey,g,59346.184155100025,FLUX,-1.495913354949908e-06,3.366557344147218e-06,,,,AT2020wey.json,914,finite(flux) AND finite(flux_err) AND flux_err > 0,True,Measurement-level observation eligible under DEC-006; no temporal fitting window applied.
AT2020wey,g,59348.23880789988,FLUX,6.888133699957119e-06,3.5388151137030822e-06,,,,AT2020wey.json,917,finite(flux) AND finite(flux_err) AND flux_err > 0,True,Measurement-level observation eligible under DEC-006; no temporal fitting window applied.
AT2020wey,g,59349.198009300046,FLUX,7.237963366289552e-06,4.90617194335031e-06,,,,AT2020wey.json,918,finite(flux) AND finite(flux_err) AND flux_err > 0,True,Measurement-level observation eligible under DEC-006; no temporal fitting window applied.
AT2020wey,g,59350.20019679982,FLUX,-2.7321055231114254e-06,5.296907638086519e-06,,,,AT2020wey.json,919,finite(flux) AND finite(flux_err) AND flux_err > 0,True,Measurement-level observation eligible under DEC-006; no temporal fitting window applied.
AT2020wey,g,59353.215729199816,FLUX,-9.720222724604737e-07,6.046877052454226e-06,,,,AT2020wey.json,923,finite(flux) AND finite(flux_err) AND flux_err > 0,True,Measurement-level observation eligible under DEC-006; no temporal fitting window applied.
AT2020wey,g,59353.21666669985,FLUX,-8.537408895235669e-07,6.477525788049227e-06,,,,AT2020wey.json,924,finite(flux) AND finite(flux_err) AND flux_err > 0,True,Measurement-level observation eligible under DEC-006; no temporal fitting window applied.
AT2020wey,g,59358.267523100134,FLUX,2.7015659982743097e-06,1.5126443002063309e-05,,,,AT2020wey.json,929,finite(flux) AND finite(flux_err) AND flux_err > 0,True,Measurement-level observation eligible under DEC-006; no temporal fitting window applied.
AT2020wey,g,59361.25754630007,FLUX,-5.723617767493831e-06,1.3342898755055368e-05,,,,AT2020wey.json,931,finite(flux) AND finite(flux_err) AND flux_err > 0,True,Measurement-level observation eligible under DEC-006; no temporal fitting window applied.
AT2020wey,g,59487.47333330009,FLUX,1.1616097591896272e-05,7.670459488316705e-06,,,,AT2020wey.json,952,finite(flux) AND finite(flux_err) AND flux_err > 0,True,Measurement-level observation eligible under DEC-006; no temporal fitting window applied.
AT2020wey,g,59500.4525462999,FLUX,3.948410837787468e-06,4.994321588090637e-06,,,,AT2020wey.json,955,finite(flux) AND finite(flux_err) AND flux_err > 0,True,Measurement-level observation eligible under DEC-006; no temporal fitting window applied.
AT2020wey,g,59501.42476850003,FLUX,2.505629107012307e-06,3.5156302875949345e-06,,,,AT2020wey.json,957,finite(flux) AND finite(flux_err) AND flux_err > 0,True,Measurement-level observation eligible under DEC-006; no temporal fitting window applied.
AT2020wey,g,59501.44989580009,FLUX,3.817036169454087e-06,3.2062607704077116e-06,,,,AT2020wey.json,958,finite(flux) AND finite(flux_err) AND flux_err > 0,True,Measurement-level observation eligible under DEC-006; no temporal fitting window applied.
AT2020wey,g,59502.42884259997,FLUX,3.260190066735374e-06,7.0126960345567865e-06,,,,AT2020wey.json,961,finite(flux) AND finite(flux_err) AND flux_err > 0,True,Measurement-level observation eligible under DEC-006; no temporal fitting window applied.
AT2020wey,g,59502.47283559991,FLUX,-5.278530198429882e-06,5.0644077852059306e-06,,,,AT2020wey.json,962,finite(flux) AND finite(flux_err) AND flux_err > 0,True,Measurement-level observation eligible under DEC-006; no temporal fitting window applied.
AT2020wey,g,59503.47457179986,FLUX,5.029082425466814e-06,4.635434504118992e-06,,,,AT2020wey.json,966,finite(flux) AND finite(flux_err) AND flux_err > 0,True,Measurement-level observation eligible under DEC-006; no temporal fitting window applied.
AT2020wey,g,59503.48716440005,FLUX,3.3101388626006328e-06,4.403102789004426e-06,,,,AT2020wey.json,967,finite(flux) AND finite(flux_err) AND flux_err > 0,True,Measurement-level observation eligible under DEC-006; no temporal fitting window applied.
AT2020wey,g,59503.50814810023,FLUX,-3.7102601548675535e-06,4.317497205428714e-06,,,,AT2020wey.json,968,finite(flux) AND finite(flux_err) AND flux_err > 0,True,Measurement-level observation eligible under DEC-006; no temporal fitting window applied.
AT2020wey,g,59504.43533559982,FLUX,8.117636901150613e-07,6.276341389867618e-06,,,,AT2020wey.json,969,finite(flux) AND finite(flux_err) AND flux_err > 0,True,Measurement-level observation eligible under DEC-006; no temporal fitting window applied.
AT2020wey,g,59504.512569400016,FLUX,8.335915151596082e-06,3.02224940354458e-06,,,,AT2020wey.json,970,finite(flux) AND finite(flux_err) AND flux_err > 0,True,Measurement-level observation eligible under DEC-006; no temporal fitting window applied.
AT2020wey,g,59512.415358799975,FLUX,1.417846187087864e-06,8.006521428939693e-06,,,,AT2020wey.json,973,finite(flux) AND finite(flux_err) AND flux_err > 0,True,Measurement-level observation eligible under DEC-006; no temporal fitting window applied.
AT2020wey,g,59512.42333329981,FLUX,-1.4763364030442932e-06,6.434906659490299e-06,,,,AT2020wey.json,974,finite(flux) AND finite(flux_err) AND flux_err > 0,True,Measurement-level observation eligible under DEC-006; no temporal fitting window applied.
AT2020wey,g,59512.50026619993,FLUX,3.7264384462013405e-06,5.773486677695096e-06,,,,AT2020wey.json,976,finite(flux) AND finite(flux_err) AND flux_err > 0,True,Measurement-level observation eligible under DEC-006; no temporal fitting window applied.
AT2020wey,g,59517.463437499944,FLUX,-1.732868671891627e-06,3.5208414369527945e-06,,,,AT2020wey.json,978,finite(flux) AND finite(flux_err) AND flux_err > 0,True,Measurement-level observation eligible under DEC-006; no temporal fitting window applied.
AT2020wey,g,59518.45578699978,FLUX,3.8354469237776164e-07,3.284555147838397e-06,,,,AT2020wey.json,980,finite(flux) AND finite(flux_err) AND flux_err > 0,True,Measurement-level observation eligible under DEC-006; no temporal fitting window applied.
AT2020wey,g,59521.509108799975,FLUX,1.2868246158351493e-07,3.3493229293576384e-06,,,,AT2020wey.json,985,finite(flux) AND finite(flux_err) AND flux_err > 0,True,Measurement-level observation eligible under DEC-006; no temporal fitting window applied.
AT2020wey,g,59521.5100579001,FLUX,1.9059251291968325e-07,3.187054685382336e-06,,,,AT2020wey.json,986,finite(flux) AND finite(flux_err) AND flux_err > 0,True,Measurement-level observation eligible under DEC-006; no temporal fitting window applied.
AT2020wey,g,59521.524155099876,FLUX,-2.364745833922107e-06,3.0787152616687474e-06,,,,AT2020wey.json,987,finite(flux) AND finite(flux_err) AND flux_err > 0,True,Measurement-level observation eligible under DEC-006; no temporal fitting window applied.
AT2020wey,g,59522.36714120023,FLUX,3.722842032484596e-06,3.1675223342819727e-06,,,,AT2020wey.json,988,finite(flux) AND finite(flux_err) AND flux_err > 0,True,Measurement-level observation eligible under DEC-006; no temporal fitting window applied.
AT2020wey,g,59522.513159700204,FLUX,1.5494835599689334e-06,2.746079382608666e-06,,,,AT2020wey.json,991,finite(flux) AND finite(flux_err) AND flux_err > 0,True,Measurement-level observation eligible under DEC-006; no temporal fitting window applied.
AT2020wey,g,59523.36079860013,FLUX,3.581229842106718e-06,3.3047547565334934e-06,,,,AT2020wey.json,992,finite(flux) AND finite(flux_err) AND flux_err > 0,True,Measurement-level observation eligible under DEC-006; no temporal fitting window applied.
AT2020wey,g,59523.45285880007,FLUX,-5.891402626411733e-06,2.7395364274013055e-06,,,,AT2020wey.json,993,finite(flux) AND finite(flux_err) AND flux_err > 0,True,Measurement-level observation eligible under DEC-006; no temporal fitting window applied.
AT2020wey,g,59523.53237270005,FLUX,3.4364445240746555e-07,3.0346727563148953e-06,,,,AT2020wey.json,996,finite(flux) AND finite(flux_err) AND flux_err > 0,True,Measurement-level observation eligible under DEC-006; no temporal fitting window applied.
AT2020wey,g,59524.514953699894,FLUX,2.0813818283946913e-06,2.6828952785398473e-06,,,,AT2020wey.json,999,finite(flux) AND finite(flux_err) AND flux_err > 0,True,Measurement-level observation eligible under DEC-006; no temporal fitting window applied.
AT2020wey,g,59524.549571800046,FLUX,7.4095758969984934e-06,5.326918804191085e-06,,,,AT2020wey.json,1000,finite(flux) AND finite(flux_err) AND flux_err > 0,True,Measurement-level observation eligible under DEC-006; no temporal fitting window applied.
AT2020wey,g,59525.472048600204,FLUX,-3.993073003819948e-06,2.9255465913879143e-06,,,,AT2020wey.json,1004,finite(flux) AND finite(flux_err) AND flux_err > 0,True,Measurement-level observation eligible under DEC-006; no temporal fitting window applied.
AT2020wey,g,59525.49156250013,FLUX,-7.171814774925913e-07,2.514953060154857e-06,,,,AT2020wey.json,1005,finite(flux) AND finite(flux_err) AND flux_err > 0,True,Measurement-level observation eligible under DEC-006; no temporal fitting window applied.
AT2020wey,g,59525.49250000017,FLUX,3.4672827455473597e-06,2.4554541426585066e-06,,,,AT2020wey.json,1006,finite(flux) AND finite(flux_err) AND flux_err > 0,True,Measurement-level observation eligible under DEC-006; no temporal fitting window applied.
AT2020wey,g,59526.361828700174,FLUX,3.506517964422718e-06,3.196384865870632e-06,,,,AT2020wey.json,1008,finite(flux) AND finite(flux_err) AND flux_err > 0,True,Measurement-level observation eligible under DEC-006; no temporal fitting window applied.
AT2020wey,g,59526.45796300005,FLUX,-9.410356163897533e-07,2.97148708425959e-06,,,,AT2020wey.json,1009,finite(flux) AND finite(flux_err) AND flux_err > 0,True,Measurement-level observation eligible under DEC-006; no temporal fitting window applied.
AT2020wey,g,59529.386736100074,FLUX,-1.8417226839733301e-06,4.447817430918483e-06,,,,AT2020wey.json,1012,finite(flux) AND finite(flux_err) AND flux_err > 0,True,Measurement-level observation eligible under DEC-006; no temporal fitting window applied.
AT2020wey,g,59529.518368099816,FLUX,-4.3489738162298704e-06,4.659686657970568e-06,,,,AT2020wey.json,1014,finite(flux) AND finite(flux_err) AND flux_err > 0,True,Measurement-level observation eligible under DEC-006; no temporal fitting window applied.
AT2020wey,g,59530.428310200106,FLUX,2.563537992366091e-06,4.786236095061537e-06,,,,AT2020wey.json,1017,finite(flux) AND finite(flux_err) AND flux_err > 0,True,Measurement-level observation eligible under DEC-006; no temporal fitting window applied.
AT2020wey,g,59530.429293999914,FLUX,4.729289970457467e-06,5.615417352967725e-06,,,,AT2020wey.json,1018,finite(flux) AND finite(flux_err) AND flux_err > 0,True,Measurement-level observation eligible under DEC-006; no temporal fitting window applied.
AT2020wey,g,59531.32927080011,FLUX,8.261637924917285e-06,6.516896218854736e-06,,,,AT2020wey.json,1019,finite(flux) AND finite(flux_err) AND flux_err > 0,True,Measurement-level observation eligible under DEC-006; no temporal fitting window applied.
AT2020wey,g,59531.370763900224,FLUX,7.920532776113468e-06,3.9722773358510035e-06,,,,AT2020wey.json,1020,finite(flux) AND finite(flux_err) AND flux_err > 0,True,Measurement-level observation eligible under DEC-006; no temporal fitting window applied.
AT2020wey,g,59532.41056710016,FLUX,1.5680472803031356e-06,4.034992006061354e-06,,,,AT2020wey.json,1023,finite(flux) AND finite(flux_err) AND flux_err > 0,True,Measurement-level observation eligible under DEC-006; no temporal fitting window applied.
AT2020wey,g,59532.49446759978,FLUX,-2.6574248869552207e-06,3.3305359812514143e-06,,,,AT2020wey.json,1026,finite(flux) AND finite(flux_err) AND flux_err > 0,True,Measurement-level observation eligible under DEC-006; no temporal fitting window applied.
AT2020wey,g,59536.31460649986,FLUX,4.641905052578176e-06,1.3374891530222762e-05,,,,AT2020wey.json,1027,finite(flux) AND finite(flux_err) AND flux_err > 0,True,Measurement-level observation eligible under DEC-006; no temporal fitting window applied.
AT2020wey,g,59536.31752309995,FLUX,1.7605815232461797e-05,1.6957997493521288e-05,,,,AT2020wey.json,1028,finite(flux) AND finite(flux_err) AND flux_err > 0,True,Measurement-level observation eligible under DEC-006; no temporal fitting window applied.
AT2020wey,g,59536.45315970015,FLUX,1.2659484875399312e-05,7.902560038570608e-06,,,,AT2020wey.json,1030,finite(flux) AND finite(flux_err) AND flux_err > 0,True,Measurement-level observation eligible under DEC-006; no temporal fitting window applied.
AT2020wey,g,59537.41590279993,FLUX,2.696585330089134e-06,5.69808177988687e-06,,,,AT2020wey.json,1032,finite(flux) AND finite(flux_err) AND flux_err > 0,True,Measurement-level observation eligible under DEC-006; no temporal fitting window applied.
AT2020wey,g,59537.423692100216,FLUX,4.122176272816221e-06,6.392833225561875e-06,,,,AT2020wey.json,1033,finite(flux) AND finite(flux_err) AND flux_err > 0,True,Measurement-level observation eligible under DEC-006; no temporal fitting window applied.
AT2020wey,g,59538.31917819986,FLUX,1.6759907186862052e-05,1.1645005486288493e-05,,,,AT2020wey.json,1034,finite(flux) AND finite(flux_err) AND flux_err > 0,True,Measurement-level observation eligible under DEC-006; no temporal fitting window applied.
AT2020wey,g,59538.50693289982,FLUX,-1.7847502521491341e-06,6.766350490659795e-06,,,,AT2020wey.json,1038,finite(flux) AND finite(flux_err) AND flux_err > 0,True,Measurement-level observation eligible under DEC-006; no temporal fitting window applied.
AT2020wey,g,59540.375682900194,FLUX,2.3695143648830616e-05,1.2364526655068327e-05,,,,AT2020wey.json,1039,finite(flux) AND finite(flux_err) AND flux_err > 0,True,Measurement-level observation eligible under DEC-006; no temporal fitting window applied.
AT2020wey,g,59540.44496530015,FLUX,3.588986862619916e-06,8.515682954669576e-06,,,,AT2020wey.json,1040,finite(flux) AND finite(flux_err) AND flux_err > 0,True,Measurement-level observation eligible under DEC-006; no temporal fitting window applied.
AT2020wey,g,59550.287118100096,FLUX,7.360888046643671e-06,4.490019248675975e-06,,,,AT2020wey.json,1042,finite(flux) AND finite(flux_err) AND flux_err > 0,True,Measurement-level observation eligible under DEC-006; no temporal fitting window applied.
AT2020wey,g,59550.28805560013,FLUX,-7.12716482960758e-07,3.633130469193422e-06,,,,AT2020wey.json,1043,finite(flux) AND finite(flux_err) AND flux_err > 0,True,Measurement-level observation eligible under DEC-006; no temporal fitting window applied.
AT2020wey,g,59550.430439800024,FLUX,2.6552562661941943e-06,3.0933830155889003e-06,,,,AT2020wey.json,1047,finite(flux) AND finite(flux_err) AND flux_err > 0,True,Measurement-level observation eligible under DEC-006; no temporal fitting window applied.
AT2020wey,g,59600.458368100226,FLUX,7.876506090950579e-06,6.382121972344918e-06,,,,AT2020wey.json,1049,finite(flux) AND finite(flux_err) AND flux_err > 0,True,Measurement-level observation eligible under DEC-006; no temporal fitting window applied.
AT2020wey,g,59622.16466439981,FLUX,4.434706007450193e-06,8.889687873433897e-06,,,,AT2020wey.json,1050,finite(flux) AND finite(flux_err) AND flux_err > 0,True,Measurement-level observation eligible under DEC-006; no temporal fitting window applied.
AT2020wey,g,59622.30018519983,FLUX,6.489258701297413e-06,7.643563158035946e-06,,,,AT2020wey.json,1052,finite(flux) AND finite(flux_err) AND flux_err > 0,True,Measurement-level observation eligible under DEC-006; no temporal fitting window applied.
AT2020wey,g,59622.3828125,FLUX,-1.2781162758233936e-05,9.822368942872296e-06,,,,AT2020wey.json,1054,finite(flux) AND finite(flux_err) AND flux_err > 0,True,Measurement-level observation eligible under DEC-006; no temporal fitting window applied.
AT2020wey,g,59622.386759299785,FLUX,3.1505923784371317e-06,7.974947405871208e-06,,,,AT2020wey.json,1055,finite(flux) AND finite(flux_err) AND flux_err > 0,True,Measurement-level observation eligible under DEC-006; no temporal fitting window applied.
AT2020wey,g,59623.22585650021,FLUX,-1.4851965416504864e-06,8.852861822785544e-06,,,,AT2020wey.json,1057,finite(flux) AND finite(flux_err) AND flux_err > 0,True,Measurement-level observation eligible under DEC-006; no temporal fitting window applied.
AT2020wey,g,59623.423819399904,FLUX,6.427341952417762e-07,7.839434341787067e-06,,,,AT2020wey.json,1059,finite(flux) AND finite(flux_err) AND flux_err > 0,True,Measurement-level observation eligible under DEC-006; no temporal fitting window applied.
AT2020wey,g,59624.23703699978,FLUX,2.4029197191120417e-06,7.011240126225693e-06,,,,AT2020wey.json,1060,finite(flux) AND finite(flux_err) AND flux_err > 0,True,Measurement-level observation eligible under DEC-006; no temporal fitting window applied.
AT2020wey,g,59624.27975689992,FLUX,1.4372075520318349e-05,8.971704601369915e-06,,,,AT2020wey.json,1061,finite(flux) AND finite(flux_err) AND flux_err > 0,True,Measurement-level observation eligible under DEC-006; no temporal fitting window applied.
AT2020wey,g,59624.304236100055,FLUX,1.1314666408064354e-05,8.33090008536288e-06,,,,AT2020wey.json,1062,finite(flux) AND finite(flux_err) AND flux_err > 0,True,Measurement-level observation eligible under DEC-006; no temporal fitting window applied.
AT2020wey,g,59625.19528939994,FLUX,7.49686778670296e-06,1.1138563546256136e-05,,,,AT2020wey.json,1066,finite(flux) AND finite(flux_err) AND flux_err > 0,True,Measurement-level observation eligible under DEC-006; no temporal fitting window applied.
AT2020wey,g,59625.52141200006,FLUX,-1.7820077634744987e-06,1.6106986248151053e-05,,,,AT2020wey.json,1068,finite(flux) AND finite(flux_err) AND flux_err > 0,True,Measurement-level observation eligible under DEC-006; no temporal fitting window applied.
AT2020wey,g,59627.20814809995,FLUX,1.4996370378060717e-05,1.1129520103658058e-05,,,,AT2020wey.json,1069,finite(flux) AND finite(flux_err) AND flux_err > 0,True,Measurement-level observation eligible under DEC-006; no temporal fitting window applied.
AT2020wey,g,59628.196666699834,FLUX,-1.5400792743239218e-06,8.065002174346466e-06,,,,AT2020wey.json,1072,finite(flux) AND finite(flux_err) AND flux_err > 0,True,Measurement-level observation eligible under DEC-006; no temporal fitting window applied.
AT2020wey,g,59629.208368100226,FLUX,-2.1000559025866787e-06,6.651718388832542e-06,,,,AT2020wey.json,1074,finite(flux) AND finite(flux_err) AND flux_err > 0,True,Measurement-level observation eligible under DEC-006; no temporal fitting window applied.
AT2020wey,g,59629.414745400194,FLUX,-4.5586768725006634e-06,1.0409902748424055e-05,,,,AT2020wey.json,1077,finite(flux) AND finite(flux_err) AND flux_err > 0,True,Measurement-level observation eligible under DEC-006; no temporal fitting window applied.
AT2020wey,g,59629.45371530019,FLUX,-1.706590402221491e-06,1.166555766298626e-05,,,,AT2020wey.json,1078,finite(flux) AND finite(flux_err) AND flux_err > 0,True,Measurement-level observation eligible under DEC-006; no temporal fitting window applied.
AT2020wey,g,59630.421724500135,FLUX,5.818831330093708e-06,6.1146967002294786e-06,,,,AT2020wey.json,1081,finite(flux) AND finite(flux_err) AND flux_err > 0,True,Measurement-level observation eligible under DEC-006; no temporal fitting window applied.
AT2020wey,g,59636.19469910022,FLUX,-2.5497425655092033e-07,3.432757531623664e-06,,,,AT2020wey.json,1083,finite(flux) AND finite(flux_err) AND flux_err > 0,True,Measurement-level observation eligible under DEC-006; no temporal fitting window applied.
AT2020wey,g,59636.22016200004,FLUX,7.327002100813782e-06,2.9704774482341844e-06,,,,AT2020wey.json,1084,finite(flux) AND finite(flux_err) AND flux_err > 0,True,Measurement-level observation eligible under DEC-006; no temporal fitting window applied.
AT2020wey,g,59636.5130671002,FLUX,2.1135169623505116e-06,9.364275952379537e-06,,,,AT2020wey.json,1087,finite(flux) AND finite(flux_err) AND flux_err > 0,True,Measurement-level observation eligible under DEC-006; no temporal fitting window applied.
AT2020wey,g,59637.216319399886,FLUX,7.876420144605966e-06,3.7066763410334155e-06,,,,AT2020wey.json,1088,finite(flux) AND finite(flux_err) AND flux_err > 0,True,Measurement-level observation eligible under DEC-006; no temporal fitting window applied.
AT2020wey,g,59638.40681710001,FLUX,2.156694706341191e-06,4.9255744818052395e-06,,,,AT2020wey.json,1091,finite(flux) AND finite(flux_err) AND flux_err > 0,True,Measurement-level observation eligible under DEC-006; no temporal fitting window applied.
AT2020wey,g,59639.19035879988,FLUX,-7.644333872344962e-06,4.38349025114482e-06,,,,AT2020wey.json,1094,finite(flux) AND finite(flux_err) AND flux_err > 0,True,Measurement-level observation eligible under DEC-006; no temporal fitting window applied.
AT2020wey,g,59639.28892360022,FLUX,6.44693244960138e-06,4.466176124436139e-06,,,,AT2020wey.json,1096,finite(flux) AND finite(flux_err) AND flux_err > 0,True,Measurement-level observation eligible under DEC-006; no temporal fitting window applied.
AT2020wey,g,59640.360949099995,FLUX,-2.710210638067854e-06,3.2434707921343554e-06,,,,AT2020wey.json,1098,finite(flux) AND finite(flux_err) AND flux_err > 0,True,Measurement-level observation eligible under DEC-006; no temporal fitting window applied.
AT2020wey,g,59671.40858800011,FLUX,-3.8515675571225255e-06,3.747057297628169e-06,,,,AT2020wey.json,1100,finite(flux) AND finite(flux_err) AND flux_err > 0,True,Measurement-level observation eligible under DEC-006; no temporal fitting window applied.
AT2020wey,g,59674.39005789999,FLUX,2.4884366740920835e-06,5.502312423168638e-06,,,,AT2020wey.json,1102,finite(flux) AND finite(flux_err) AND flux_err > 0,True,Measurement-level observation eligible under DEC-006; no temporal fitting window applied.
AT2020wey,g,59678.30694440007,FLUX,-4.147039715317062e-06,5.167178413579337e-06,,,,AT2020wey.json,1104,finite(flux) AND finite(flux_err) AND flux_err > 0,True,Measurement-level observation eligible under DEC-006; no temporal fitting window applied.
AT2020wey,g,59683.28609950002,FLUX,-1.8792188159082843e-05,1.256233854445489e-05,,,,AT2020wey.json,1107,finite(flux) AND finite(flux_err) AND flux_err > 0,True,Measurement-level observation eligible under DEC-006; no temporal fitting window applied.
AT2020wey,g,59688.26166669978,FLUX,-6.486487017978461e-06,8.885303503942319e-06,,,,AT2020wey.json,1109,finite(flux) AND finite(flux_err) AND flux_err > 0,True,Measurement-level observation eligible under DEC-006; no temporal fitting window applied.
AT2020wey,g,59690.281423599925,FLUX,6.071513258472846e-06,4.5653258613609926e-06,,,,AT2020wey.json,1112,finite(flux) AND finite(flux_err) AND flux_err > 0,True,Measurement-level observation eligible under DEC-006; no temporal fitting window applied.
AT2020wey,g,59696.18023149995,FLUX,-9.224958631599484e-07,3.3026972104360415e-06,,,,AT2020wey.json,1114,finite(flux) AND finite(flux_err) AND flux_err > 0,True,Measurement-level observation eligible under DEC-006; no temporal fitting window applied.
AT2020wey,g,59699.22233799985,FLUX,-9.63904578946812e-07,3.885510773920275e-06,,,,AT2020wey.json,1115,finite(flux) AND finite(flux_err) AND flux_err > 0,True,Measurement-level observation eligible under DEC-006; no temporal fitting window applied.
AT2020wey,g,59701.17819439992,FLUX,5.949396446631995e-06,2.947580156569709e-06,,,,AT2020wey.json,1117,finite(flux) AND finite(flux_err) AND flux_err > 0,True,Measurement-level observation eligible under DEC-006; no temporal fitting window applied.
AT2020wey,g,59703.266076399945,FLUX,6.951855361628405e-06,4.783285498363828e-06,,,,AT2020wey.json,1118,finite(flux) AND finite(flux_err) AND flux_err > 0,True,Measurement-level observation eligible under DEC-006; no temporal fitting window applied.
AT2020wey,g,59712.17892359989,FLUX,6.713374308126241e-09,6.6164459342817095e-06,,,,AT2020wey.json,1120,finite(flux) AND finite(flux_err) AND flux_err > 0,True,Measurement-level observation eligible under DEC-006; no temporal fitting window applied.
AT2020wey,g,59714.26509260014,FLUX,1.6251738547307846e-06,1.1480236979492655e-05,,,,AT2020wey.json,1123,finite(flux) AND finite(flux_err) AND flux_err > 0,True,Measurement-level observation eligible under DEC-006; no temporal fitting window applied.
AT2020wey,g,59717.287210599985,FLUX,2.9769324418728773e-06,1.195017926861827e-05,,,,AT2020wey.json,1125,finite(flux) AND finite(flux_err) AND flux_err > 0,True,Measurement-level observation eligible under DEC-006; no temporal fitting window applied.
AT2020wey,g,59855.46873839991,FLUX,6.110210273515372e-06,3.3493653729951665e-06,,,,AT2020wey.json,1142,finite(flux) AND finite(flux_err) AND flux_err > 0,True,Measurement-level observation eligible under DEC-006; no temporal fitting window applied.
AT2020wey,g,59857.46931710001,FLUX,2.3571936285167077e-06,3.1242151018842115e-06,,,,AT2020wey.json,1143,finite(flux) AND finite(flux_err) AND flux_err > 0,True,Measurement-level observation eligible under DEC-006; no temporal fitting window applied.
AT2020wey,g,59859.44935189979,FLUX,2.9962649504614374e-06,7.647831537911896e-06,,,,AT2020wey.json,1145,finite(flux) AND finite(flux_err) AND flux_err > 0,True,Measurement-level observation eligible under DEC-006; no temporal fitting window applied.
AT2020wey,g,59861.47883100016,FLUX,1.4961482161041546e-05,1.1452528072236014e-05,,,,AT2020wey.json,1147,finite(flux) AND finite(flux_err) AND flux_err > 0,True,Measurement-level observation eligible under DEC-006; no temporal fitting window applied.
AT2020wey,g,59864.475613399874,FLUX,1.9420813032434804e-05,9.41604935484093e-06,,,,AT2020wey.json,1149,finite(flux) AND finite(flux_err) AND flux_err > 0,True,Measurement-level observation eligible under DEC-006; no temporal fitting window applied.
AT2020wey,g,59866.45247690007,FLUX,7.504071501899945e-06,7.195655066569457e-06,,,,AT2020wey.json,1151,finite(flux) AND finite(flux_err) AND flux_err > 0,True,Measurement-level observation eligible under DEC-006; no temporal fitting window applied.
AT2020wey,g,59869.47748839995,FLUX,9.073980712975605e-09,5.253814347309902e-06,,,,AT2020wey.json,1153,finite(flux) AND finite(flux_err) AND flux_err > 0,True,Measurement-level observation eligible under DEC-006; no temporal fitting window applied.
AT2020wey,g,59870.51048609987,FLUX,2.0277907669967414e-06,4.4969315639678016e-06,,,,AT2020wey.json,1157,finite(flux) AND finite(flux_err) AND flux_err > 0,True,Measurement-level observation eligible under DEC-006; no temporal fitting window applied.
AT2020wey,g,59872.47211810015,FLUX,-1.5052489238019205e-06,3.8280602004836536e-06,,,,AT2020wey.json,1160,finite(flux) AND finite(flux_err) AND flux_err > 0,True,Measurement-level observation eligible under DEC-006; no temporal fitting window applied.
AT2020wey,g,59872.47306710016,FLUX,3.160210465581918e-06,3.92039501507136e-06,,,,AT2020wey.json,1161,finite(flux) AND finite(flux_err) AND flux_err > 0,True,Measurement-level observation eligible under DEC-006; no temporal fitting window applied.
AT2020wey,g,59874.4469792,FLUX,7.867801157235197e-06,3.1798080126476307e-06,,,,AT2020wey.json,1162,finite(flux) AND finite(flux_err) AND flux_err > 0,True,Measurement-level observation eligible under DEC-006; no temporal fitting window applied.
AT2020wey,g,59878.43061339995,FLUX,2.7183282058594794e-07,4.15154230714973e-06,,,,AT2020wey.json,1164,finite(flux) AND finite(flux_err) AND flux_err > 0,True,Measurement-level observation eligible under DEC-006; no temporal fitting window applied.
AT2020wey,g,59887.36484949989,FLUX,3.1676486767109206e-06,1.0094528601219178e-05,,,,AT2020wey.json,1168,finite(flux) AND finite(flux_err) AND flux_err > 0,True,Measurement-level observation eligible under DEC-006; no temporal fitting window applied.
AT2020wey,g,59889.412141200155,FLUX,1.1738589746213845e-07,9.806663152811861e-06,,,,AT2020wey.json,1171,finite(flux) AND finite(flux_err) AND flux_err > 0,True,Measurement-level observation eligible under DEC-006; no temporal fitting window applied.
AT2020wey,g,59889.41307870019,FLUX,4.345027569796576e-06,9.110602991984631e-06,,,,AT2020wey.json,1172,finite(flux) AND finite(flux_err) AND flux_err > 0,True,Measurement-level observation eligible under DEC-006; no temporal fitting window applied.
AT2020wey,g,59889.49421299994,FLUX,-2.1128429045287647e-06,5.593398149737804e-06,,,,AT2020wey.json,1175,finite(flux) AND finite(flux_err) AND flux_err > 0,True,Measurement-level observation eligible under DEC-006; no temporal fitting window applied.
AT2020wey,g,59893.45128470007,FLUX,-9.653642393348054e-06,1.1669240007336335e-05,,,,AT2020wey.json,1176,finite(flux) AND finite(flux_err) AND flux_err > 0,True,Measurement-level observation eligible under DEC-006; no temporal fitting window applied.
AT2020wey,g,59895.36370369978,FLUX,8.266408363198437e-06,8.805696648264545e-06,,,,AT2020wey.json,1178,finite(flux) AND finite(flux_err) AND flux_err > 0,True,Measurement-level observation eligible under DEC-006; no temporal fitting window applied.
AT2020wey,g,59895.36464119982,FLUX,2.41834074239339e-06,8.5401116976066e-06,,,,AT2020wey.json,1179,finite(flux) AND finite(flux_err) AND flux_err > 0,True,Measurement-level observation eligible under DEC-006; no temporal fitting window applied.
AT2020wey,g,59896.381863399874,FLUX,-6.712931729364303e-06,1.2217389587460616e-05,,,,AT2020wey.json,1183,finite(flux) AND finite(flux_err) AND flux_err > 0,True,Measurement-level observation eligible under DEC-006; no temporal fitting window applied.
AT2020wey,g,59897.45540509978,FLUX,6.574093209605577e-06,7.410450138443277e-06,,,,AT2020wey.json,1188,finite(flux) AND finite(flux_err) AND flux_err > 0,True,Measurement-level observation eligible under DEC-006; no temporal fitting window applied.
AT2020wey,g,59897.4709954001,FLUX,-2.5447847335986267e-06,7.268319412655528e-06,,,,AT2020wey.json,1189,finite(flux) AND finite(flux_err) AND flux_err > 0,True,Measurement-level observation eligible under DEC-006; no temporal fitting window applied.
AT2020wey,g,59897.49913189979,FLUX,-7.4260929331416405e-06,6.841248215417924e-06,,,,AT2020wey.json,1190,finite(flux) AND finite(flux_err) AND flux_err > 0,True,Measurement-level observation eligible under DEC-006; no temporal fitting window applied.
AT2020wey,g,59898.431504600216,FLUX,1.584495792241977e-06,5.225493856309529e-06,,,,AT2020wey.json,1192,finite(flux) AND finite(flux_err) AND flux_err > 0,True,Measurement-level observation eligible under DEC-006; no temporal fitting window applied.
AT2020wey,g,59898.44759259978,FLUX,-2.1615371148372816e-06,4.309474391871252e-06,,,,AT2020wey.json,1193,finite(flux) AND finite(flux_err) AND flux_err > 0,True,Measurement-level observation eligible under DEC-006; no temporal fitting window applied.
AT2020wey,g,59900.47811339982,FLUX,-5.434497662303005e-06,6.621602977976987e-06,,,,AT2020wey.json,1194,finite(flux) AND finite(flux_err) AND flux_err > 0,True,Measurement-level observation eligible under DEC-006; no temporal fitting window applied.
AT2020wey,g,59900.48822919978,FLUX,-7.552777381662543e-07,4.6314841704150085e-06,,,,AT2020wey.json,1195,finite(flux) AND finite(flux_err) AND flux_err > 0,True,Measurement-level observation eligible under DEC-006; no temporal fitting window applied.
AT2020wey,g,59901.46895830007,FLUX,6.70582082954006e-06,3.69499380777892e-06,,,,AT2020wey.json,1197,finite(flux) AND finite(flux_err) AND flux_err > 0,True,Measurement-level observation eligible under DEC-006; no temporal fitting window applied.
AT2020wey,g,59901.51525459997,FLUX,5.627563313226467e-06,3.389739404567964e-06,,,,AT2020wey.json,1200,finite(flux) AND finite(flux_err) AND flux_err > 0,True,Measurement-level observation eligible under DEC-006; no temporal fitting window applied.
AT2020wey,g,59902.409027799964,FLUX,1.1694931809692923e-05,5.871942137299344e-06,,,,AT2020wey.json,1201,finite(flux) AND finite(flux_err) AND flux_err > 0,True,Measurement-level observation eligible under DEC-006; no temporal fitting window applied.
AT2020wey,g,59902.44969910011,FLUX,-4.122928116627402e-06,5.79212465219912e-06,,,,AT2020wey.json,1202,finite(flux) AND finite(flux_err) AND flux_err > 0,True,Measurement-level observation eligible under DEC-006; no temporal fitting window applied.
AT2020wey,g,59902.45184030011,FLUX,7.468285465622983e-06,6.8960761523450565e-06,,,,AT2020wey.json,1203,finite(flux) AND finite(flux_err) AND flux_err > 0,True,Measurement-level observation eligible under DEC-006; no temporal fitting window applied.
AT2020wey,g,59903.36853010021,FLUX,4.110704834503271e-06,4.495070819552968e-06,,,,AT2020wey.json,1205,finite(flux) AND finite(flux_err) AND flux_err > 0,True,Measurement-level observation eligible under DEC-006; no temporal fitting window applied.
AT2020wey,g,59903.38218750013,FLUX,-3.763754150098366e-07,4.958758058407059e-06,,,,AT2020wey.json,1206,finite(flux) AND finite(flux_err) AND flux_err > 0,True,Measurement-level observation eligible under DEC-006; no temporal fitting window applied.
AT2020wey,g,59903.38312500017,FLUX,3.5134387762082733e-06,5.097731974964592e-06,,,,AT2020wey.json,1207,finite(flux) AND finite(flux_err) AND flux_err > 0,True,Measurement-level observation eligible under DEC-006; no temporal fitting window applied.
AT2020wey,g,59904.38327550003,FLUX,-4.87041214372153e-06,4.798877888589385e-06,,,,AT2020wey.json,1210,finite(flux) AND finite(flux_err) AND flux_err > 0,True,Measurement-level observation eligible under DEC-006; no temporal fitting window applied.
AT2020wey,g,59904.42745369999,FLUX,-1.1771137560211238e-05,4.807893883608739e-06,,,,AT2020wey.json,1211,finite(flux) AND finite(flux_err) AND flux_err > 0,True,Measurement-level observation eligible under DEC-006; no temporal fitting window applied.
AT2020wey,g,59906.34593749978,FLUX,-7.883662619860855e-07,4.191808576587538e-06,,,,AT2020wey.json,1214,finite(flux) AND finite(flux_err) AND flux_err > 0,True,Measurement-level observation eligible under DEC-006; no temporal fitting window applied.
AT2020wey,g,59906.432754599955,FLUX,-6.233527257605389e-07,3.5231963140463306e-06,,,,AT2020wey.json,1216,finite(flux) AND finite(flux_err) AND flux_err > 0,True,Measurement-level observation eligible under DEC-006; no temporal fitting window applied.
AT2020wey,g,59908.298252299894,FLUX,3.3112069986674077e-06,6.819578089641605e-06,,,,AT2020wey.json,1218,finite(flux) AND finite(flux_err) AND flux_err > 0,True,Measurement-level observation eligible under DEC-006; no temporal fitting window applied.
AT2020wey,g,59908.454421299975,FLUX,-8.297675758544827e-06,5.334231354255997e-06,,,,AT2020wey.json,1222,finite(flux) AND finite(flux_err) AND flux_err > 0,True,Measurement-level observation eligible under DEC-006; no temporal fitting window applied.
AT2020wey,g,59908.45535880001,FLUX,9.23495248638428e-07,5.733690290142537e-06,,,,AT2020wey.json,1223,finite(flux) AND finite(flux_err) AND flux_err > 0,True,Measurement-level observation eligible under DEC-006; no temporal fitting window applied.
AT2020wey,g,59909.495312499814,FLUX,4.635387032039992e-06,3.2507948341052586e-06,,,,AT2020wey.json,1225,finite(flux) AND finite(flux_err) AND flux_err > 0,True,Measurement-level observation eligible under DEC-006; no temporal fitting window applied.
AT2020wey,g,59910.391932900064,FLUX,2.112424304447355e-06,3.52698096343611e-06,,,,AT2020wey.json,1228,finite(flux) AND finite(flux_err) AND flux_err > 0,True,Measurement-level observation eligible under DEC-006; no temporal fitting window applied.
AT2020wey,g,59910.42688659998,FLUX,7.198132910609593e-06,3.5690411268483805e-06,,,,AT2020wey.json,1229,finite(flux) AND finite(flux_err) AND flux_err > 0,True,Measurement-level observation eligible under DEC-006; no temporal fitting window applied.
AT2020wey,g,59910.487696799915,FLUX,2.035377089456686e-06,3.1340585113159375e-06,,,,AT2020wey.json,1230,finite(flux) AND finite(flux_err) AND flux_err > 0,True,Measurement-level observation eligible under DEC-006; no temporal fitting window applied.
AT2020wey,g,59922.39483800018,FLUX,-5.6809724246770515e-06,1.0082668511571346e-05,,,,AT2020wey.json,1235,finite(flux) AND finite(flux_err) AND flux_err > 0,True,Measurement-level observation eligible under DEC-006; no temporal fitting window applied.
AT2020wey,g,59922.431828700006,FLUX,-4.6013806496820565e-06,8.599805350310161e-06,,,,AT2020wey.json,1236,finite(flux) AND finite(flux_err) AND flux_err > 0,True,Measurement-level observation eligible under DEC-006; no temporal fitting window applied.
AT2020wey,g,59923.30010419991,FLUX,-1.5579741149298618e-05,1.0608406651955255e-05,,,,AT2020wey.json,1238,finite(flux) AND finite(flux_err) AND flux_err > 0,True,Measurement-level observation eligible under DEC-006; no temporal fitting window applied.
AT2020wey,g,59923.40315969987,FLUX,-1.156549698054289e-05,7.255114378395537e-06,,,,AT2020wey.json,1241,finite(flux) AND finite(flux_err) AND flux_err > 0,True,Measurement-level observation eligible under DEC-006; no temporal fitting window applied.
AT2020wey,g,59923.47640050016,FLUX,-2.377689118469528e-06,8.076741401463694e-06,,,,AT2020wey.json,1243,finite(flux) AND finite(flux_err) AND flux_err > 0,True,Measurement-level observation eligible under DEC-006; no temporal fitting window applied.
AT2020wey,g,59930.25295139989,FLUX,5.314437384522008e-06,4.953934945253876e-06,,,,AT2020wey.json,1245,finite(flux) AND finite(flux_err) AND flux_err > 0,True,Measurement-level observation eligible under DEC-006; no temporal fitting window applied.
AT2020wey,g,59930.32437499985,FLUX,7.774495111718263e-06,4.543804474818568e-06,,,,AT2020wey.json,1246,finite(flux) AND finite(flux_err) AND flux_err > 0,True,Measurement-level observation eligible under DEC-006; no temporal fitting window applied.
AT2020wey,g,59930.39931710018,FLUX,-3.1125150380866286e-06,4.04628839230797e-06,,,,AT2020wey.json,1249,finite(flux) AND finite(flux_err) AND flux_err > 0,True,Measurement-level observation eligible under DEC-006; no temporal fitting window applied.
AT2020wey,g,59932.32798610022,FLUX,-4.1913456832001384e-06,3.657961903890165e-06,,,,AT2020wey.json,1252,finite(flux) AND finite(flux_err) AND flux_err > 0,True,Measurement-level observation eligible under DEC-006; no temporal fitting window applied.
AT2020wey,g,59932.49353010021,FLUX,-7.659026031835386e-06,3.6741687570119025e-06,,,,AT2020wey.json,1253,finite(flux) AND finite(flux_err) AND flux_err > 0,True,Measurement-level observation eligible under DEC-006; no temporal fitting window applied.
AT2020wey,g,59934.52670140006,FLUX,-2.659652206667641e-06,5.136369286626458e-06,,,,AT2020wey.json,1256,finite(flux) AND finite(flux_err) AND flux_err > 0,True,Measurement-level observation eligible under DEC-006; no temporal fitting window applied.
AT2020wey,g,59935.455891199876,FLUX,-6.071348290248443e-06,2.7788226042373287e-06,,,,AT2020wey.json,1260,finite(flux) AND finite(flux_err) AND flux_err > 0,True,Measurement-level observation eligible under DEC-006; no temporal fitting window applied.
AT2020wey,g,59936.34384260001,FLUX,-1.0564439010130905e-06,3.0836229718621834e-06,,,,AT2020wey.json,1263,finite(flux) AND finite(flux_err) AND flux_err > 0,True,Measurement-level observation eligible under DEC-006; no temporal fitting window applied.
AT2020wey,g,59936.520393500105,FLUX,-5.0615348177093225e-06,3.3707105788865096e-06,,,,AT2020wey.json,1264,finite(flux) AND finite(flux_err) AND flux_err > 0,True,Measurement-level observation eligible under DEC-006; no temporal fitting window applied.
AT2020wey,g,59937.324560199864,FLUX,-2.3930678916383106e-06,4.9041770526644226e-06,,,,AT2020wey.json,1266,finite(flux) AND finite(flux_err) AND flux_err > 0,True,Measurement-level observation eligible under DEC-006; no temporal fitting window applied.
AT2020wey,g,59937.41353010014,FLUX,1.0382538138397922e-06,4.331563804696568e-06,,,,AT2020wey.json,1269,finite(flux) AND finite(flux_err) AND flux_err > 0,True,Measurement-level observation eligible under DEC-006; no temporal fitting window applied.
AT2020wey,g,59937.44618060021,FLUX,-5.9034298134609085e-06,3.022170351415534e-06,,,,AT2020wey.json,1270,finite(flux) AND finite(flux_err) AND flux_err > 0,True,Measurement-level observation eligible under DEC-006; no temporal fitting window applied.
AT2020wey,g,59940.27540510008,FLUX,-7.0183184031804995e-06,5.2720211556424095e-06,,,,AT2020wey.json,1271,finite(flux) AND finite(flux_err) AND flux_err > 0,True,Measurement-level observation eligible under DEC-006; no temporal fitting window applied.
AT2020wey,g,59951.37133099977,FLUX,1.579366679756577e-05,1.8250429302679732e-05,,,,AT2020wey.json,1273,finite(flux) AND finite(flux_err) AND flux_err > 0,True,Measurement-level observation eligible under DEC-006; no temporal fitting window applied.
AT2020wey,g,59951.47172449995,FLUX,-1.6388190611341197e-06,1.4946233043403628e-05,,,,AT2020wey.json,1274,finite(flux) AND finite(flux_err) AND flux_err > 0,True,Measurement-level observation eligible under DEC-006; no temporal fitting window applied.
AT2020wey,g,59957.416273099836,FLUX,3.6112630006406937e-06,7.451250006221629e-06,,,,AT2020wey.json,1280,finite(flux) AND finite(flux_err) AND flux_err > 0,True,Measurement-level observation eligible under DEC-006; no temporal fitting window applied.
AT2020wey,g,59957.49364579981,FLUX,1.246287563115211e-05,7.378087236187852e-06,,,,AT2020wey.json,1281,finite(flux) AND finite(flux_err) AND flux_err > 0,True,Measurement-level observation eligible under DEC-006; no temporal fitting window applied.
AT2020wey,g,59966.320787000004,FLUX,-7.358681811502951e-07,3.6501500931474086e-06,,,,AT2020wey.json,1283,finite(flux) AND finite(flux_err) AND flux_err > 0,True,Measurement-level observation eligible under DEC-006; no temporal fitting window applied.
AT2020wey,g,59966.40114580002,FLUX,-5.383613263261093e-06,4.036400964644438e-06,,,,AT2020wey.json,1286,finite(flux) AND finite(flux_err) AND flux_err > 0,True,Measurement-level observation eligible under DEC-006; no temporal fitting window applied.
AT2020wey,g,59966.402083300054,FLUX,-1.4740300712244448e-06,4.601105341044904e-06,,,,AT2020wey.json,1287,finite(flux) AND finite(flux_err) AND flux_err > 0,True,Measurement-level observation eligible under DEC-006; no temporal fitting window applied.
AT2020wey,g,59968.32231480023,FLUX,-3.232539582608258e-06,3.8518710618069e-06,,,,AT2020wey.json,1289,finite(flux) AND finite(flux_err) AND flux_err > 0,True,Measurement-level observation eligible under DEC-006; no temporal fitting window applied.
AT2020wey,g,59968.34717589989,FLUX,-3.6587474477593304e-06,3.979148449997782e-06,,,,AT2020wey.json,1290,finite(flux) AND finite(flux_err) AND flux_err > 0,True,Measurement-level observation eligible under DEC-006; no temporal fitting window applied.
AT2020wey,g,59969.26266200002,FLUX,-8.254111562123203e-06,5.617550403261445e-06,,,,AT2020wey.json,1291,finite(flux) AND finite(flux_err) AND flux_err > 0,True,Measurement-level observation eligible under DEC-006; no temporal fitting window applied.
AT2020wey,g,59969.36601850018,FLUX,-5.065702347275397e-06,3.731324293737264e-06,,,,AT2020wey.json,1292,finite(flux) AND finite(flux_err) AND flux_err > 0,True,Measurement-level observation eligible under DEC-006; no temporal fitting window applied.
AT2020wey,g,59971.366388900205,FLUX,-6.026018267726762e-06,4.887191300138192e-06,,,,AT2020wey.json,1295,finite(flux) AND finite(flux_err) AND flux_err > 0,True,Measurement-level observation eligible under DEC-006; no temporal fitting window applied.
AT2020wey,g,59972.31927079987,FLUX,-2.2666048411740366e-06,3.866318549514265e-06,,,,AT2020wey.json,1300,finite(flux) AND finite(flux_err) AND flux_err > 0,True,Measurement-level observation eligible under DEC-006; no temporal fitting window applied.
AT2020wey,g,59972.32028939994,FLUX,2.532890530204824e-06,3.6676508898180717e-06,,,,AT2020wey.json,1301,finite(flux) AND finite(flux_err) AND flux_err > 0,True,Measurement-level observation eligible under DEC-006; no temporal fitting window applied.
AT2020wey,g,59972.45636569988,FLUX,-6.378305111290588e-06,4.397510266158484e-06,,,,AT2020wey.json,1302,finite(flux) AND finite(flux_err) AND flux_err > 0,True,Measurement-level observation eligible under DEC-006; no temporal fitting window applied.
AT2020wey,g,59977.44797449978,FLUX,-2.8631115715323355e-06,8.519886794078134e-06,,,,AT2020wey.json,1304,finite(flux) AND finite(flux_err) AND flux_err > 0,True,Measurement-level observation eligible under DEC-006; no temporal fitting window applied.
AT2020wey,g,59979.26300929999,FLUX,-2.2631441120669066e-06,1.2511773689136637e-05,,,,AT2020wey.json,1306,finite(flux) AND finite(flux_err) AND flux_err > 0,True,Measurement-level observation eligible under DEC-006; no temporal fitting window applied.
AT2020wey,g,59979.32074069977,FLUX,6.646446739790674e-06,1.2074701094773623e-05,,,,AT2020wey.json,1307,finite(flux) AND finite(flux_err) AND flux_err > 0,True,Measurement-level observation eligible under DEC-006; no temporal fitting window applied.
AT2020wey,g,59980.21261569997,FLUX,1.2891207729024156e-05,1.0760316068300878e-05,,,,AT2020wey.json,1310,finite(flux) AND finite(flux_err) AND flux_err > 0,True,Measurement-level observation eligible under DEC-006; no temporal fitting window applied.
AT2020wey,g,59980.26136570005,FLUX,-2.4250876970100175e-06,9.219032520457238e-06,,,,AT2020wey.json,1311,finite(flux) AND finite(flux_err) AND flux_err > 0,True,Measurement-level observation eligible under DEC-006; no temporal fitting window applied.
AT2020wey,g,59982.1238425998,FLUX,-2.7952407256681147e-05,1.3506284592293858e-05,,,,AT2020wey.json,1313,finite(flux) AND finite(flux_err) AND flux_err > 0,True,Measurement-level observation eligible under DEC-006; no temporal fitting window applied.
AT2020wey,g,59983.14329859987,FLUX,2.208682995702234e-06,5.111593879050277e-06,,,,AT2020wey.json,1315,finite(flux) AND finite(flux_err) AND flux_err > 0,True,Measurement-level observation eligible under DEC-006; no temporal fitting window applied.
AT2020wey,g,59983.195428200066,FLUX,2.5730115686146822e-05,1.466447398003876e-05,,,,AT2020wey.json,1317,finite(flux) AND finite(flux_err) AND flux_err > 0,True,Measurement-level observation eligible under DEC-006; no temporal fitting window applied.
AT2020wey,g,59984.24416670017,FLUX,-1.1124014027274482e-05,8.30205243178325e-06,,,,AT2020wey.json,1319,finite(flux) AND finite(flux_err) AND flux_err > 0,True,Measurement-level observation eligible under DEC-006; no temporal fitting window applied.
AT2020wey,g,59984.32554400014,FLUX,5.891524573772303e-06,9.833176590332108e-06,,,,AT2020wey.json,1321,finite(flux) AND finite(flux_err) AND flux_err > 0,True,Measurement-level observation eligible under DEC-006; no temporal fitting window applied.
AT2020wey,g,59985.14413189981,FLUX,-1.5261422237621874e-06,6.116960307655764e-06,,,,AT2020wey.json,1322,finite(flux) AND finite(flux_err) AND flux_err > 0,True,Measurement-level observation eligible under DEC-006; no temporal fitting window applied.
AT2020wey,g,59985.20634259982,FLUX,6.08426962313883e-06,5.883491540651542e-06,,,,AT2020wey.json,1324,finite(flux) AND finite(flux_err) AND flux_err > 0,True,Measurement-level observation eligible under DEC-006; no temporal fitting window applied.
AT2020wey,g,59993.23725689994,FLUX,-1.735851275023439e-07,6.580249307676223e-06,,,,AT2020wey.json,1328,finite(flux) AND finite(flux_err) AND flux_err > 0,True,Measurement-level observation eligible under DEC-006; no temporal fitting window applied.
AT2020wey,g,59993.2540972,FLUX,1.3433804349371051e-05,7.083542838587734e-06,,,,AT2020wey.json,1329,finite(flux) AND finite(flux_err) AND flux_err > 0,True,Measurement-level observation eligible under DEC-006; no temporal fitting window applied.
AT2020wey,g,59994.138830999844,FLUX,-7.9729977314753e-06,4.8271430426705485e-06,,,,AT2020wey.json,1330,finite(flux) AND finite(flux_err) AND flux_err > 0,True,Measurement-level observation eligible under DEC-006; no temporal fitting window applied.
AT2020wey,g,59994.3289005002,FLUX,9.205800214701989e-06,6.169845100806669e-06,,,,AT2020wey.json,1332,finite(flux) AND finite(flux_err) AND flux_err > 0,True,Measurement-level observation eligible under DEC-006; no temporal fitting window applied.
AT2020wey,g,60020.1863425998,FLUX,4.100435225865942e-06,3.769054708817912e-06,,,,AT2020wey.json,1333,finite(flux) AND finite(flux_err) AND flux_err > 0,True,Measurement-level observation eligible under DEC-006; no temporal fitting window applied.
AT2020wey,g,60020.21274309978,FLUX,-1.5002019156648018e-06,2.9227473858535227e-06,,,,AT2020wey.json,1334,finite(flux) AND finite(flux_err) AND flux_err > 0,True,Measurement-level observation eligible under DEC-006; no temporal fitting window applied.
AT2020wey,g,60031.20317129977,FLUX,-1.77417326271327e-06,4.562187275436685e-06,,,,AT2020wey.json,1336,finite(flux) AND finite(flux_err) AND flux_err > 0,True,Measurement-level observation eligible under DEC-006; no temporal fitting window applied.
AT2020wey,g,60036.27721060021,FLUX,-1.0690698913996539e-06,8.522410739807181e-06,,,,AT2020wey.json,1338,finite(flux) AND finite(flux_err) AND flux_err > 0,True,Measurement-level observation eligible under DEC-006; no temporal fitting window applied.
AT2020wey,g,60045.35017360002,FLUX,2.9405232006061964e-06,5.464972569877256e-06,,,,AT2020wey.json,1341,finite(flux) AND finite(flux_err) AND flux_err > 0,True,Measurement-level observation eligible under DEC-006; no temporal fitting window applied.
AT2020wey,g,60050.1665856,FLUX,-5.42255298306138e-07,2.9762353810852046e-06,,,,AT2020wey.json,1342,finite(flux) AND finite(flux_err) AND flux_err > 0,True,Measurement-level observation eligible under DEC-006; no temporal fitting window applied.
AT2020wey,g,60052.23870369978,FLUX,3.2513471114615923e-06,3.0093591616767246e-06,,,,AT2020wey.json,1345,finite(flux) AND finite(flux_err) AND flux_err > 0,True,Measurement-level observation eligible under DEC-006; no temporal fitting window applied.
AT2020wey,g,60054.17936340021,FLUX,4.802759233037609e-06,3.5300812359545605e-06,,,,AT2020wey.json,1346,finite(flux) AND finite(flux_err) AND flux_err > 0,True,Measurement-level observation eligible under DEC-006; no temporal fitting window applied.
AT2020wey,g,60056.19686339982,FLUX,2.025145291739449e-06,3.187383129259787e-06,,,,AT2020wey.json,1348,finite(flux) AND finite(flux_err) AND flux_err > 0,True,Measurement-level observation eligible under DEC-006; no temporal fitting window applied.
AT2020wey,g,60058.18645829987,FLUX,4.277174358527136e-07,4.100191244565941e-06,,,,AT2020wey.json,1349,finite(flux) AND finite(flux_err) AND flux_err > 0,True,Measurement-level observation eligible under DEC-006; no temporal fitting window applied.
AT2020wey,g,60060.1967823999,FLUX,2.602876022681753e-06,5.006293370564858e-06,,,,AT2020wey.json,1352,finite(flux) AND finite(flux_err) AND flux_err > 0,True,Measurement-level observation eligible under DEC-006; no temporal fitting window applied.
AT2020wey,g,60062.21651619999,FLUX,-3.7334100759374477e-06,5.503027520189595e-06,,,,AT2020wey.json,1354,finite(flux) AND finite(flux_err) AND flux_err > 0,True,Measurement-level observation eligible under DEC-006; no temporal fitting window applied.
AT2020wey,g,60064.18423609994,FLUX,-1.8749162077465383e-06,7.140643842058613e-06,,,,AT2020wey.json,1355,finite(flux) AND finite(flux_err) AND flux_err > 0,True,Measurement-level observation eligible under DEC-006; no temporal fitting window applied.
AT2020wey,g,60065.18718749983,FLUX,9.762921955270576e-06,6.256119310923941e-06,,,,AT2020wey.json,1356,finite(flux) AND finite(flux_err) AND flux_err > 0,True,Measurement-level observation eligible under DEC-006; no temporal fitting window applied.
AT2020wey,g,60077.28915510001,FLUX,3.691945632291079e-06,5.566118659783455e-06,,,,AT2020wey.json,1360,finite(flux) AND finite(flux_err) AND flux_err > 0,True,Measurement-level observation eligible under DEC-006; no temporal fitting window applied.
AT2020wey,g,60081.2263656999,FLUX,-8.767071142033851e-07,6.219615795418025e-06,,,,AT2020wey.json,1362,finite(flux) AND finite(flux_err) AND flux_err > 0,True,Measurement-level observation eligible under DEC-006; no temporal fitting window applied.
AT2020wey,g,60220.46832180023,FLUX,-8.194846851974711e-06,1.0228871927547043e-05,,,,AT2020wey.json,1373,finite(flux) AND finite(flux_err) AND flux_err > 0,True,Measurement-level observation eligible under DEC-006; no temporal fitting window applied.
AT2020wey,g,60222.47579859989,FLUX,7.105175687688779e-06,8.004416727918798e-06,,,,AT2020wey.json,1375,finite(flux) AND finite(flux_err) AND flux_err > 0,True,Measurement-level observation eligible under DEC-006; no temporal fitting window applied.
AT2020wey,g,60224.44502309989,FLUX,-5.257303798928582e-06,6.283880554861167e-06,,,,AT2020wey.json,1376,finite(flux) AND finite(flux_err) AND flux_err > 0,True,Measurement-level observation eligible under DEC-006; no temporal fitting window applied.
AT2020wey,g,60230.448368099984,FLUX,2.578327810038763e-07,4.102367993832967e-06,,,,AT2020wey.json,1377,finite(flux) AND finite(flux_err) AND flux_err > 0,True,Measurement-level observation eligible under DEC-006; no temporal fitting window applied.
AT2020wey,g,60232.47063660016,FLUX,-1.8159880002193338e-06,3.579222920365805e-06,,,,AT2020wey.json,1379,finite(flux) AND finite(flux_err) AND flux_err > 0,True,Measurement-level observation eligible under DEC-006; no temporal fitting window applied.
AT2020wey,g,60234.44673610013,FLUX,6.190117000672354e-06,3.756459428201515e-06,,,,AT2020wey.json,1382,finite(flux) AND finite(flux_err) AND flux_err > 0,True,Measurement-level observation eligible under DEC-006; no temporal fitting window applied.
AT2020wey,g,60236.42659719987,FLUX,1.0426073816178773e-06,4.083126954544229e-06,,,,AT2020wey.json,1383,finite(flux) AND finite(flux_err) AND flux_err > 0,True,Measurement-level observation eligible under DEC-006; no temporal fitting window applied.
AT2020wey,g,60238.45106479991,FLUX,-1.785740618485855e-06,3.7335587390606387e-06,,,,AT2020wey.json,1385,finite(flux) AND finite(flux_err) AND flux_err > 0,True,Measurement-level observation eligible under DEC-006; no temporal fitting window applied.
AT2020wey,g,60242.48875000002,FLUX,6.760186242611478e-06,2.7169164796167064e-06,,,,AT2020wey.json,1388,finite(flux) AND finite(flux_err) AND flux_err > 0,True,Measurement-level observation eligible under DEC-006; no temporal fitting window applied.
AT2020wey,g,60246.47322920011,FLUX,-9.760056621147435e-06,1.4237140443531304e-05,,,,AT2020wey.json,1389,finite(flux) AND finite(flux_err) AND flux_err > 0,True,Measurement-level observation eligible under DEC-006; no temporal fitting window applied.
AT2020wey,g,60250.44481479982,FLUX,5.701995998733504e-06,7.845961380374562e-06,,,,AT2020wey.json,1392,finite(flux) AND finite(flux_err) AND flux_err > 0,True,Measurement-level observation eligible under DEC-006; no temporal fitting window applied.
AT2020wey,g,60252.49748839997,FLUX,-5.365784899121106e-06,5.428079037424992e-06,,,,AT2020wey.json,1394,finite(flux) AND finite(flux_err) AND flux_err > 0,True,Measurement-level observation eligible under DEC-006; no temporal fitting window applied.
AT2020wey,g,60254.38253469998,FLUX,-6.080987233852074e-06,4.808501301053002e-06,,,,AT2020wey.json,1395,finite(flux) AND finite(flux_err) AND flux_err > 0,True,Measurement-level observation eligible under DEC-006; no temporal fitting window applied.
AT2020wey,g,60258.41258100001,FLUX,4.409341590073026e-06,4.943041719115425e-06,,,,AT2020wey.json,1397,finite(flux) AND finite(flux_err) AND flux_err > 0,True,Measurement-level observation eligible under DEC-006; no temporal fitting window applied.
AT2020wey,g,60260.344745399896,FLUX,7.550806021939518e-06,5.221962682551535e-06,,,,AT2020wey.json,1399,finite(flux) AND finite(flux_err) AND flux_err > 0,True,Measurement-level observation eligible under DEC-006; no temporal fitting window applied.
AT2020wey,g,60262.45311339991,FLUX,4.371089804862146e-06,3.1316913864435805e-06,,,,AT2020wey.json,1401,finite(flux) AND finite(flux_err) AND flux_err > 0,True,Measurement-level observation eligible under DEC-006; no temporal fitting window applied.
AT2020wey,g,60287.30442130007,FLUX,1.1652055101222283e-06,4.926340048322399e-06,,,,AT2020wey.json,1403,finite(flux) AND finite(flux_err) AND flux_err > 0,True,Measurement-level observation eligible under DEC-006; no temporal fitting window applied.
AT2020wey,g,60291.40820599999,FLUX,-7.470121762555699e-06,4.199278814266794e-06,,,,AT2020wey.json,1406,finite(flux) AND finite(flux_err) AND flux_err > 0,True,Measurement-level observation eligible under DEC-006; no temporal fitting window applied.
AT2020wey,g,60308.34788190015,FLUX,2.326812011745871e-06,1.0112877989484341e-05,,,,AT2020wey.json,1408,finite(flux) AND finite(flux_err) AND flux_err > 0,True,Measurement-level observation eligible under DEC-006; no temporal fitting window applied.
AT2020wey,g,60322.29666669993,FLUX,6.547970326754454e-06,6.183677081243669e-06,,,,AT2020wey.json,1411,finite(flux) AND finite(flux_err) AND flux_err > 0,True,Measurement-level observation eligible under DEC-006; no temporal fitting window applied.
AT2020wey,g,60339.360972200055,FLUX,-1.0422082942560004e-06,5.370766477625059e-06,,,,AT2020wey.json,1416,finite(flux) AND finite(flux_err) AND flux_err > 0,True,Measurement-level observation eligible under DEC-006; no temporal fitting window applied.
AT2020wey,g,60354.32271989994,FLUX,1.1176050469693769e-06,3.0925179426028656e-06,,,,AT2020wey.json,1417,finite(flux) AND finite(flux_err) AND flux_err > 0,True,Measurement-level observation eligible under DEC-006; no temporal fitting window applied.
AT2020wey,g,60398.23883099994,FLUX,-7.187534351045865e-08,4.360332434014474e-06,,,,AT2020wey.json,1421,finite(flux) AND finite(flux_err) AND flux_err > 0,True,Measurement-level observation eligible under DEC-006; no temporal fitting window applied.
AT2020wey,g,60416.28093749983,FLUX,1.0358195131199064e-05,7.90594391682058e-06,,,,AT2020wey.json,1423,finite(flux) AND finite(flux_err) AND flux_err > 0,True,Measurement-level observation eligible under DEC-006; no temporal fitting window applied.
AT2020wey,g,60420.290312500205,FLUX,1.2892247315473993e-05,8.601530753885692e-06,,,,AT2020wey.json,1426,finite(flux) AND finite(flux_err) AND flux_err > 0,True,Measurement-level observation eligible under DEC-006; no temporal fitting window applied.
AT2020wey,g,60422.240335599985,FLUX,-1.7095763163023581e-06,7.709713861003674e-06,,,,AT2020wey.json,1427,finite(flux) AND finite(flux_err) AND flux_err > 0,True,Measurement-level observation eligible under DEC-006; no temporal fitting window applied.
AT2020wey,g,60433.23895830009,FLUX,-2.771424574164265e-07,3.335702307706678e-06,,,,AT2020wey.json,1430,finite(flux) AND finite(flux_err) AND flux_err > 0,True,Measurement-level observation eligible under DEC-006; no temporal fitting window applied.
AT2020wey,g,60437.18342590006,FLUX,2.7441976100414855e-06,3.740524998710573e-06,,,,AT2020wey.json,1432,finite(flux) AND finite(flux_err) AND flux_err > 0,True,Measurement-level observation eligible under DEC-006; no temporal fitting window applied.
AT2020wey,g,60438.20024310006,FLUX,6.046801562759412e-06,4.463916464056629e-06,,,,AT2020wey.json,1434,finite(flux) AND finite(flux_err) AND flux_err > 0,True,Measurement-level observation eligible under DEC-006; no temporal fitting window applied.
AT2020wey,g,60595.44799769996,FLUX,3.510327055702448e-06,4.02767939313835e-06,,,,AT2020wey.json,1436,finite(flux) AND finite(flux_err) AND flux_err > 0,True,Measurement-level observation eligible under DEC-006; no temporal fitting window applied.
AT2020wey,g,60597.42670139996,FLUX,-4.13714203186319e-06,6.254689753774247e-06,,,,AT2020wey.json,1438,finite(flux) AND finite(flux_err) AND flux_err > 0,True,Measurement-level observation eligible under DEC-006; no temporal fitting window applied.
AT2020wey,g,60599.467175900005,FLUX,2.38341073063378e-06,8.776918093327742e-06,,,,AT2020wey.json,1441,finite(flux) AND finite(flux_err) AND flux_err > 0,True,Measurement-level observation eligible under DEC-006; no temporal fitting window applied.
AT2020wey,g,60602.42503469996,FLUX,6.204042881873644e-06,1.501586105739843e-05,,,,AT2020wey.json,1442,finite(flux) AND finite(flux_err) AND flux_err > 0,True,Measurement-level observation eligible under DEC-006; no temporal fitting window applied.
AT2020wey,g,60604.471469900105,FLUX,1.2948523717971551e-05,5.803591732494538e-06,,,,AT2020wey.json,1445,finite(flux) AND finite(flux_err) AND flux_err > 0,True,Measurement-level observation eligible under DEC-006; no temporal fitting window applied.
AT2020wey,g,60606.43438659981,FLUX,5.8978540351122e-06,6.078941053291277e-06,,,,AT2020wey.json,1446,finite(flux) AND finite(flux_err) AND flux_err > 0,True,Measurement-level observation eligible under DEC-006; no temporal fitting window applied.
AT2020wey,g,60608.49012729991,FLUX,-9.232404517873802e-07,4.474549327967168e-06,,,,AT2020wey.json,1448,finite(flux) AND finite(flux_err) AND flux_err > 0,True,Measurement-level observation eligible under DEC-006; no temporal fitting window applied.
AT2020wey,g,60610.43140049977,FLUX,-1.804984202042234e-06,5.17317502800954e-06,,,,AT2020wey.json,1450,finite(flux) AND finite(flux_err) AND flux_err > 0,True,Measurement-level observation eligible under DEC-006; no temporal fitting window applied.
AT2020wey,g,60614.50905090012,FLUX,-9.587563979638736e-08,3.383892449147479e-06,,,,AT2020wey.json,1453,finite(flux) AND finite(flux_err) AND flux_err > 0,True,Measurement-level observation eligible under DEC-006; no temporal fitting window applied.
AT2020wey,g,60628.42707179999,FLUX,2.7268316288221084e-06,7.537029643459085e-06,,,,AT2020wey.json,1456,finite(flux) AND finite(flux_err) AND flux_err > 0,True,Measurement-level observation eligible under DEC-006; no temporal fitting window applied.
AT2020wey,g,60637.4553704001,FLUX,-8.680685932462512e-07,4.112382280448791e-06,,,,AT2020wey.json,1460,finite(flux) AND finite(flux_err) AND flux_err > 0,True,Measurement-level observation eligible under DEC-006; no temporal fitting window applied.
AT2020wey,g,60640.38726849994,FLUX,-3.059527715877515e-06,3.917096746473052e-06,,,,AT2020wey.json,1461,finite(flux) AND finite(flux_err) AND flux_err > 0,True,Measurement-level observation eligible under DEC-006; no temporal fitting window applied.
AT2020wey,g,60644.3880671002,FLUX,-1.4837785535215827e-06,5.46178764949142e-06,,,,AT2020wey.json,1462,finite(flux) AND finite(flux_err) AND flux_err > 0,True,Measurement-level observation eligible under DEC-006; no temporal fitting window applied.
AT2020wey,g,60649.431273099966,FLUX,-2.082695197562487e-06,3.1784704828027865e-06,,,,AT2020wey.json,1465,finite(flux) AND finite(flux_err) AND flux_err > 0,True,Measurement-level observation eligible under DEC-006; no temporal fitting window applied.
AT2020wey,g,60651.48967589997,FLUX,-2.7690443362136475e-06,4.218845975576535e-06,,,,AT2020wey.json,1468,finite(flux) AND finite(flux_err) AND flux_err > 0,True,Measurement-level observation eligible under DEC-006; no temporal fitting window applied.
AT2020wey,g,60653.32268519979,FLUX,9.141045801898248e-07,6.037503612357631e-06,,,,AT2020wey.json,1470,finite(flux) AND finite(flux_err) AND flux_err > 0,True,Measurement-level observation eligible under DEC-006; no temporal fitting window applied.
AT2020wey,g,60664.26295140013,FLUX,8.761784263330528e-06,6.926670576980949e-06,,,,AT2020wey.json,1472,finite(flux) AND finite(flux_err) AND flux_err > 0,True,Measurement-level observation eligible under DEC-006; no temporal fitting window applied.
AT2020wey,g,60666.41065970017,FLUX,-2.194320927131391e-06,4.262810890494446e-06,,,,AT2020wey.json,1473,finite(flux) AND finite(flux_err) AND flux_err > 0,True,Measurement-level observation eligible under DEC-006; no temporal fitting window applied.
AT2020wey,g,60668.408067100216,FLUX,-2.9174369411862167e-06,3.4824839185081567e-06,,,,AT2020wey.json,1474,finite(flux) AND finite(flux_err) AND flux_err > 0,True,Measurement-level observation eligible under DEC-006; no temporal fitting window applied.
AT2020wey,g,60674.244131899904,FLUX,-6.9756132101303525e-06,6.047347987094896e-06,,,,AT2020wey.json,1475,finite(flux) AND finite(flux_err) AND flux_err > 0,True,Measurement-level observation eligible under DEC-006; no temporal fitting window applied.
AT2020wey,g,60680.33050929988,FLUX,-8.72146848791639e-07,4.746349086151323e-06,,,,AT2020wey.json,1476,finite(flux) AND finite(flux_err) AND flux_err > 0,True,Measurement-level observation eligible under DEC-006; no temporal fitting window applied.
AT2020wey,g,60686.28158560023,FLUX,4.537813749237881e-06,1.0240789401162266e-05,,,,AT2020wey.json,1477,finite(flux) AND finite(flux_err) AND flux_err > 0,True,Measurement-level observation eligible under DEC-006; no temporal fitting window applied.
AT2020wey,g,60694.26717589982,FLUX,-1.1166047090738916e-06,4.250111862939607e-06,,,,AT2020wey.json,1480,finite(flux) AND finite(flux_err) AND flux_err > 0,True,Measurement-level observation eligible under DEC-006; no temporal fitting window applied.
AT2020wey,g,60706.41350689996,FLUX,-1.0584682079739827e-05,3.942659482040443e-06,,,,AT2020wey.json,1483,finite(flux) AND finite(flux_err) AND flux_err > 0,True,Measurement-level observation eligible under DEC-006; no temporal fitting window applied.
